desc: I1 cache:         32768 B, 64 B, 8-way associative
desc: D1 cache:         32768 B, 64 B, 8-way associative
desc: LL cache:         8388608 B, 64 B, 16-way associative
cmd: ./it1NC2 2000 1500 4
events: Ir I1mr ILmr Dr D1mr DLmr Dw D1mw DLmw 
fl=./csu/../csu/libc-start.c
fn=__libc_start_main@@GLIBC_2.34
128 2 1 1 2 0 0 0 0 0
134 3 0 0 1 1 0 0 0 0
135 7 0 0 3 1 0 2 0 0
138 1 0 0 1 1 0 0 0 0
139 2 0 0 0 0 0 0 0 0
142 3 1 1 2 0 0 0 0 0
143 2 0 0 2 0 0 0 0 0
144 11 1 1 1 0 0 1 0 0
145 4 0 0 1 0 0 2 0 0
242 12 1 1 0 0 0 6 0 0
343 3 0 0 0 0 0 0 0 0
344 3 0 0 0 0 0 1 0 0
369 6 1 1 2 0 0 1 0 0
372 2 0 0 0 0 0 0 0 0
375 2 0 0 2 0 0 0 0 0
382 2 0 0 1 0 0 1 0 0
384 2 0 0 0 0 0 0 0 0
392 4 0 0 0 0 0 1 0 0
fl=./csu/../sysdeps/nptl/libc_start_call_main.h
fn=(below main)
29 9 1 1 1 0 0 5 0 0
44 3 1 1 0 0 0 1 0 0
46 2 0 0 0 0 0 0 0 0
51 2 0 0 1 1 0 1 0 0
52 2 0 0 1 1 0 1 0 0
55 2 0 0 0 0 0 1 0 0
58 7 1 1 5 0 0 1 0 0
74 1 0 0 0 0 0 1 0 0
fl=./csu/./csu/init-first.c
fn=_init_first
46 4 1 1 0 0 0 1 0 0
51 2 1 1 1 0 0 0 0 0
55 5 0 0 4 2 0 0 0 0
61 1 0 0 0 0 0 1 1 0
62 1 0 0 0 0 0 1 0 0
63 2 0 0 1 1 0 1 1 1
71 2 0 0 0 0 0 0 0 0
72 2 0 0 1 0 0 0 0 0
fl=./ctype/./ctype/ctype-info.c
fn=__ctype_init
29 5 1 1 0 0 0 0 0 0
31 35 0 0 25 20 16 5 0 0
33 20 0 0 10 1 0 5 0 0
35 20 1 1 10 0 0 5 0 0
36 5 0 0 5 0 0 0 0 0
fl=./debug/./debug/printf_chk.c
fn=__printf_chk
25 38 3 3 2 0 0 26 0 0
28 8 0 0 0 0 0 0 0 0
32 12 1 1 0 0 0 8 0 0
33 8 0 0 4 1 1 2 0 0
37 10 0 0 6 0 0 0 0 0
fl=./dlfcn/./dlfcn/libc_dlerror_result.c
fn=__libc_dlerror_result_free
29 8 1 1 0 0 0 4 0 0
30 16 0 0 8 4 4 0 0 0
39 8 1 1 8 0 0 0 0 0
fl=./elf/../bits/stdlib-bsearch.h
fn=intel_check_word.constprop.0
27 102 0 0 0 0 0 0 0 0
28 51 0 0 0 0 0 0 0 0
29 971 0 0 0 0 0 0 0 0
31 690 1 1 0 0 0 0 0 0
32 345 0 0 0 0 0 0 0 0
37 63 1 1 0 0 0 0 0 0
fl=./elf/../elf/dl-sysdep.c
fn=_dl_sysdep_start
85 10 1 1 0 0 0 6 1 1
86 1 0 0 0 0 0 0 0 0
87 1 0 0 0 0 0 0 0 0
109 1 0 0 0 0 0 1 0 0
110 111 1 1 35 5 5 4 3 3
113 2 0 0 0 0 0 1 0 0
114 1 0 0 0 0 0 1 0 0
119 1 1 1 0 0 0 1 1 1
121 132 4 4 31 5 5 10 1 1
122 113 1 1 17 3 3 0 0 0
125 1 0 0 1 0 0 0 0 0
126 1 0 0 0 0 0 0 0 0
128 1 0 0 1 0 0 0 0 0
131 2 1 1 1 0 0 1 0 0
132 1 0 0 0 0 0 1 0 0
134 2 1 1 1 0 0 1 0 0
135 1 0 0 0 0 0 1 0 0
150 2 1 1 1 0 0 1 0 0
151 1 0 0 0 0 0 1 0 0
153 2 0 0 1 0 0 1 0 0
154 1 0 0 0 0 0 0 0 0
156 2 1 1 1 0 0 1 0 0
157 1 0 0 0 0 0 0 0 0
162 2 1 1 1 0 0 1 0 0
163 1 0 0 0 0 0 0 0 0
178 2 1 1 1 0 0 1 1 1
179 1 0 0 0 0 0 0 0 0
224 1 0 0 0 0 0 1 0 0
227 1 0 0 0 0 0 1 0 0
238 3 0 0 1 0 0 0 0 0
239 2 1 1 0 0 0 2 0 0
241 5 0 0 0 0 0 1 0 0
253 3 0 0 1 0 0 0 0 0
256 5 0 0 1 0 0 1 0 0
258 9 1 1 8 2 0 0 0 0
fn=_dl_sysdep_start_cleanup
262 1 1 1 0 0 0 0 0 0
263 1 0 0 1 0 0 0 0 0
fl=./elf/../elf/dl-tls.c
fn=_dl_add_to_slotinfo
1015 16 1 1 0 0 0 8 0 0
1021 2 0 0 2 0 0 0 0 0
1024 2 0 0 2 2 0 0 0 0
1025 2 0 0 0 0 0 0 0 0
1029 6 1 1 2 2 0 0 0 0
1063 4 0 0 0 0 0 0 0 0
1066 6 0 0 0 0 0 2 2 0
1067 6 0 0 2 0 0 2 0 0
1070 12 0 0 10 0 0 0 0 0
fn=_dl_allocate_tls
370 4 1 1 4 0 0 0 0 0
374 4 0 0 0 0 0 0 0 0
375 4 0 0 0 0 0 0 0 0
376 8 0 0 0 0 0 0 0 0
379 4 0 0 0 0 0 4 0 0
385 16 0 0 4 0 0 8 0 0
535 8 0 0 0 0 0 0 0 0
536 4 0 0 0 0 0 4 0 0
539 8 1 1 4 1 1 4 0 0
542 16 0 0 12 0 0 0 0 0
554 4 0 0 4 0 0 0 0 0
559 72 1 1 12 1 1 0 0 0
565 24 1 1 0 0 0 0 0 0
568 24 0 0 8 1 1 0 0 0
569 16 0 0 0 0 0 0 0 0
575 24 0 0 16 0 0 0 0 0
576 32 0 0 8 0 0 8 0 0
578 48 1 1 24 3 3 8 0 0
581 16 0 0 0 0 0 0 0 0
582 16 0 0 8 1 1 0 0 0
585 16 0 0 0 0 0 0 0 0
586 32 1 1 16 0 0 0 0 0
588 16 0 0 0 0 0 0 0 0
589 16 0 0 8 0 0 0 0 0
598 8 0 0 0 0 0 8 0 0
608 64 0 0 8 0 0 16 0 0
614 8 0 0 8 0 0 0 0 0
620 8 0 0 4 0 0 4 0 0
623 12 1 1 8 0 0 4 0 0
625 4 0 0 4 0 0 0 0 0
631 36 1 1 0 0 0 28 0 0
632 8 0 0 0 0 0 0 0 0
635 32 0 0 28 0 0 0 0 0
fn=_dl_allocate_tls_init
528 10 2 2 0 0 0 8 0 0
529 2 0 0 0 0 0 0 0 0
533 2 0 0 1 1 0 1 0 0
535 1 0 0 0 0 0 1 0 0
536 1 0 0 0 0 0 0 0 0
539 2 0 0 1 1 0 1 0 0
542 3 0 0 2 1 0 0 0 0
554 1 1 1 1 0 0 0 0 0
559 23 1 1 4 0 0 0 0 0
565 6 1 1 0 0 0 0 0 0
568 6 0 0 2 0 0 0 0 0
569 4 0 0 0 0 0 0 0 0
575 6 0 0 4 0 0 0 0 0
576 4 0 0 0 0 0 0 0 0
578 15 1 1 6 2 0 2 1 1
581 4 0 0 0 0 0 0 0 0
582 4 0 0 2 1 0 0 0 0
585 4 0 0 0 0 0 0 0 0
586 8 1 1 4 0 0 0 0 0
588 4 0 0 0 0 0 0 0 0
589 4 0 0 2 0 0 0 0 0
598 2 0 0 0 0 0 2 0 0
606 4 0 0 2 0 0 0 0 0
608 16 0 0 2 0 0 4 0 0
614 2 0 0 2 0 0 0 0 0
620 2 0 0 1 1 0 1 0 0
623 2 1 1 1 0 0 1 0 0
626 9 0 0 8 0 0 0 0 0
fn=_dl_allocate_tls_storage
370 1 0 0 1 0 0 0 0 0
374 1 0 0 0 0 0 0 0 0
375 1 0 0 0 0 0 0 0 0
376 2 0 0 0 0 0 0 0 0
379 1 0 0 0 0 0 1 1 1
385 2 0 0 0 0 0 1 0 0
422 4 1 1 0 0 0 3 0 0
424 1 0 0 1 0 0 0 0 0
435 1 0 0 1 0 0 0 0 0
436 1 0 0 0 0 0 0 0 0
437 3 0 0 0 0 0 0 0 0
445 4 1 1 0 0 0 0 0 0
446 1 0 0 0 0 0 0 0 0
450 321 1 1 0 0 0 313 39 39
469 1 0 0 0 0 0 1 1 1
475 5 0 0 4 0 0 0 0 0
fn=_dl_assign_tls_modid
131 4 1 1 0 0 0 0 0 0
134 4 0 0 2 0 0 0 0 0
147 2 1 1 2 0 0 0 0 0
186 2 0 0 0 0 0 0 0 0
188 2 0 0 0 0 0 2 0 0
191 2 0 0 0 0 0 2 0 0
192 4 0 0 2 0 0 0 0 0
fn=_dl_count_modids
197 1 1 1 0 0 0 0 0 0
199 2 0 0 1 0 0 0 0 0
200 1 0 0 1 0 0 0 0 0
215 2 0 0 1 0 0 0 0 0
fn=_dl_determine_tlsoffset
221 8 2 2 0 0 0 6 0 0
222 1 0 0 0 0 0 0 0 0
223 1 0 0 0 0 0 0 0 0
224 1 0 0 0 0 0 0 0 0
227 3 0 0 1 0 0 0 0 0
230 2 0 0 1 0 0 0 0 0
264 1 0 0 0 0 0 0 0 0
266 16 0 0 3 0 0 0 0 0
268 7 2 2 3 0 0 1 0 0
270 6 0 0 2 0 0 0 0 0
271 4 0 0 2 0 0 0 0 0
273 4 1 1 0 0 0 0 0 0
275 10 0 0 2 0 0 0 0 0
286 2 0 0 0 0 0 2 0 0
291 16 0 0 0 0 0 0 0 0
293 4 0 0 0 0 0 0 0 0
294 2 0 0 0 0 0 0 0 0
306 1 0 0 0 0 0 1 0 0
307 9 1 1 1 0 0 1 0 0
309 2 0 0 0 0 0 0 0 0
360 8 1 1 7 0 0 0 0 0
fn=_dl_tls_static_surplus_init
83 3 0 0 0 0 0 0 0 0
97 6 1 1 0 0 0 3 0 0
101 6 1 1 1 0 0 1 0 0
102 6 0 0 1 0 0 1 0 0
108 2 0 0 0 0 0 0 0 0
110 4 0 0 0 0 0 0 0 0
113 1 0 0 0 0 0 0 0 0
115 1 0 0 0 0 0 1 0 0
117 3 0 0 0 0 0 1 0 0
118 5 0 0 4 0 0 0 0 0
fl=./elf/../include/list.h
fn=__tls_init_tp
43 2 1 1 1 1 0 1 0 0
44 2 0 0 0 0 0 1 0 0
45 1 0 0 0 0 0 1 0 0
47 1 0 0 0 0 0 1 0 0
fl=./elf/../include/rtld-malloc.h
fn=__minimal_calloc
56 17 0 0 17 0 0 0 0 0
fn=_dl_allocate_tls
44 8 0 0 4 1 1 4 0 0
fn=_dl_allocate_tls_storage
44 2 0 0 1 0 0 1 0 0
56 1 0 0 1 0 0 1 0 0
fn=_dl_check_map_versions
44 18 0 0 6 0 0 6 0 0
fn=_dl_find_object_init
56 2 0 0 1 0 0 1 0 0
fn=_dl_important_hwcaps
56 3 1 1 2 0 0 3 0 0
fn=_dl_init_paths
56 5 0 0 3 0 0 3 0 0
fn=_dl_map_object_deps
56 12 0 0 6 0 0 6 0 0
fn=_dl_new_object
44 24 1 1 6 0 0 12 0 0
56 15 0 0 5 0 0 5 0 0
fn=do_lookup_x
44 12 1 1 3 1 0 4 0 0
fn=fillin_rpath.isra.0
50 6 0 0 6 0 0 3 0 0
51 3 0 0 0 0 0 0 0 0
56 6 0 0 3 0 0 3 0 0
fn=init_tls
44 2 0 0 1 0 0 1 0 0
fn=open_verify.constprop.0
50 8 0 0 4 0 0 4 0 0
fn=open_verify.constprop.1
50 2 1 1 1 0 0 1 0 0
fl=./elf/../include/scratch_buffer.h
fn=_dl_map_object_deps
77 3 0 0 0 0 0 2 1 1
78 1 0 0 0 0 0 1 0 0
85 3 1 1 2 0 0 0 0 0
131 15 0 0 0 0 0 5 0 0
fl=./elf/../misc/sbrk.c
fn=sbrk
37 5 0 0 0 0 0 2 0 0
40 1 1 1 1 0 0 0 0 0
58 2 0 0 0 0 0 0 0 0
62 2 0 0 0 0 0 0 0 0
78 5 0 0 3 0 0 0 0 0
fl=./elf/../nptl/nptl-stack.h
fn=__libc_early_init
58 8 0 0 2 1 0 0 0 0
fl=./elf/../sysdeps/generic/dl-cache.h
fn=_dl_load_cache_lookup
125 20 1 1 4 0 0 0 0 0
194 1 0 0 1 0 0 0 0 0
195 5 0 0 0 0 0 0 0 0
fl=./elf/../sysdeps/generic/dl-debug.h
fn=dl_main
29 3 0 0 1 0 0 0 0 0
30 2 0 0 1 0 0 1 0 0
fl=./elf/../sysdeps/generic/dl-hash.h
fn=__rtld_malloc_init_real
43 1 0 0 0 0 0 0 0 0
44 1 0 0 0 0 0 0 0 0
45 19 2 2 6 1 1 0 0 0
48 18 0 0 0 0 0 0 0 0
62 24 0 0 0 0 0 0 0 0
67 1 0 0 0 0 0 0 0 0
72 1 0 0 0 0 0 1 0 0
fl=./elf/../sysdeps/generic/dl-protected.h
fn=do_lookup_x
29 4188 0 0 0 0 0 0 0 0
44 14763 0 0 0 0 0 4218 0 0
fl=./elf/../sysdeps/generic/ldsodefs.h
fn=_dl_relocate_object
138 10152 0 0 3384 0 0 0 0 0
fn=_dl_start
80 3 0 0 2 0 0 0 0 0
fn=do_lookup_x
137 4188 2 2 2094 0 0 0 0 0
138 6282 0 0 0 0 0 0 0 0
fl=./elf/../sysdeps/nptl/dl-mutex.c
fn=__rtld_mutex_init
30 4 1 1 0 0 0 3 0 0
37 1 0 0 1 0 0 0 0 0
40 7 1 1 0 0 0 1 0 0
44 2 0 0 0 0 0 0 0 0
45 9 0 0 3 0 0 1 0 0
47 6 1 1 0 0 0 1 0 0
51 2 0 0 0 0 0 0 0 0
52 7 0 0 3 0 0 1 0 0
53 4 0 0 4 0 0 0 0 0
fl=./elf/../sysdeps/nptl/dl-tls_init_tp.c
fn=__tls_init_tp
68 3 0 0 0 0 0 1 0 0
69 1 0 0 1 0 0 0 0 0
72 1 0 0 0 0 0 0 0 0
75 4 1 1 0 0 0 1 0 0
76 2 0 0 0 0 0 1 0 0
77 1 0 0 0 0 0 1 0 0
82 2 0 0 1 0 0 1 0 0
87 4 0 0 0 0 0 1 0 0
90 1 1 1 0 0 0 1 0 0
93 3 0 0 0 0 0 0 0 0
106 4 0 0 0 0 0 1 0 0
123 3 0 0 2 1 0 1 0 0
130 2 1 1 1 0 0 1 0 0
132 1 0 0 0 0 0 1 0 0
133 1 0 0 0 0 0 1 0 0
134 3 0 0 2 0 0 0 0 0
fn=__tls_pre_init_tp
53 3 1 1 0 0 0 0 0 0
56 10 1 1 0 0 0 3 1 1
61 2 0 0 0 0 0 1 0 0
62 1 0 0 0 0 0 1 0 0
64 1 0 0 1 0 0 0 0 0
fn=rtld_mutex_dummy
42 258 0 0 0 0 0 0 0 0
44 516 0 0 258 0 0 0 0 0
fl=./elf/../sysdeps/nptl/pthread_early_init.h
fn=__libc_early_init
33 6 0 0 0 0 0 1 0 0
34 6 0 0 1 0 0 0 0 0
45 2 1 1 2 1 0 0 0 0
46 1 0 0 0 0 0 0 0 0
52 7 1 1 0 0 0 1 0 0
53 1 0 0 0 0 0 1 0 0
54 1 0 0 0 0 0 1 1 1
57 1 0 0 0 0 0 1 0 0
fl=./elf/../sysdeps/posix/dl-fileid.h
fn=_dl_map_object_from_fd
37 25 1 1 5 0 0 5 0 0
40 20 1 1 15 0 0 5 0 0
49 69 1 1 33 1 1 0 0 0
fl=./elf/../sysdeps/unix/sysv/linux/brk.c
fn=brk
35 1 1 1 0 0 0 0 0 0
36 3 0 0 0 0 0 1 1 1
37 2 0 0 0 0 0 0 0 0
43 1 0 0 0 0 0 0 0 0
44 1 0 0 1 0 0 0 0 0
fl=./elf/../sysdeps/unix/sysv/linux/dl-osinfo.h
fn=dl_main
64 2 0 0 1 1 0 0 0 0
fl=./elf/../sysdeps/unix/sysv/linux/dl-sysdep.c
fn=_dl_discover_osversion
46 5 1 1 0 0 0 3 0 0
48 3 0 0 1 0 0 0 0 0
88 4 1 1 0 0 0 1 1 1
103 1 0 0 0 0 0 0 0 0
107 1 0 0 0 0 0 0 0 0
108 1 0 0 0 0 0 0 0 0
110 12 1 1 3 1 1 0 0 0
112 6 0 0 0 0 0 0 0 0
114 26 0 0 6 0 0 0 0 0
116 3 0 0 0 0 0 0 0 0
117 12 0 0 0 0 0 0 0 0
120 3 1 1 0 0 0 0 0 0
121 3 0 0 0 0 0 0 0 0
122 3 0 0 0 0 0 0 0 0
124 15 0 0 0 0 0 0 0 0
133 5 0 0 4 0 0 0 0 0
fn=_dl_sysdep_start
36 2 0 0 0 0 0 1 0 0
fl=./elf/../sysdeps/unix/sysv/linux/dl-vdso-setup.h
fn=dl_main
30 3 1 1 0 0 0 2 0 0
33 1 1 1 0 0 0 1 0 0
36 1 0 0 0 0 0 1 0 0
39 1 0 0 0 0 0 1 0 0
45 1 1 1 0 0 0 1 0 0
fl=./elf/../sysdeps/unix/sysv/linux/dl-vdso.h
fn=dl_main
40 1 1 1 1 0 0 0 0 0
41 2 0 0 0 0 0 0 0 0
55 2 0 0 0 0 0 0 0 0
fl=./elf/../sysdeps/unix/sysv/linux/rseq-internal.h
fn=__tls_init_tp
32 3 0 0 1 0 0 0 0 0
34 7 1 1 0 0 0 0 0 0
37 2 0 0 0 0 0 0 0 0
40 1 0 0 0 0 0 1 0 0
fl=./elf/../sysdeps/unix/sysv/linux/x86/cpu-features.c
fn=init_cpu_features.constprop.0
27 6 0 0 0 0 0 0 0 0
fl=./elf/../sysdeps/unix/sysv/linux/x86/dl-minsigstacksize.h
fn=get_common_indices.constprop.0
24 2 1 1 1 0 0 0 0 0
27 2 0 0 1 0 0 0 0 0
28 2 0 0 1 0 0 0 0 0
65 3 0 0 0 0 0 0 0 0
72 1 0 0 0 0 0 0 0 0
74 1 1 1 0 0 0 1 0 0
fl=./elf/../sysdeps/x86/cpu-features.c
fn=get_common_indices.constprop.0
325 1 1 1 0 0 0 1 0 0
329 4 0 0 0 0 0 0 0 0
332 5 1 1 0 0 0 3 0 0
336 1 0 0 0 0 0 1 0 0
337 4 0 0 0 0 0 1 0 0
338 4 0 0 0 0 0 1 0 0
339 4 0 0 0 0 0 1 0 0
340 3 0 0 0 0 0 1 0 0
341 2 0 0 1 0 0 0 0 0
348 2 1 1 1 0 0 0 0 0
350 9 0 0 0 0 0 4 1 1
355 8 0 0 0 0 0 4 1 1
362 2 1 1 1 0 0 0 0 0
363 7 1 1 0 0 0 4 1 1
369 2 0 0 1 0 0 0 0 0
384 2 0 0 2 0 0 0 0 0
fn=init_cpu_features.constprop.0
303 3 0 0 0 0 0 0 0 0
304 2 0 0 0 0 0 0 0 0
305 6 1 1 0 0 0 4 0 0
310 2 0 0 0 0 0 0 0 0
311 6 0 0 0 0 0 4 0 0
316 2 0 0 0 0 0 0 0 0
317 6 1 1 0 0 0 4 0 0
399 7 2 2 0 0 0 6 0 0
402 1 0 0 0 0 0 1 1 1
403 1 0 0 0 0 0 1 0 0
404 1 0 0 0 0 0 1 0 0
415 3 0 0 0 0 0 1 0 0
418 6 1 1 0 0 0 0 0 0
419 1 1 1 0 0 0 0 0 0
422 2 0 0 0 0 0 0 0 0
424 6 2 2 0 0 0 1 1 1
429 1 0 0 0 0 0 1 0 0
431 3 0 0 1 0 0 0 0 0
433 4 1 1 2 0 0 1 0 0
434 15 2 2 0 0 0 0 0 0
489 3 1 1 1 0 0 0 0 0
503 1 0 0 1 0 0 0 0 0
513 11 1 1 1 1 1 0 0 0
516 1 0 0 1 0 0 0 0 0
555 1 0 0 1 0 0 0 0 0
556 1 0 0 0 0 0 0 0 0
564 2 1 1 1 0 0 0 0 0
571 2 0 0 1 0 0 0 0 0
573 1 0 0 1 0 0 0 0 0
577 2 0 0 1 0 0 0 0 0
583 2 0 0 1 0 0 0 0 0
593 1 1 1 0 0 0 0 0 0
687 5 1 1 1 0 0 0 0 0
688 1 0 0 1 0 0 0 0 0
691 2 0 0 0 0 0 0 0 0
692 1 0 0 1 0 0 0 0 0
698 1 0 0 0 0 0 1 0 0
699 1 0 0 0 0 0 1 0 0
701 1 0 0 0 0 0 1 0 0
706 4 0 0 0 0 0 1 0 0
710 3 1 1 1 0 0 0 0 0
723 2 0 0 0 0 0 0 0 0
724 4 0 0 1 0 0 0 0 0
770 1 0 0 0 0 0 1 0 0
771 2 1 1 1 0 0 0 0 0
775 3 1 1 1 0 0 0 0 0
792 2 1 1 0 0 0 0 0 0
793 2 0 0 0 0 0 0 0 0
795 3 1 1 0 0 0 0 0 0
796 2 0 0 1 0 0 0 0 0
798 3 0 0 0 0 0 0 0 0
799 2 0 0 0 0 0 0 0 0
802 2 0 0 0 0 0 1 0 0
817 4 1 1 0 0 0 1 0 0
819 4 0 0 0 0 0 1 0 0
829 2 1 1 1 0 0 0 0 0
874 8 0 0 7 0 0 0 0 0
fn=update_active.constprop.0
43 7 1 1 0 0 0 6 1 1
47 1 0 0 1 0 0 0 0 0
55 3 0 0 1 0 0 0 0 0
56 3 0 0 0 0 0 0 0 0
57 1 0 0 1 0 0 0 0 0
65 4 1 1 1 0 0 1 0 0
66 1 0 0 1 0 0 0 0 0
74 4 1 1 1 0 0 1 0 0
75 1 0 0 1 0 0 0 0 0
76 3 0 0 0 0 0 1 0 0
80 4 0 0 0 0 0 1 0 0
83 3 0 0 1 0 0 0 0 0
84 1 0 0 1 0 0 0 0 0
87 3 0 0 1 0 0 0 0 0
88 2 0 0 1 0 0 1 1 1
92 8 1 1 1 0 0 2 0 0
93 3 0 0 2 0 0 0 0 0
94 3 1 1 2 0 0 0 0 0
95 1 0 0 1 0 0 0 0 0
97 4 0 0 1 0 0 1 0 0
98 3 1 1 2 1 1 0 0 0
100 2 0 0 0 0 0 0 0 0
101 4 0 0 0 0 0 1 0 0
104 4 0 0 0 0 0 1 0 0
105 4 1 1 0 0 0 1 0 0
109 2 0 0 0 0 0 0 0 0
113 2 0 0 0 0 0 0 0 0
115 4 0 0 0 0 0 0 0 0
119 2 1 1 0 0 0 0 0 0
121 1 0 0 0 0 0 0 0 0
124 2 1 1 0 0 0 0 0 0
126 2 0 0 0 0 0 1 0 0
130 1 0 0 0 0 0 0 0 0
131 1 0 0 1 1 1 0 0 0
134 4 0 0 0 0 0 1 0 0
140 4 0 0 0 0 0 1 0 0
142 4 1 1 2 0 0 1 0 0
144 3 0 0 0 0 0 1 0 0
149 4 0 0 0 0 0 0 0 0
198 3 0 0 0 0 0 0 0 0
210 2 0 0 0 0 0 1 0 0
211 1 0 0 1 0 0 0 0 0
214 4 1 1 1 0 0 1 0 0
218 2 0 0 1 0 0 0 0 0
222 3 1 1 0 0 0 0 0 0
223 2 0 0 0 0 0 0 0 0
225 1 0 0 0 0 0 0 0 0
226 1 0 0 0 0 0 0 0 0
229 2 0 0 0 0 0 1 0 0
231 1 0 0 0 0 0 1 0 0
234 2 0 0 0 0 0 0 0 0
285 3 0 0 1 0 0 0 0 0
289 3 0 0 1 0 0 0 0 0
296 1 0 0 0 0 0 1 0 0
297 8 0 0 7 0 0 0 0 0
fl=./elf/../sysdeps/x86/dl-cacheinfo.h
fn=get_common_cache_info.constprop.0
481 9 1 1 0 0 0 6 0 0
496 1 0 0 1 0 0 0 0 0
497 1 0 0 1 0 0 0 0 0
498 2 0 0 1 0 0 1 0 0
499 1 0 0 1 0 0 0 0 0
505 1 0 0 0 0 0 1 0 0
507 8 1 1 3 0 0 2 0 0
510 4 1 1 0 0 0 2 0 0
521 1 0 0 0 0 0 0 0 0
526 3 0 0 1 0 0 0 0 0
530 2 0 0 0 0 0 0 0 0
535 6 1 1 1 0 0 1 0 0
538 23 2 2 0 0 0 0 0 0
545 8 0 0 0 0 0 0 0 0
548 26 0 0 0 0 0 0 0 0
553 2 1 1 0 0 0 0 0 0
557 3 0 0 0 0 0 0 0 0
558 1 0 0 0 0 0 0 0 0
562 6 0 0 0 0 0 0 0 0
566 3 0 0 0 0 0 0 0 0
569 4 0 0 0 0 0 1 0 0
570 1 0 0 0 0 0 0 0 0
575 4 0 0 0 0 0 0 0 0
581 4 0 0 0 0 0 0 0 0
589 7 0 0 1 0 0 0 0 0
591 2 0 0 0 0 0 0 0 0
593 5 0 0 0 0 0 0 0 0
595 12 1 1 0 0 0 0 0 0
597 1 0 0 0 0 0 0 0 0
598 1 0 0 0 0 0 0 0 0
599 9 0 0 1 0 0 0 0 0
601 4 1 1 0 0 0 0 0 0
604 2 0 0 0 0 0 0 0 0
609 1 0 0 0 0 0 0 0 0
611 5 0 0 0 0 0 0 0 0
612 3 0 0 0 0 0 0 0 0
613 1 1 1 0 0 0 0 0 0
616 2 0 0 0 0 0 0 0 0
619 2 1 1 0 0 0 0 0 0
626 1 0 0 0 0 0 0 0 0
628 4 0 0 0 0 0 0 0 0
629 1 0 0 0 0 0 0 0 0
634 2 1 1 0 0 0 0 0 0
639 2 0 0 0 0 0 0 0 0
640 1 0 0 0 0 0 0 0 0
641 2 0 0 0 0 0 0 0 0
642 3 0 0 0 0 0 0 0 0
643 2 0 0 1 0 0 0 0 0
681 4 1 1 0 0 0 0 0 0
682 5 0 0 0 0 0 0 0 0
686 2 0 0 1 0 0 0 0 0
693 1 0 0 0 0 0 1 0 0
694 1 0 0 0 0 0 1 0 0
695 7 0 0 7 0 0 0 0 0
fn=handle_intel.constprop.0
250 96 0 0 0 0 0 72 0 0
255 24 1 1 12 0 0 0 0 0
261 24 0 0 0 0 0 12 0 0
263 12 0 0 0 0 0 12 0 0
264 36 1 1 0 0 0 12 0 0
266 15 0 0 1 0 0 0 0 0
272 60 0 0 0 0 0 12 0 0
277 24 0 0 0 0 0 0 0 0
279 24 0 0 0 0 0 12 0 0
280 12 0 0 0 0 0 0 0 0
284 48 1 1 0 0 0 12 1 1
286 24 0 0 0 0 0 0 0 0
289 60 0 0 0 0 0 12 0 0
291 24 0 0 0 0 0 0 0 0
294 5 0 0 0 0 0 1 0 0
296 2 0 0 0 0 0 0 0 0
299 5 0 0 1 0 0 1 0 0
301 2 0 0 0 0 0 0 0 0
305 3 0 0 0 0 0 0 0 0
310 96 1 1 84 0 0 0 0 0
fn=init_cpu_features.constprop.0
706 1 0 0 0 0 0 1 0 0
708 1 1 1 0 0 0 1 0 0
722 2 0 0 0 0 0 0 0 0
724 5 1 1 0 0 0 3 1 1
725 3 0 0 0 0 0 1 0 0
726 4 1 1 0 0 0 2 0 0
729 3 0 0 0 0 0 2 0 0
731 3 0 0 0 0 0 2 0 0
732 1 0 0 0 0 0 1 0 0
734 3 0 0 0 0 0 2 0 0
736 3 0 0 0 0 0 2 0 0
737 1 0 0 0 0 0 1 0 0
739 3 1 1 0 0 0 2 0 0
741 3 0 0 0 0 0 2 0 0
744 3 0 0 0 0 0 2 0 0
746 3 0 0 0 0 0 1 0 0
748 3 1 1 0 0 0 2 0 0
750 4 0 0 0 0 0 1 0 0
840 18 3 3 10 0 0 6 2 2
863 15 1 1 2 0 0 1 0 0
885 2 0 0 1 0 0 0 0 0
886 1 0 0 1 0 0 0 0 0
893 11 2 2 0 0 0 0 0 0
910 4 1 1 1 0 0 0 0 0
923 4 0 0 1 0 0 1 0 0
931 5 0 0 1 0 0 1 0 0
933 2 1 1 0 0 0 0 0 0
936 5 0 0 1 0 0 1 0 0
938 4 0 0 1 0 0 1 0 0
941 5 1 1 1 0 0 1 0 0
942 5 0 0 0 0 0 1 0 0
946 6 1 1 1 0 0 2 0 0
947 3 0 0 1 0 0 0 0 0
953 8 0 0 3 0 0 2 0 0
956 15 2 2 1 0 0 6 0 0
957 9 1 1 1 0 0 4 0 0
958 12 1 1 1 0 0 5 0 0
961 8 0 0 0 0 0 4 0 0
963 8 1 1 0 0 0 4 0 0
967 7 1 1 4 0 0 3 0 0
970 1 0 0 0 0 0 0 0 0
fn=intel_check_word.constprop.0
110 690 0 0 345 8 8 0 0 0
113 345 0 0 0 0 0 0 0 0
119 104 0 0 0 0 0 78 0 0
123 78 1 1 0 0 0 0 0 0
125 15 0 0 0 0 0 0 0 0
129 156 0 0 0 0 0 0 0 0
131 154 1 1 0 0 0 0 0 0
133 63 1 1 0 0 0 0 0 0
135 126 0 0 0 0 0 0 0 0
143 126 0 0 0 0 0 0 0 0
152 54 1 1 0 0 0 0 0 0
155 120 2 2 0 0 0 0 0 0
158 99 0 0 0 0 0 0 0 0
162 64 0 0 0 0 0 0 0 0
164 186 0 0 0 0 0 0 0 0
166 84 0 0 0 0 0 0 0 0
168 44 0 0 0 0 0 0 0 0
169 32 0 0 0 0 0 0 0 0
170 10 0 0 0 0 0 0 0 0
172 11 1 1 0 0 0 0 0 0
174 22 0 0 0 0 0 0 0 0
176 12 1 1 0 0 0 0 0 0
177 16 0 0 0 0 0 0 0 0
178 12 1 1 0 0 0 0 0 0
179 20 0 0 0 0 0 0 0 0
180 14 0 0 0 0 0 0 0 0
181 12 1 1 0 0 0 0 0 0
183 8 0 0 0 0 0 0 0 0
184 12 0 0 0 0 0 0 0 0
187 21 0 0 0 0 0 0 0 0
194 204 0 0 0 0 0 0 0 0
202 200 0 0 50 0 0 0 0 0
216 51 0 0 0 0 0 0 0 0
246 104 0 0 104 0 0 0 0 0
fl=./elf/../sysdeps/x86/dl-cet.c
fn=_dl_cet_check
41 2 0 0 0 0 0 0 0 0
42 1 0 0 1 1 1 0 0 0
44 1 0 0 0 0 0 0 0 0
45 1 0 0 0 0 0 0 0 0
48 4 1 1 0 0 0 0 0 0
49 2 0 0 0 0 0 0 0 0
51 1 0 0 1 0 0 0 0 0
62 2 0 0 0 0 0 0 0 0
252 8 1 1 0 0 0 6 0 0
254 8 1 1 7 0 0 0 0 0
fl=./elf/../sysdeps/x86/dl-get-cpu-features.c
fn=__x86_cpu_features
39 3 0 0 1 1 0 0 0 0
71 3 1 0 1 0 0 0 0 0
fn=_dl_x86_init_cpu_features
37 1 1 1 0 0 0 0 0 0
39 3 0 0 1 0 0 0 0 0
41 1 1 1 0 0 0 0 0 0
fl=./elf/../sysdeps/x86/dl-hwcap.h
fn=_dl_important_hwcaps
57 3 0 0 0 0 0 0 0 0
fl=./elf/../sysdeps/x86/dl-procinfo.h
fn=_dl_load_cache_lookup
39 8 1 1 0 0 0 0 0 0
42 28 0 0 0 0 0 12 1 1
fl=./elf/../sysdeps/x86/dl-prop.h
fn=_dl_map_object_from_fd
95 40 0 0 20 0 0 0 0 0
100 5 0 0 0 0 0 0 0 0
101 10 0 0 0 0 0 5 0 0
102 5 1 1 0 0 0 5 0 0
103 5 0 0 0 0 0 0 0 0
105 35 0 0 0 0 0 0 0 0
108 15 1 1 5 0 0 0 0 0
109 10 0 0 5 0 0 0 0 0
110 10 0 0 5 0 0 0 0 0
114 15 0 0 5 0 0 0 0 0
118 15 0 0 0 0 0 5 0 0
121 15 1 1 5 0 0 0 0 0
122 10 0 0 0 0 0 0 0 0
126 5 0 0 0 0 0 0 0 0
127 20 0 0 0 0 0 5 0 0
131 18 1 1 7 0 0 0 0 0
132 7 0 0 7 0 0 0 0 0
135 14 0 0 0 0 0 0 0 0
138 7 0 0 0 0 0 0 0 0
139 28 0 0 0 0 0 0 0 0
144 14 1 1 0 0 0 0 0 0
146 28 0 0 0 0 0 0 0 0
151 14 0 0 0 0 0 0 0 0
164 14 0 0 0 0 0 0 0 0
165 17 0 0 7 3 3 5 0 0
166 4 0 0 0 0 0 0 0 0
170 6 0 0 2 0 0 2 0 0
185 15 0 0 0 0 0 0 0 0
187 20 0 0 0 0 0 0 0 0
192 5 0 0 0 0 0 0 0 0
193 20 0 0 0 0 0 0 0 0
198 20 0 0 5 0 0 0 0 0
200 20 0 0 5 0 0 5 0 0
201 5 0 0 0 0 0 5 0 0
203 5 0 0 0 0 0 5 0 0
212 15 0 0 10 0 0 0 0 0
213 5 0 0 5 0 0 0 0 0
fn=dl_main
36 1 1 1 1 0 0 0 0 0
37 24 1 1 0 0 0 0 0 0
40 8 0 0 8 0 0 0 0 0
49 47 0 0 13 0 0 0 0 0
53 39 0 0 7 1 0 0 0 0
71 3 0 0 0 0 0 1 0 0
95 8 0 0 4 0 0 0 0 0
100 1 1 1 0 0 0 0 0 0
101 2 0 0 0 0 0 1 0 0
102 1 0 0 0 0 0 1 0 0
103 1 0 0 0 0 0 0 0 0
105 9 0 0 0 0 0 1 0 0
108 3 1 1 1 0 0 0 0 0
109 2 0 0 1 0 0 0 0 0
110 2 0 0 1 0 0 0 0 0
114 3 0 0 1 0 0 0 0 0
118 3 0 0 0 0 0 1 0 0
121 3 1 1 1 0 0 0 0 0
122 2 0 0 0 0 0 0 0 0
126 1 0 0 0 0 0 0 0 0
127 4 0 0 0 0 0 1 0 0
131 6 1 1 2 0 0 0 0 0
132 2 0 0 2 0 0 0 0 0
135 4 0 0 0 0 0 0 0 0
138 2 0 0 0 0 0 0 0 0
139 8 0 0 0 0 0 0 0 0
144 4 1 1 0 0 0 0 0 0
146 8 0 0 0 0 0 0 0 0
151 4 0 0 0 0 0 0 0 0
164 4 0 0 0 0 0 0 0 0
165 4 0 0 2 0 0 1 0 0
166 2 0 0 0 0 0 0 0 0
170 3 1 1 1 0 0 1 0 0
185 3 0 0 0 0 0 0 0 0
187 4 0 0 0 0 0 0 0 0
192 1 0 0 0 0 0 0 0 0
193 4 0 0 0 0 0 0 0 0
198 4 1 1 1 0 0 0 0 0
200 4 0 0 1 0 0 1 0 0
201 1 0 0 0 0 0 1 0 0
203 2 0 0 0 0 0 1 0 0
212 5 0 0 4 0 0 0 0 0
213 2 0 0 2 0 0 0 0 0
fl=./elf/../sysdeps/x86/get-isa-level.h
fn=_dl_hwcaps_subdirs_active
30 2 0 0 0 0 0 0 0 0
31 3 1 1 1 0 0 0 0 0
32 3 0 0 1 0 0 0 0 0
36 3 0 0 0 0 0 0 0 0
39 4 0 0 1 0 0 0 0 0
40 4 1 1 1 0 0 0 0 0
45 4 0 0 0 0 0 0 0 0
48 2 0 0 0 0 0 0 0 0
49 3 0 0 1 0 0 0 0 0
51 4 1 1 0 0 0 0 0 0
52 2 0 0 0 0 0 0 0 0
53 2 0 0 0 0 0 0 0 0
56 2 0 0 0 0 0 0 0 0
59 2 0 0 0 0 0 0 0 0
fn=update_active.constprop.0
28 1 0 0 0 0 0 0 0 0
30 2 0 0 0 0 0 0 0 0
31 2 1 1 0 0 0 0 0 0
32 3 0 0 0 0 0 0 0 0
36 3 0 0 0 0 0 0 0 0
38 1 0 0 0 0 0 0 0 0
39 3 1 1 1 0 0 0 0 0
40 4 0 0 1 0 0 0 0 0
45 4 1 1 0 0 0 0 0 0
47 1 0 0 0 0 0 0 0 0
48 2 0 0 0 0 0 0 0 0
49 3 0 0 1 0 0 0 0 0
51 4 1 1 0 0 0 0 0 0
52 2 0 0 0 0 0 0 0 0
53 2 0 0 0 0 0 0 0 0
55 1 0 0 0 0 0 0 0 0
56 2 0 0 0 0 0 0 0 0
59 2 0 0 0 0 0 0 0 0
fl=./elf/../sysdeps/x86_64/dl-hwcaps-subdirs.c
fn=_dl_hwcaps_subdirs_active
29 1 1 1 0 0 0 0 0 0
38 3 0 0 0 0 0 0 0 0
43 1 0 0 0 0 0 0 0 0
48 1 0 0 0 0 0 0 0 0
52 1 0 0 1 0 0 0 0 0
fl=./elf/../sysdeps/x86_64/dl-machine.h
fn=_dl_fixup
229 9 0 0 0 0 0 9 0 0
fn=_dl_relocate_object
71 24 0 0 6 0 0 0 0 0
77 16 0 0 12 3 0 0 0 0
81 12 0 0 4 4 4 0 0 0
87 4 0 0 0 0 0 4 0 0
95 12 1 1 4 0 0 0 0 0
115 8 0 0 4 0 0 0 0 0
117 8 0 0 0 0 0 4 0 0
119 20 0 0 4 2 0 0 0 0
262 6802 0 0 0 0 0 0 0 0
283 6802 0 0 0 0 0 0 0 0
287 6802 0 0 0 0 0 0 0 0
294 141294 11 11 33237 1781 1327 15962 4 0
296 27098 4 4 10164 7 0 0 0 0
299 13531 1 1 3369 0 0 0 0 0
300 4 0 0 0 0 0 0 0 0
301 5 0 0 1 0 0 0 0 0
304 2 0 0 0 0 0 0 0 0
305 3 1 1 1 0 0 0 0 0
316 4 1 1 0 0 0 2 0 0
323 4 0 0 2 0 0 1 0 0
326 20406 0 0 3401 8 3 0 0 0
360 6 1 1 0 0 0 0 0 0
361 9 0 0 6 2 0 3 1 1
368 6 0 0 2 0 0 0 0 0
370 4 0 0 4 1 1 0 0 0
379 4 0 0 2 0 0 2 1 0
422 54 1 1 18 0 0 0 0 0
426 72 0 0 18 0 0 0 0 0
431 54 0 0 36 2 2 0 0 0
440 36 0 0 18 0 0 18 6 6
450 10125 2 2 6748 422 421 3377 1169 432
474 28 0 0 0 0 0 7 0 0
484 18 0 0 0 0 0 6 0 0
490 3 1 1 1 0 0 0 0 0
494 4 1 1 1 0 0 2 0 0
495 4 0 0 2 0 0 0 0 0
496 4 0 0 3 0 0 0 0 0
497 1 0 0 0 0 0 0 0 0
507 4 0 0 4 0 0 0 0 0
508 6 1 1 2 0 0 0 0 0
509 2 0 0 0 0 0 2 0 0
510 4 0 0 2 0 0 2 1 0
529 6318 0 0 2106 263 263 0 0 0
530 2106 1 1 0 0 0 2106 476 467
534 4212 0 0 0 0 0 0 0 0
535 4212 0 0 2106 264 264 0 0 0
545 2346 0 0 1173 0 0 0 0 0
549 2232 0 0 0 0 0 0 0 0
552 3348 0 0 1116 0 0 0 0 0
553 1116 0 0 1116 145 143 0 0 0
579 114 0 0 114 0 0 0 0 0
581 57 0 0 0 0 0 57 0 0
582 57 0 0 0 0 0 57 1 1
fn=_dl_start
45 1 0 0 0 0 0 0 0 0
71 1 0 0 1 0 0 0 0 0
287 21 0 0 0 0 0 0 0 0
296 70 1 1 28 7 7 0 0 0
299 14 0 0 0 0 0 0 0 0
326 47 2 2 0 0 0 0 0 0
346 12 1 1 6 1 1 6 2 2
347 6 0 0 0 0 0 0 0 0
414 1 1 1 0 0 0 0 0 0
534 284 0 0 142 18 18 0 0 0
535 426 0 0 142 18 18 142 20 20
fn=_dl_sysdep_start
215 1 0 0 0 0 0 1 0 0
fl=./elf/../sysdeps/x86_64/dl-runtime.h
fn=_dl_fixup
28 9 0 0 0 0 0 0 0 0
fl=./elf/../sysdeps/x86_64/dl-trampoline.h
fn=_dl_runtime_resolve_xsave
67 9 1 1 0 0 0 0 0 0
72 9 0 0 0 0 0 9 0 0
75 9 0 0 0 0 0 0 0 0
77 9 0 0 0 0 0 0 0 0
87 9 0 0 9 2 2 0 0 0
93 9 0 0 0 0 0 9 3 3
94 9 0 0 0 0 0 9 0 0
95 9 2 2 0 0 0 9 0 0
96 9 0 0 0 0 0 9 0 0
97 9 0 0 0 0 0 9 0 0
98 9 0 0 0 0 0 9 0 0
99 9 0 0 0 0 0 9 0 0
103 9 0 0 0 0 0 0 0 0
104 9 0 0 0 0 0 0 0 0
107 9 0 0 0 0 0 9 2 1
108 9 0 0 0 0 0 9 0 0
110 9 0 0 0 0 0 9 0 0
111 9 0 0 0 0 0 9 0 0
112 9 1 1 0 0 0 9 0 0
113 9 0 0 0 0 0 9 0 0
114 9 0 0 0 0 0 9 0 0
115 9 0 0 0 0 0 9 0 0
117 9 0 0 9 0 0 297 21 14
124 9 0 0 9 0 0 0 0 0
125 9 0 0 9 0 0 0 0 0
126 9 0 0 0 0 0 9 3 2
127 9 0 0 0 0 0 0 0 0
132 9 0 0 0 0 0 0 0 0
133 9 0 0 0 0 0 0 0 0
134 9 0 0 324 0 0 0 0 0
136 9 1 1 9 0 0 0 0 0
137 9 0 0 9 0 0 0 0 0
138 9 0 0 9 0 0 0 0 0
139 9 0 0 9 0 0 0 0 0
140 9 0 0 9 0 0 0 0 0
141 9 0 0 9 0 0 0 0 0
142 9 0 0 9 0 0 0 0 0
144 9 0 0 0 0 0 0 0 0
146 9 0 0 9 0 0 0 0 0
150 9 0 0 0 0 0 0 0 0
152 9 0 0 0 0 0 0 0 0
fl=./elf/./dl-find_object.h
fn=_dl_find_object_from_map
95 14 1 1 7 4 0 7 2 1
96 14 1 1 7 1 0 7 0 0
97 7 0 0 0 0 0 7 3 3
103 35 0 0 14 7 0 0 0 0
104 200 0 0 0 0 0 0 0 0
105 138 1 1 69 59 8 0 0 0
107 21 0 0 14 2 0 7 0 0
112 7 0 0 7 0 0 0 0 0
fl=./elf/./dl-hwcaps.h
fn=_dl_important_hwcaps
54 12 2 2 3 0 0 6 0 0
56 8 0 0 2 0 0 6 0 0
57 1 0 0 0 0 0 0 0 0
88 9 1 1 4 0 0 5 0 0
89 8 0 0 3 0 0 5 0 0
90 6 0 0 0 0 0 0 0 0
fl=./elf/./dl-load.h
fn=_dl_map_object_from_fd
91 40 0 0 0 0 0 0 0 0
92 15 0 0 10 0 0 5 0 0
94 40 1 1 20 2 2 0 0 0
95 20 1 1 12 0 0 0 0 0
96 24 0 0 8 0 0 0 0 0
97 16 1 1 4 0 0 0 0 0
99 16 0 0 0 0 0 4 0 0
fl=./elf/./dl-main.h
fn=dl_main
109 5 1 1 4 0 0 1 0 0
fl=./elf/./dl-map-segments.h
fn=_dl_map_object_from_fd
28 15 0 0 10 0 0 0 0 0
29 45 1 1 20 0 0 10 0 0
96 10 0 0 5 0 0 0 0 0
102 5 0 0 0 0 0 5 0 0
103 15 0 0 5 0 0 0 0 0
106 15 1 1 5 0 0 5 0 0
107 10 0 0 0 0 0 5 0 0
109 10 0 0 5 0 0 0 0 0
116 16 0 0 6 0 0 2 0 0
119 14 0 0 2 0 0 2 0 0
126 5 1 1 5 0 0 0 0 0
128 5 0 0 0 0 0 0 0 0
136 100 0 0 0 0 0 0 0 0
138 60 0 0 30 0 0 0 0 0
140 165 1 1 60 0 0 30 0 0
141 15 0 0 15 0 0 0 0 0
150 80 0 0 40 0 0 0 0 0
156 5 0 0 5 0 0 0 0 0
157 5 0 0 5 0 0 0 0 0
158 25 0 0 5 0 0 0 0 0
159 10 0 0 0 0 0 0 0 0
166 10 1 1 0 0 0 0 0 0
169 10 0 0 0 0 0 0 0 0
177 35 0 0 0 0 0 15 0 0
178 10 0 0 10 0 0 0 0 0
183 10 0 0 0 0 0 0 0 0
187 16 1 1 0 0 0 2 0 0
190 4 0 0 0 0 0 0 0 0
195 20 1 1 0 0 0 0 0 0
fl=./elf/./dl-sym-post.h
fn=lookup_malloc_symbol
41 8 0 0 0 0 0 0 0 0
53 12 0 0 4 0 0 0 0 0
fl=./elf/./dl-tunable-types.h
fn=__GI___tunable_set_val
90 10 0 0 0 0 0 0 0 0
fl=./elf/./elf/dl-audit.c
fn=_dl_audit_activity_map
28 6 1 1 0 0 0 4 0 0
29 1 0 0 1 0 0 0 0 0
30 3 1 1 1 0 0 0 0 0
36 6 1 1 5 0 0 0 0 0
fn=_dl_audit_activity_nsid
40 18 2 2 0 0 0 12 0 0
44 12 0 0 3 0 0 0 0 0
45 3 0 0 3 1 1 0 0 0
46 12 2 2 0 0 0 0 0 0
50 18 0 0 15 0 0 0 0 0
fn=_dl_audit_objclose
96 7 1 1 0 0 0 0 0 0
97 28 0 0 14 0 0 0 0 0
fn=_dl_audit_objopen
76 5 1 1 0 0 0 0 0 0
77 20 0 0 10 0 0 0 0 0
fn=_dl_audit_preinit
117 1 1 1 0 0 0 0 0 0
118 4 0 0 2 1 0 0 0 0
fl=./elf/./elf/dl-cache.c
fn=_dl_cache_libcmp
370 132 1 1 0 0 0 0 0 0
371 574 1 1 44 0 0 0 0 0
373 771 0 0 0 0 0 0 0 0
375 273 1 1 0 0 0 0 0 0
381 24 0 0 0 0 0 0 0 0
382 24 0 0 0 0 0 0 0 0
383 245 0 0 221 0 0 0 0 0
385 245 0 0 221 1 1 0 0 0
387 16 0 0 0 0 0 0 0 0
393 498 0 0 0 0 0 0 0 0
395 498 0 0 0 0 0 0 0 0
396 108 1 1 36 0 0 0 0 0
399 213 0 0 0 0 0 0 0 0
400 213 0 0 0 0 0 0 0 0
403 68 0 0 52 33 33 0 0 0
fn=_dl_load_cache_lookup
194 72 0 0 0 0 0 0 0 0
208 4 0 0 4 0 0 0 0 0
212 32 2 2 4 0 0 12 0 0
218 48 1 1 16 0 0 16 0 0
219 8 0 0 0 0 0 0 0 0
221 20 0 0 0 0 0 0 0 0
228 88 1 1 20 0 0 8 0 0
230 128 0 0 40 0 0 0 0 0
231 72 0 0 36 30 30 0 0 0
235 72 0 0 36 0 0 0 0 0
239 108 1 1 0 0 0 36 0 0
240 72 0 0 0 0 0 0 0 0
248 20 1 1 0 0 0 0 0 0
250 12 0 0 6 2 2 0 0 0
253 12 0 0 0 0 0 0 0 0
255 36 0 0 0 0 0 6 0 0
257 6 0 0 0 0 0 0 0 0
267 16 0 0 0 0 0 0 0 0
271 6 0 0 2 0 0 0 0 0
272 10 0 0 2 0 0 2 0 0
277 16 1 1 8 0 0 0 0 0
278 12 0 0 4 0 0 0 0 0
294 8 0 0 0 0 0 0 0 0
303 8 0 0 4 0 0 0 0 0
306 8 0 0 4 0 0 0 0 0
308 12 0 0 4 0 0 0 0 0
309 8 0 0 4 0 0 0 0 0
314 24 1 1 4 0 0 4 0 0
315 16 0 0 4 0 0 0 0 0
322 8 0 0 0 0 0 0 0 0
343 16 0 0 4 0 0 4 0 0
355 16 0 0 4 0 0 0 0 0
359 32 0 0 0 0 0 0 0 0
360 20 0 0 0 0 0 0 0 0
362 24 0 0 0 0 0 12 0 0
416 40 1 1 0 0 0 24 0 0
418 8 0 0 4 0 0 0 0 0
421 12 1 1 4 0 0 0 0 0
424 5 1 1 0 0 0 1 0 0
432 5 1 1 1 0 0 0 0 0
433 8 0 0 3 1 1 0 0 0
436 7 1 1 0 0 0 0 0 0
437 1 0 0 1 0 0 0 0 0
444 1 1 1 0 0 0 1 0 0
445 2 0 0 0 0 0 1 0 0
490 9 0 0 3 0 0 0 0 0
495 12 0 0 4 0 0 0 0 0
498 12 0 0 4 0 0 4 0 0
513 8 0 0 4 0 0 0 0 0
525 72 2 2 8 0 0 4 0 0
526 16 0 0 4 0 0 4 0 0
527 4 0 0 0 0 0 4 0 0
528 32 0 0 28 0 0 0 0 0
fn=_dl_unload_cache
537 2 1 1 0 0 0 0 0 0
538 4 0 0 1 1 0 0 0 0
540 2 0 0 1 1 0 1 0 0
541 1 1 1 0 0 0 1 0 0
545 1 0 0 0 0 0 1 0 0
547 2 0 0 1 0 0 0 0 0
fl=./elf/./elf/dl-call-libc-early-init.c
fn=_dl_call_libc_early_init
27 4 1 1 0 0 0 2 0 0
29 2 0 0 0 0 0 0 0 0
33 7 1 1 0 0 0 1 0 0
37 2 0 0 0 0 0 0 0 0
39 4 0 0 3 0 0 0 0 0
40 2 0 0 0 0 0 0 0 0
41 3 0 0 2 0 0 0 0 0
fl=./elf/./elf/dl-debug.c
fn=_dl_debug_initialize
56 1 1 1 0 0 0 0 0 0
57 1 0 0 0 0 0 0 0 0
59 2 0 0 0 0 0 0 0 0
61 1 0 0 0 0 0 0 0 0
63 3 0 0 1 1 1 0 0 0
64 2 1 1 0 0 0 1 0 0
85 2 1 1 1 0 0 0 0 0
90 3 0 0 1 0 0 1 0 0
91 2 0 0 0 0 0 1 0 0
92 1 0 0 0 0 0 1 0 0
95 2 0 0 1 0 0 0 0 0
96 6 1 1 1 0 0 1 0 0
99 2 0 0 0 0 0 0 0 0
107 2 1 1 1 0 0 0 0 0
fn=_dl_debug_state
116 2 1 1 0 0 0 0 0 0
117 2 0 0 2 0 0 0 0 0
fn=_dl_debug_update
38 6 1 0 0 0 0 0 0 0
40 12 0 0 0 0 0 0 0 0
41 6 0 0 0 0 0 0 0 0
44 12 0 0 6 1 0 0 0 0
48 6 0 0 6 0 0 0 0 0
fl=./elf/./elf/dl-deps.c
fn=_dl_map_object_deps
144 6 1 1 0 0 0 3 2 2
145 8 0 0 0 0 0 2 0 0
146 5 1 1 0 0 0 0 0 0
148 3 0 0 0 0 0 1 0 0
152 8 0 0 2 0 0 2 0 0
159 15 2 2 0 0 0 7 1 1
160 22 2 2 1 1 1 2 0 0
176 7 0 0 0 0 0 0 0 0
177 1 0 0 1 0 0 0 0 0
180 1 0 0 0 0 0 1 0 0
198 2 0 0 1 0 0 1 0 0
199 3 0 0 1 0 0 1 0 0
200 2 1 1 0 0 0 2 0 0
202 1 0 0 0 0 0 0 0 0
204 19 1 1 13 0 0 0 0 0
206 7 0 0 0 0 0 0 0 0
209 7 0 0 0 0 0 7 0 0
213 28 0 0 7 2 0 7 0 0
214 46 2 2 20 1 1 0 0 0
217 15 0 0 0 0 0 0 0 0
221 15 1 1 5 0 0 5 0 0
224 22 1 1 11 1 0 0 0 0
226 25 2 2 15 0 0 5 0 0
231 10 0 0 5 0 0 5 0 0
232 5 0 0 0 0 0 5 1 1
233 10 1 1 5 0 0 5 0 0
237 570 0 0 150 3 0 5 0 0
238 275 0 0 0 0 0 0 0 0
244 90 2 2 20 0 0 10 0 0
246 10 0 0 0 0 0 10 0 0
248 40 1 1 0 0 0 10 0 0
249 20 1 1 10 0 0 0 0 0
258 10 0 0 10 0 0 0 0 0
260 20 0 0 10 0 0 0 0 0
265 35 1 1 5 0 0 0 0 0
268 5 0 0 0 0 0 5 0 0
269 5 0 0 0 0 0 5 0 0
270 5 0 0 0 0 0 5 0 0
271 10 0 0 5 0 0 5 0 0
273 5 0 0 5 0 0 0 0 0
275 25 1 1 5 0 0 10 0 0
279 30 0 0 10 0 0 0 0 0
280 24 0 0 0 0 0 8 0 0
282 375 1 1 0 0 0 0 0 0
298 1 0 0 0 0 0 1 0 0
380 12 1 1 0 0 0 6 0 0
433 21 0 0 7 0 0 0 0 0
435 15 0 0 0 0 0 5 0 0
438 10 1 1 0 0 0 0 0 0
439 10 0 0 0 0 0 0 0 0
445 5 0 0 0 0 0 5 2 2
446 25 0 0 5 0 0 5 0 0
447 25 0 0 0 0 0 5 0 0
450 5 0 0 0 0 0 5 0 0
451 5 0 0 5 0 0 0 0 0
455 28 1 1 14 0 0 0 0 0
457 7 0 0 7 0 0 0 0 0
458 32 0 0 6 0 0 0 0 0
464 6 1 1 2 0 0 0 0 0
465 1 0 0 0 0 0 1 0 0
468 4 0 0 1 0 0 1 0 0
479 3 1 1 1 0 0 0 0 0
481 2 0 0 0 0 0 0 0 0
486 5 0 0 2 0 0 1 0 0
487 1 0 0 0 0 0 1 0 0
488 9 0 0 1 0 0 0 0 0
490 27 1 1 7 0 0 1 0 0
494 7 0 0 7 0 0 0 0 0
499 14 1 1 0 0 0 0 0 0
501 15 0 0 0 0 0 7 1 1
506 7 0 0 7 0 0 0 0 0
509 2 0 0 1 0 0 0 0 0
560 2 1 1 0 0 0 0 0 0
561 3 1 1 1 0 0 0 0 0
598 3 1 1 1 0 0 0 0 0
599 2 0 0 0 0 0 0 0 0
602 1 0 0 1 0 0 0 0 0
613 5 0 0 0 0 0 1 0 0
618 8 1 1 1 0 0 1 0 0
619 4 1 1 2 0 0 0 0 0
623 1 0 0 0 0 0 1 0 0
625 1 0 0 0 0 0 1 0 0
626 1 0 0 1 0 0 0 0 0
627 2 0 0 0 0 0 0 0 0
634 3 0 0 1 0 0 0 0 0
637 3 0 0 1 0 0 0 0 0
640 8 0 0 7 0 0 0 0 0
fn=openaux
61 30 0 0 0 0 0 10 0 0
64 110 1 1 40 0 0 20 1 1
65 10 0 0 10 0 0 0 0 0
68 10 0 0 10 0 0 0 0 0
69 20 0 0 20 0 0 0 0 0
fl=./elf/./elf/dl-environ.c
fn=_dl_next_ld_env_entry
28 3 1 1 0 0 0 0 0 0
29 3 0 0 3 0 0 0 0 0
32 103 0 0 34 0 0 0 0 0
34 66 0 0 33 0 0 0 0 0
35 18 1 1 9 0 0 0 0 0
37 2 0 0 0 0 0 0 0 0
40 4 0 0 0 0 0 2 0 0
42 2 0 0 2 0 0 0 0 0
45 31 0 0 0 0 0 0 0 0
49 1 0 0 1 0 0 0 0 0
fl=./elf/./elf/dl-error-skeleton.c
fn=_dl_catch_error
225 10 1 1 0 0 0 3 0 0
227 2 0 0 0 0 0 1 0 0
228 2 0 0 1 0 0 1 0 0
229 2 0 0 1 0 0 1 0 0
230 2 1 1 1 0 0 1 0 0
232 5 0 0 4 0 0 0 0 0
fn=_dl_catch_exception
175 66 2 2 0 0 0 44 3 3
178 22 0 0 0 0 0 0 0 0
180 22 0 0 11 0 0 11 0 0
199 11 0 0 0 0 0 11 1 1
200 22 0 0 0 0 0 11 0 0
203 22 0 0 0 0 0 11 0 0
206 77 0 0 0 0 0 11 0 0
208 33 1 1 22 0 0 11 0 0
209 22 0 0 11 0 0 11 0 0
210 44 0 0 11 0 0 22 0 0
219 44 0 0 22 0 0 0 0 0
fn=_dl_receive_error
238 6 0 0 0 0 0 2 0 0
239 1 0 0 1 0 0 0 0 0
240 1 0 0 1 0 0 0 0 0
243 1 1 1 0 0 0 1 0 0
244 1 0 0 0 0 0 1 0 0
246 1 0 0 0 0 0 1 0 0
248 1 0 0 0 0 0 1 0 0
249 1 0 0 0 0 0 1 0 0
250 4 0 0 3 0 0 0 0 0
fl=./elf/./elf/dl-find_object.c
fn=_dl_find_object_init
561 4 1 1 0 0 0 2 0 0
564 1 1 1 1 1 0 0 0 0
566 2 0 0 1 0 0 0 0 0
567 3 1 1 0 0 0 1 0 0
579 2 0 0 0 0 0 1 0 0
580 3 0 0 1 0 0 1 0 0
582 2 1 1 0 0 0 0 0 0
585 2 1 1 0 0 0 0 0 0
590 1 0 0 0 0 0 1 0 0
591 1 0 0 0 0 0 1 0 0
594 3 0 0 1 0 0 0 0 0
596 2 1 1 0 0 0 1 0 0
599 6 0 0 3 0 0 1 0 0
601 1 0 0 0 0 0 0 0 0
604 4 0 0 3 0 0 0 0 0
fn=_dlfo_process_initial
474 4 0 0 0 0 0 2 0 0
475 2 0 0 2 0 0 0 0 0
477 2 0 0 0 0 0 0 0 0
478 4 0 0 2 0 0 0 0 0
504 24 2 2 4 1 0 0 0 0
505 34 0 0 2 0 0 0 0 0
506 14 0 0 14 0 0 0 0 0
508 52 1 1 12 0 0 0 0 0
511 48 0 0 12 0 0 0 0 0
513 36 1 1 12 1 0 0 0 0
515 12 0 0 0 0 0 6 0 0
516 12 0 0 0 0 0 0 0 0
517 24 0 0 0 0 0 0 0 0
529 2 0 0 0 0 0 2 0 0
531 8 0 0 4 0 0 0 0 0
fn=_dlfo_sort_mappings
536 1 1 1 0 0 0 0 0 0
537 2 0 0 0 0 0 0 0 0
540 24 0 0 5 0 0 0 0 0
544 10 0 0 5 0 0 0 0 0
545 70 0 0 0 0 0 0 0 0
546 83 1 1 15 0 0 0 0 0
553 20 0 0 10 0 0 0 0 0
554 25 0 0 10 0 0 10 0 0
555 10 0 0 0 0 0 10 0 0
557 1 0 0 1 0 0 0 0 0
fl=./elf/./elf/dl-fini.c
fn=_dl_fini
31 9 1 1 0 0 0 6 0 0
48 7 1 1 0 0 0 1 0 0
51 7 0 0 1 1 1 0 0 0
54 2 0 0 1 1 1 1 0 0
56 1 0 0 1 1 1 0 0 0
59 2 0 0 0 0 0 0 0 0
61 6 1 1 3 1 1 0 0 0
66 1 0 0 0 0 0 1 0 0
68 3 0 0 0 0 0 1 0 0
73 17 2 2 1 0 0 0 0 0
78 25 1 1 8 2 2 0 0 0
80 14 0 0 7 7 7 0 0 0
82 14 0 0 0 0 0 0 0 0
84 14 0 0 0 0 0 7 0 0
85 7 0 0 0 0 0 7 7 7
86 7 0 0 0 0 0 0 0 0
90 7 0 0 7 6 6 0 0 0
92 6 1 1 0 0 0 0 0 0
93 6 0 0 0 0 0 0 0 0
99 5 0 0 0 0 0 2 0 0
108 2 1 1 1 1 1 1 0 0
113 27 0 0 8 0 0 1 0 0
115 7 0 0 7 0 0 0 0 0
117 21 0 0 7 0 0 0 0 0
120 14 0 0 0 0 0 7 0 0
123 21 1 1 7 7 7 0 0 0
124 9 0 0 3 3 3 0 0 0
127 10 0 0 5 0 0 0 0 0
138 16 0 0 8 4 4 4 0 0
139 4 0 0 4 1 1 0 0 0
140 8 0 0 4 0 0 0 0 0
141 40 1 1 8 0 0 0 0 0
142 8 0 0 4 4 4 8 0 0
146 12 0 0 4 3 3 0 0 0
147 15 0 0 10 5 5 5 0 0
153 14 0 0 0 0 0 7 0 0
158 7 1 1 7 0 0 0 0 0
162 5 0 0 1 0 0 1 0 0
168 6 1 1 2 0 0 0 0 0
174 2 0 0 1 0 0 0 0 0
181 8 0 0 7 0 0 0 0 0
fl=./elf/./elf/dl-hwcaps.c
fn=_dl_important_hwcaps
55 16 2 2 0 0 0 4 0 0
57 2 0 0 0 0 0 0 0 0
58 6 0 0 2 0 0 0 0 0
59 2 0 0 0 0 0 0 0 0
80 16 2 2 0 0 0 4 0 0
82 2 0 0 0 0 0 2 1 1
83 16 0 0 4 0 0 8 1 1
87 2 0 0 0 0 0 2 0 0
89 6 0 0 2 0 0 2 0 0
90 2 0 0 0 0 0 0 0 0
91 2 0 0 0 0 0 0 0 0
103 6 0 0 0 0 0 4 0 0
105 2 1 1 0 0 0 0 0 0
108 3 0 0 2 0 0 1 0 0
111 1 0 0 0 0 0 0 0 0
115 4 1 1 0 0 0 1 0 0
128 12 1 1 0 0 0 3 0 0
130 12 1 1 5 0 0 3 0 0
131 8 0 0 2 0 0 2 0 0
132 2 0 0 0 0 0 0 0 0
133 2 0 0 0 0 0 0 0 0
136 2 0 0 1 0 0 0 0 0
145 15 1 1 6 0 0 2 0 0
146 4 0 0 0 0 0 0 0 0
154 2 0 0 2 0 0 0 0 0
158 7 1 1 2 0 0 1 0 0
159 2 0 0 0 0 0 0 0 0
160 3 0 0 0 0 0 0 0 0
164 1 0 0 1 0 0 0 0 0
165 3 0 0 1 0 0 1 0 0
166 2 0 0 0 0 0 2 0 0
175 14 2 2 0 0 0 10 2 2
176 7 0 0 1 0 0 2 1 1
178 2 0 0 1 0 0 1 0 0
179 4 0 0 1 0 0 1 0 0
204 2 0 0 0 0 0 2 0 0
205 3 1 1 0 0 0 0 0 0
215 3 0 0 1 0 0 1 0 0
216 6 1 1 2 0 0 1 0 0
220 19 0 0 3 0 0 0 0 0
221 6 0 0 0 0 0 0 0 0
222 4 0 0 0 0 0 0 0 0
225 3 0 0 0 0 0 1 0 0
228 21 3 3 1 0 0 3 0 0
230 9 1 1 2 0 0 0 0 0
231 4 1 1 2 0 0 2 1 1
233 6 0 0 0 0 0 3 0 0
234 2 0 0 0 0 0 2 1 1
235 6 0 0 0 0 0 0 0 0
236 2 0 0 1 0 0 0 0 0
238 3 0 0 1 0 0 0 0 0
240 4 0 0 0 0 0 1 0 0
241 2 1 1 1 0 0 1 0 0
242 1 0 0 0 0 0 0 0 0
245 5 0 0 1 0 0 1 0 0
246 1 0 0 0 0 0 1 0 0
249 2 0 0 1 0 0 0 0 0
252 3 0 0 1 0 0 0 0 0
253 5 1 1 3 0 0 1 0 0
256 8 0 0 6 0 0 1 0 0
257 3 0 0 1 0 0 0 0 0
259 2 1 1 0 0 0 0 0 0
260 8 2 2 1 0 0 0 0 0
261 4 1 1 2 0 0 0 0 0
262 4 1 1 1 0 0 1 0 0
272 4 0 0 1 0 0 0 0 0
276 10 1 1 3 0 0 3 1 1
282 2 0 0 0 0 0 0 0 0
283 2 0 0 0 0 0 0 0 0
291 3 0 0 1 0 0 0 0 0
304 2 0 0 1 0 0 0 0 0
306 1 0 0 0 0 0 1 0 0
315 2 0 0 1 0 0 1 0 0
328 1 1 1 0 0 0 1 0 0
331 2 0 0 1 0 0 0 0 0
338 1 0 0 1 0 0 0 0 0
341 2 0 0 0 0 0 0 0 0
344 14 1 1 7 0 0 5 0 0
347 17 0 0 4 0 0 2 0 0
348 17 2 2 1 0 0 1 0 0
349 5 0 0 2 0 0 2 0 0
352 12 0 0 4 0 0 4 0 0
354 5 1 1 1 0 0 0 0 0
359 34 1 1 3 0 0 0 0 0
360 8 0 0 0 0 0 8 1 1
364 23 0 0 1 0 0 0 0 0
367 48 0 0 0 0 0 0 0 0
368 72 0 0 0 0 0 0 0 0
369 48 1 1 24 0 0 12 0 0
371 9 0 0 0 0 0 0 0 0
374 3 0 0 1 0 0 0 0 0
375 2 1 1 0 0 0 0 0 0
376 15 0 0 2 0 0 1 0 0
378 6 0 0 0 0 0 0 0 0
379 2 0 0 2 0 0 0 0 0
381 1 1 1 1 0 0 0 0 0
382 7 1 1 0 0 0 2 0 0
389 22 0 0 6 0 0 5 0 0
390 4 0 0 0 0 0 0 0 0
392 8 0 0 0 0 0 0 0 0
395 4 0 0 2 0 0 0 0 0
401 9 0 0 8 0 0 0 0 0
fl=./elf/./elf/dl-hwcaps_split.c
fn=_dl_hwcaps_contains
66 6 1 1 0 0 0 0 0 0
67 12 0 0 0 0 0 0 0 0
68 6 0 0 0 0 0 0 0 0
77 6 0 0 6 0 0 0 0 0
fn=_dl_hwcaps_split
25 4 1 1 0 0 0 2 0 0
26 3 0 0 1 0 0 0 0 0
27 1 0 0 0 0 0 0 0 0
47 4 1 1 3 0 0 0 0 0
fn=_dl_hwcaps_split_masked
26 42 0 0 14 0 0 0 0 0
30 24 0 0 12 0 0 12 0 0
34 72 1 1 18 1 1 0 0 0
35 12 0 0 0 0 0 6 0 0
36 24 0 0 0 0 0 0 0 0
41 27 0 0 0 0 0 9 0 0
42 18 0 0 0 0 0 0 0 0
43 9 0 0 0 0 0 3 0 0
45 6 0 0 0 0 0 0 0 0
51 55 1 1 0 0 0 22 0 0
55 5 1 1 0 0 0 0 0 0
56 18 0 0 9 0 0 9 0 0
57 27 0 0 0 0 0 9 0 0
58 54 0 0 6 0 0 6 0 0
62 44 0 0 33 0 0 0 0 0
fl=./elf/./elf/dl-init.c
fn=_dl_init
31 48 2 2 16 0 0 0 0 0
33 44 0 0 8 0 0 7 0 0
77 12 1 1 0 0 0 6 0 0
78 1 0 0 1 1 0 0 0 0
79 1 0 0 1 0 0 0 0 0
82 3 1 1 1 0 0 0 0 0
85 2 1 1 0 0 0 1 0 0
90 2 0 0 0 0 0 0 0 0
115 1 0 0 1 0 0 0 0 0
116 26 0 0 0 0 0 0 0 0
117 14 0 0 14 1 0 0 0 0
123 8 1 1 7 0 0 0 0 0
fn=call_init.part.0
26 63 1 1 0 0 0 35 1 0
39 21 1 1 7 0 0 7 0 0
42 21 0 0 14 6 0 0 0 0
43 2 0 0 0 0 0 0 0 0
47 12 0 0 6 0 0 0 0 0
55 18 0 0 6 4 0 0 0 0
56 24 0 0 8 4 0 4 0 0
59 6 1 1 6 4 0 0 0 0
60 12 0 0 0 0 0 0 0 0
66 12 0 0 8 2 0 0 0 0
68 8 0 0 8 0 0 0 0 0
69 100 0 0 0 0 0 0 0 0
70 80 0 0 20 5 0 20 0 0
72 42 1 1 42 0 0 0 0 0
fl=./elf/./elf/dl-load.c
fn=_dl_dst_count
238 60 1 1 0 0 0 50 0 0
241 20 0 0 0 0 0 10 1 1
244 20 0 0 0 0 0 0 0 0
245 10 1 1 0 0 0 0 0 0
264 70 0 0 60 0 0 0 0 0
fn=_dl_init_paths
706 13 1 1 0 0 0 8 0 0
720 4 1 1 0 0 0 2 1 1
725 1 0 0 0 0 0 1 0 0
727 2 0 0 0 0 0 0 0 0
734 5 0 0 0 0 0 0 0 0
735 2 1 1 1 0 0 0 0 0
739 4 0 0 0 0 0 1 1 1
741 4 0 0 2 0 0 0 0 0
747 1 0 0 0 0 0 1 0 0
748 1 1 1 0 0 0 1 0 0
756 8 0 0 0 0 0 4 0 0
758 8 0 0 0 0 0 4 1 1
759 4 0 0 0 0 0 4 1 1
761 5 0 0 0 0 0 4 0 0
762 7 0 0 3 1 1 4 1 1
763 7 1 1 0 0 0 0 0 0
766 9 0 0 3 1 1 0 0 0
767 10 0 0 5 0 0 1 0 0
768 18 0 0 0 0 0 4 0 0
770 26 3 3 6 0 0 6 0 0
776 1 0 0 0 0 0 1 0 0
777 1 0 0 0 0 0 1 0 0
782 1 0 0 1 0 0 0 0 0
785 3 0 0 0 0 0 0 0 0
787 4 0 0 1 0 0 0 0 0
789 3 1 1 1 0 0 0 0 0
806 1 0 0 0 0 0 1 0 0
808 3 2 2 1 0 0 0 0 0
822 2 1 1 0 0 0 1 0 0
825 5 1 1 2 0 0 0 0 0
827 23 1 1 2 0 0 2 0 0
831 2 0 0 0 0 0 0 0 0
832 188 1 1 47 0 0 0 0 0
833 46 0 0 0 0 0 0 0 0
834 92 0 0 0 0 0 0 0 0
836 1 0 0 0 0 0 1 0 0
837 1 0 0 0 0 0 0 0 0
838 2 1 1 0 0 0 0 0 0
844 6 0 0 1 0 0 1 0 0
847 3 0 0 2 0 0 0 0 0
853 1 0 0 0 0 0 1 0 0
857 8 0 0 7 0 0 0 0 0
fn=_dl_map_object
682 42 1 1 14 0 0 0 0 0
685 4 0 0 0 0 0 0 0 0
688 6 2 2 2 0 0 0 0 0
691 2 1 1 0 0 0 2 0 0
692 2 0 0 0 0 0 0 0 0
696 20 0 0 4 0 0 8 0 0
2022 110 1 1 0 0 0 88 3 3
2024 5 0 0 0 0 0 5 1 1
2030 22 0 0 0 0 0 0 0 0
2031 44 1 1 11 1 1 0 0 0
2034 193 0 0 46 0 0 0 0 0
2039 287 1 1 82 0 0 0 0 0
2041 205 0 0 0 0 0 41 1 1
2045 70 0 0 35 0 0 0 0 0
2046 105 0 0 35 0 0 0 0 0
2049 85 0 0 51 0 0 0 0 0
2050 51 1 1 17 0 0 0 0 0
2051 68 0 0 0 0 0 17 0 0
2068 35 2 2 10 0 0 5 0 0
2069 15 0 0 0 0 0 5 0 0
2077 15 0 0 5 0 0 0 0 0
2092 5 0 0 0 0 0 5 1 1
2094 25 0 0 0 0 0 5 0 0
2098 16 1 1 0 0 0 8 0 0
2100 8 0 0 4 0 0 0 0 0
2107 16 0 0 4 0 0 0 0 0
2111 8 1 1 4 0 0 4 0 0
2112 4 1 1 0 0 0 0 0 0
2116 18 0 0 6 0 0 0 0 0
2117 6 0 0 0 0 0 0 0 0
2131 20 1 1 8 0 0 0 0 0
2132 40 1 1 8 0 0 4 0 0
2133 4 0 0 0 0 0 0 0 0
2142 8 1 1 0 0 0 0 0 0
2157 12 1 1 4 0 0 0 0 0
2158 56 1 1 4 0 0 16 0 0
2164 20 1 1 4 0 0 0 0 0
2165 4 0 0 0 0 0 0 0 0
2173 4 1 1 0 0 0 4 0 0
2187 8 0 0 0 0 0 0 0 0
2189 12 0 0 4 0 0 0 0 0
2193 12 1 1 0 0 0 4 0 0
2195 8 0 0 0 0 0 0 0 0
2199 8 0 0 0 0 0 0 0 0
2207 12 0 0 4 0 0 0 0 0
2230 28 1 1 0 0 0 8 0 0
2234 12 0 0 4 0 0 0 0 0
2235 8 0 0 0 0 0 4 0 0
2252 8 1 1 4 0 0 0 0 0
2258 1 0 0 0 0 0 1 0 0
2259 4 1 1 0 0 0 1 0 0
2260 2 0 0 0 0 0 0 0 0
2261 3 0 0 0 0 0 0 0 0
2265 6 0 0 0 0 0 2 0 0
2268 3 1 1 1 0 0 0 0 0
2280 20 0 0 5 0 0 0 0 0
2282 16 1 1 0 0 0 0 0 0
2326 10 0 0 5 0 0 5 0 0
2327 75 1 1 15 0 0 25 0 0
2329 99 0 0 77 0 0 0 0 0
fn=_dl_map_object_from_fd
944 70 1 1 0 0 0 55 2 2
954 15 0 0 5 0 0 10 1 1
961 20 0 0 5 0 0 5 0 0
999 95 0 0 30 0 0 0 0 0
1000 40 0 0 20 0 0 0 0 0
1018 10 1 1 5 0 0 0 0 0
1046 20 1 1 5 0 0 5 0 0
1056 10 0 0 5 0 0 0 0 0
1063 40 1 1 25 0 0 5 0 0
1064 10 0 0 0 0 0 0 0 0
1075 15 0 0 10 0 0 5 2 2
1076 20 0 0 10 0 0 10 0 0
1077 10 1 1 5 0 0 5 0 0
1079 15 0 0 0 0 0 0 0 0
1080 20 0 0 10 0 0 0 0 0
1081 8 0 0 0 0 0 4 0 0
1084 17 3 3 1 0 0 1 0 0
1085 6 0 0 1 0 0 1 1 1
1096 10 0 0 0 0 0 5 0 0
1098 5 0 0 0 0 0 5 0 0
1100 110 2 2 10 0 0 5 0 0
1101 5 0 0 0 0 0 0 0 0
1102 5 0 0 0 0 0 5 0 0
1103 5 1 1 0 0 0 5 0 0
1104 5 0 0 0 0 0 0 0 0
1110 202 1 1 5 0 0 0 0 0
1111 504 2 2 59 1 1 0 0 0
1117 10 1 1 5 0 0 0 0 0
1124 12 0 0 7 0 0 5 0 0
1125 15 0 0 5 0 0 5 0 0
1126 50 1 1 10 0 0 5 0 0
1131 2 0 0 1 1 1 1 0 0
1132 1 0 0 0 0 0 0 0 0
1137 135 0 0 45 0 0 5 0 0
1145 40 0 0 0 0 0 0 0 0
1146 150 0 0 0 0 0 25 5 5
1147 60 1 1 20 0 0 0 0 0
1148 60 0 0 0 0 0 20 0 0
1149 40 1 1 20 0 0 20 0 0
1151 140 0 0 20 0 0 0 0 0
1153 40 0 0 20 0 0 20 2 2
1157 40 0 0 0 0 0 0 0 0
1158 75 0 0 30 0 0 15 0 0
1162 40 1 1 0 0 0 0 0 0
1163 160 0 0 20 0 0 20 2 2
1173 20 0 0 0 0 0 0 0 0
1176 6 0 0 2 0 0 0 0 0
1180 8 0 0 0 0 0 2 2 2
1181 2 0 0 2 0 0 0 0 0
1185 10 1 1 0 0 0 2 0 0
1186 4 0 0 2 0 0 2 0 0
1189 2 0 0 0 0 0 2 0 0
1194 8 0 0 2 0 0 0 0 0
1195 10 0 0 5 0 0 5 0 0
1201 25 1 1 5 0 0 5 0 0
1209 10 1 1 5 0 0 5 0 0
1210 5 0 0 0 0 0 0 0 0
1213 20 0 0 10 0 0 5 2 2
1218 15 0 0 0 0 0 0 0 0
1228 90 0 0 0 0 0 0 0 0
1229 40 0 0 0 0 0 20 0 0
1235 10 1 1 0 0 0 0 0 0
1245 20 0 0 10 0 0 0 0 0
1252 35 1 1 15 0 0 5 0 0
1268 20 2 2 10 0 0 0 0 0
1269 15 0 0 5 0 0 5 0 0
1275 18 2 2 4 0 0 0 0 0
1276 10 0 0 0 0 0 0 0 0
1278 10 1 1 0 0 0 0 0 0
1288 15 0 0 5 0 0 0 0 0
1307 15 0 0 5 0 0 5 0 0
1309 25 1 1 10 0 0 0 0 0
1361 15 0 0 5 3 3 0 0 0
1362 4 0 0 2 0 0 2 0 0
1368 183 1 1 74 0 0 15 0 0
1369 275 0 0 59 49 49 0 0 0
1375 79 1 1 5 0 0 5 0 0
1380 20 1 1 5 0 0 5 0 0
1393 10 0 0 5 0 0 0 0 0
1395 20 0 0 10 0 0 5 0 0
1397 10 1 1 5 0 0 0 0 0
1413 10 0 0 0 0 0 5 0 0
1417 10 0 0 5 0 0 0 0 0
1418 10 0 0 5 0 0 0 0 0
1435 10 0 0 5 0 0 0 0 0
1436 1 0 0 0 0 0 1 0 0
1439 10 1 1 5 0 0 5 0 0
1444 10 0 0 5 0 0 0 0 0
1454 10 0 0 5 0 0 0 0 0
1461 30 0 0 10 0 0 0 0 0
1462 9 1 1 3 0 0 0 0 0
1463 18 0 0 6 0 0 2 0 0
1464 6 0 0 2 0 0 0 0 0
1465 5 0 0 1 0 0 1 0 0
1471 10 1 1 5 0 0 0 0 0
1472 8 0 0 2 0 0 0 0 0
1477 4 0 0 0 0 0 2 0 0
1484 15 0 0 5 0 0 5 0 0
1487 20 0 0 10 0 0 0 0 0
1506 25 2 2 10 0 0 0 0 0
1510 35 1 1 15 0 0 0 0 0
1511 20 0 0 5 0 0 5 0 0
1515 45 1 1 35 0 0 0 0 0
fn=_dl_process_pt_gnu_property
868 12 1 1 0 0 0 0 0 0
869 12 1 1 12 0 0 0 0 0
870 6 0 0 6 0 0 0 0 0
876 12 0 0 6 0 0 0 0 0
882 30 0 0 0 0 0 0 0 0
885 18 0 0 6 5 5 0 0 0
886 12 0 0 6 1 1 0 0 0
887 12 1 1 6 0 0 0 0 0
930 6 0 0 6 0 0 0 0 0
fn=expand_dynamic_string_token
241 9 1 1 0 0 0 3 0 0
244 6 0 0 0 0 0 0 0 0
385 27 1 1 0 0 0 18 0 0
399 6 0 0 0 0 0 0 0 0
410 21 0 0 18 0 0 0 0 0
fn=fillin_rpath.isra.0
468 15 2 2 0 0 0 11 0 0
472 1 0 0 0 0 0 0 0 0
474 24 0 0 4 0 0 4 0 0
477 1 0 0 0 0 0 1 0 0
478 1 0 0 0 0 0 0 0 0
481 6 0 0 3 0 0 0 0 0
483 8 0 0 2 0 0 2 0 0
487 4 0 0 0 0 0 0 0 0
492 6 1 1 0 0 0 2 0 0
493 4 0 0 0 0 0 0 0 0
500 10 0 0 2 0 0 0 0 0
505 8 1 1 0 0 0 4 0 0
509 54 1 1 18 0 0 0 0 0
510 30 0 0 15 0 0 0 0 0
528 18 2 2 3 0 0 3 0 0
532 9 1 1 6 0 0 0 0 0
534 6 0 0 0 0 0 0 0 0
538 3 0 0 0 0 0 3 1 1
539 6 0 0 3 0 0 0 0 0
540 12 0 0 0 0 0 6 1 1
541 3 0 0 0 0 0 3 0 0
543 6 1 1 3 0 0 0 0 0
544 1 0 0 0 0 0 1 0 0
549 12 0 0 3 0 0 0 0 0
550 84 2 2 3 0 0 0 0 0
551 27 0 0 0 0 0 12 0 0
553 6 0 0 3 0 0 3 0 0
554 9 0 0 3 0 0 0 0 0
555 3 0 0 0 0 0 3 0 0
561 6 0 0 3 0 0 3 0 0
562 6 0 0 0 0 0 3 0 0
565 6 1 1 0 0 0 3 0 0
571 1 0 0 0 0 0 1 0 0
574 8 0 0 7 0 0 0 0 0
fn=open_path
1870 56 2 2 4 0 0 44 3 3
1871 8 0 0 4 0 0 4 0 0
1874 4 0 0 0 0 0 4 0 0
1875 8 1 1 0 0 0 8 0 0
1877 8 0 0 0 0 0 0 0 0
1882 84 2 2 12 0 0 0 0 0
1885 24 0 0 24 0 0 0 0 0
1889 12 0 0 0 0 0 12 0 0
1894 72 1 1 12 0 0 12 1 1
1901 60 0 0 24 0 0 12 1 1
1902 702 2 2 78 0 0 0 0 0
1905 240 0 0 120 0 0 0 0 0
1910 792 1 1 330 0 0 132 0 0
1913 132 0 0 0 0 0 66 0 0
1919 198 0 0 66 0 0 0 0 0
1922 462 1 1 198 0 0 66 0 0
1924 198 0 0 66 0 0 0 0 0
1926 40 0 0 0 0 0 0 0 0
1931 40 1 1 0 0 0 0 0 0
1932 140 0 0 60 0 0 0 0 0
1938 60 1 1 40 0 0 20 0 0
1940 120 0 0 20 0 0 20 0 0
1941 4 0 0 2 0 0 0 0 0
1943 76 1 1 2 0 0 22 0 0
1950 184 0 0 46 0 0 0 0 0
1952 92 0 0 0 0 0 0 0 0
1960 60 0 0 0 0 0 12 0 0
1988 4 0 0 0 0 0 0 0 0
1991 96 2 2 24 0 0 0 0 0
1996 24 0 0 24 0 0 0 0 0
1998 48 0 0 36 0 0 0 0 0
2001 12 0 0 4 0 0 0 0 0
2015 36 0 0 28 0 0 0 0 0
fn=open_verify.constprop.0
1568 770 1 1 0 0 0 420 1 1
1607 210 0 0 70 0 0 0 0 0
1612 132 1 1 0 0 0 0 0 0
1626 350 0 0 0 0 0 70 1 1
1628 140 1 1 0 0 0 0 0 0
1633 4 0 0 0 0 0 0 0 0
1639 4 0 0 0 0 0 4 0 0
1640 4 0 0 0 0 0 4 0 0
1645 40 0 0 4 0 0 8 0 0
1647 8 1 1 0 0 0 0 0 0
1649 8 0 0 4 0 0 4 0 0
1651 8 0 0 0 0 0 0 0 0
1657 8 0 0 0 0 0 0 0 0
1674 65 3 3 23 1 1 0 0 0
1748 8 1 1 4 0 0 0 0 0
1753 8 0 0 4 0 0 0 0 0
1755 16 0 0 4 0 0 0 0 0
1761 8 0 0 4 0 0 0 0 0
1767 20 1 1 4 0 0 0 0 0
1768 16 0 0 4 0 0 0 0 0
1769 6 0 0 3 0 0 0 0 0
1772 16 3 3 1 0 0 0 0 0
1773 9 1 1 1 0 0 2 0 0
1789 243 0 0 1 0 0 0 0 0
1790 102 0 0 47 12 12 0 0 0
1791 32 1 1 8 1 1 0 0 0
1795 32 0 0 16 0 0 0 0 0
1796 18 0 0 6 0 0 0 0 0
1801 4 0 0 0 0 0 0 0 0
1802 32 1 1 2 0 0 0 0 0
1812 28 1 1 6 0 0 8 0 0
1820 72 2 2 20 3 2 0 0 0
1822 8 0 0 0 0 0 0 0 0
1823 72 2 2 24 0 0 0 0 0
1826 24 0 0 0 0 0 0 0 0
1831 2 0 0 0 0 0 0 0 0
1832 16 0 0 6 0 0 0 0 0
1835 4 0 0 0 0 0 0 0 0
1838 6 0 0 2 0 0 0 0 0
1839 10 0 0 2 0 0 0 0 0
1840 4 0 0 2 0 0 0 0 0
1841 6 0 0 2 0 0 0 0 0
1842 6 0 0 2 0 0 0 0 0
1856 630 1 1 490 0 0 0 0 0
fn=open_verify.constprop.1
1568 11 1 1 0 0 0 6 0 0
1607 3 1 1 1 0 0 0 0 0
1626 5 0 0 0 0 0 1 1 1
1628 2 0 0 0 0 0 0 0 0
1633 1 0 0 0 0 0 0 0 0
1639 1 0 0 0 0 0 1 0 0
1640 1 0 0 0 0 0 1 1 1
1645 10 1 1 1 0 0 2 0 0
1647 2 0 0 0 0 0 0 0 0
1649 2 0 0 1 0 0 1 0 0
1651 2 0 0 0 0 0 0 0 0
1657 2 0 0 0 0 0 0 0 0
1674 14 2 2 5 0 0 0 0 0
1748 2 0 0 1 0 0 0 0 0
1753 2 0 0 1 0 0 0 0 0
1755 4 1 1 1 0 0 0 0 0
1761 2 0 0 1 1 1 0 0 0
1767 5 0 0 1 0 0 0 0 0
1768 4 0 0 1 0 0 0 0 0
1769 2 0 0 1 0 0 0 0 0
1789 70 1 1 0 0 0 0 0 0
1790 28 1 1 13 9 9 0 0 0
1791 8 0 0 2 0 0 0 0 0
1795 8 0 0 4 0 0 0 0 0
1796 6 1 1 2 0 0 0 0 0
1820 15 1 1 4 1 1 0 0 0
1822 2 0 0 0 0 0 0 0 0
1823 18 1 1 6 0 0 0 0 0
1826 6 0 0 0 0 0 0 0 0
1832 4 1 1 2 0 0 0 0 0
1856 9 0 0 7 0 0 0 0 0
fl=./elf/./elf/dl-lookup-direct.c
fn=_dl_lookup_direct
32 15 1 1 9 0 0 0 0 0
33 9 0 0 0 0 0 0 0 0
35 6 0 0 3 3 3 0 0 0
36 6 0 0 3 0 0 0 0 0
48 12 0 0 3 0 0 6 0 0
51 6 1 1 6 0 0 0 0 0
53 18 0 0 3 0 0 3 0 0
57 9 0 0 9 2 1 0 0 0
58 21 1 1 9 0 0 0 0 0
59 15 0 0 6 0 0 3 0 0
74 36 2 2 0 0 0 24 0 0
76 6 0 0 3 0 0 0 0 0
78 21 0 0 9 3 0 0 0 0
79 6 1 1 0 0 0 0 0 0
81 12 0 0 3 0 0 3 0 0
84 25 0 0 5 4 3 0 0 0
86 9 0 0 3 0 0 0 0 0
93 6 1 1 0 0 0 0 0 0
115 3 0 0 0 0 0 0 0 0
116 27 0 0 21 0 0 0 0 0
fl=./elf/./elf/dl-lookup.c
fn=_dl_lookup_symbol_x
204 12654 0 0 4218 0 0 4218 0 0
580 4218 0 0 0 0 0 0 0 0
581 369772 0 0 92443 1839 1582 0 0 0
582 361336 2 2 0 0 0 0 0 0
583 2109 0 0 0 0 0 0 0 0
840 29526 4 4 0 0 0 21090 10 2
842 4218 0 0 0 0 0 2109 0 0
843 4218 0 0 0 0 0 2109 0 0
846 2109 0 0 2109 5 2 0 0 0
850 16818 2 2 6309 0 0 2109 5 1
852 12654 2 2 2109 0 0 2109 0 0
853 4218 0 0 2109 0 0 0 0 0
855 4218 0 0 4218 4 0 0 0 0
859 4293 0 0 15 0 0 0 0 0
860 35853 2 2 12654 0 0 14763 6 3
865 6327 0 0 2109 0 0 0 0 0
867 90 1 1 15 0 0 0 0 0
884 2109 2 2 0 0 0 2109 0 0
885 45 1 1 0 0 0 0 0 0
888 4218 0 0 2109 0 0 0 0 0
889 14642 0 0 2090 0 0 0 0 0
896 2094 2 2 2094 0 0 0 0 0
929 8376 0 0 2094 0 0 0 0 0
943 6282 0 0 2094 17 2 0 0 0
944 2 1 1 0 0 0 1 0 0
946 6282 0 0 2094 0 0 0 0 0
953 18981 0 0 14763 0 0 0 0 0
1008 4188 0 0 2094 0 0 0 0 0
fn=check_match
70 27326 2 2 4204 0 0 10510 0 0
73 14714 2 2 4204 268 199 0 0 0
78 2093 2 2 0 0 0 0 0 0
86 10485 0 0 0 0 0 0 0 0
89 4518 0 0 108 0 0 54 4 2
93 2097 0 0 2097 13 2 0 0 0
94 4194 0 0 0 0 0 0 0 0
96 4188 1 1 0 0 0 0 0 0
115 4188 0 0 4188 34 18 0 0 0
116 16752 0 0 6282 18 2 0 0 0
117 10455 3 3 4182 12 1 2091 3 1
118 6 0 0 3 0 0 0 0 0
119 6 0 0 0 0 0 0 0 0
144 6 0 0 0 0 0 0 0 0
146 18 0 0 6 3 1 0 0 0
147 12 0 0 0 0 0 0 0 0
150 2 0 0 0 0 0 0 0 0
151 7 0 0 3 0 0 1 0 0
153 3 0 0 1 0 0 1 0 0
155 14 0 0 0 0 0 0 0 0
162 12612 0 0 12612 0 0 0 0 0
fn=do_lookup_x
170 301 0 0 0 0 0 0 0 0
171 634 2 2 231 0 0 4 0 0
172 940 2 2 250 47 47 0 0 0
174 98 0 0 0 0 0 0 0 0
175 294 0 0 0 0 0 0 0 0
176 528 1 1 0 0 0 0 0 0
179 152 0 0 0 0 0 152 0 0
180 152 0 0 0 0 0 152 0 0
182 152 0 0 0 0 0 152 43 35
183 70 0 0 0 0 0 0 0 0
222 488 1 1 122 0 0 122 0 0
224 1342 1 1 244 2 0 488 0 0
226 366 0 0 122 2 1 122 0 0
227 122 0 0 122 0 0 0 0 0
228 366 0 0 122 0 0 0 0 0
230 2684 2 2 308 0 0 484 0 0
231 726 0 0 0 0 0 0 0 0
234 759 0 0 253 68 25 0 0 0
235 413 0 0 293 0 0 40 0 0
237 200 1 1 120 0 0 0 0 0
247 40 0 0 40 0 0 0 0 0
248 80 0 0 80 0 0 0 0 0
250 160 0 0 80 0 0 120 0 0
251 40 0 0 0 0 0 0 0 0
254 426 0 0 0 0 0 0 0 0
257 132 0 0 0 0 0 0 0 0
258 396 0 0 0 0 0 0 0 0
259 132 1 1 0 0 0 0 0 0
262 1134 0 0 405 0 0 0 0 0
269 10 1 1 0 0 0 4 0 0
272 4 0 0 0 0 0 0 0 0
279 286 1 1 2 0 0 0 0 0
280 276 0 0 92 4 1 0 0 0
281 350 1 1 210 8 0 0 0 0
285 16 0 0 6 0 0 4 0 0
286 2 0 0 0 0 0 2 0 0
288 2 0 0 0 0 0 2 0 0
289 6 1 1 4 0 0 2 0 0
305 3 1 1 0 0 0 1 0 0
313 2 0 0 1 0 0 0 0 0
315 2 0 0 0 0 0 0 0 0
318 1 0 0 0 0 0 1 0 0
319 1 1 1 0 0 0 1 0 0
320 2 0 0 1 0 0 1 0 0
323 574 0 0 246 0 0 0 0 0
324 492 1 1 164 0 0 0 0 0
331 328 0 0 82 0 0 0 0 0
342 410 1 1 164 0 0 0 0 0
347 164 0 0 164 1 0 82 0 0
349 328 0 0 164 0 0 82 0 0
363 27417 2 2 4218 0 0 18981 12 5
364 2109 0 0 2109 5 2 0 0 0
370 2109 0 0 2109 0 0 0 0 0
374 13054 2 2 13054 30 7 0 0 0
377 13054 0 0 0 0 0 0 0 0
381 25716 2 2 2113 0 0 6327 6 3
385 13052 0 0 6526 24 5 0 0 0
389 13052 2 2 6526 2 0 0 0 0
395 19578 2 2 6526 15 4 0 0 0
399 6526 0 0 0 0 0 6526 0 0
400 6526 0 0 0 0 0 6526 0 0
403 32630 0 0 19578 59 13 0 0 0
404 19578 2 2 13052 17 2 6526 0 0
407 6526 0 0 6526 0 0 0 0 0
408 13052 0 0 0 0 0 0 0 0
410 6526 0 0 6526 748 116 0 0 0
411 6327 0 0 0 0 0 2109 0 0
412 13052 0 0 13052 0 0 0 0 0
415 32630 0 0 13052 0 0 0 0 0
418 45682 0 0 0 0 0 0 0 0
421 4276 0 0 4276 1045 191 0 0 0
422 8552 2 2 0 0 0 0 0 0
423 4276 0 0 0 0 0 0 0 0
425 25656 2 2 6414 0 0 10690 0 0
428 26355 1 1 5271 1582 460 0 0 0
430 6306 0 0 2102 0 0 0 0 0
431 29428 1 1 10510 0 0 12612 7 3
432 4204 0 0 0 0 0 0 0 0
435 6306 0 0 0 0 0 0 0 0
438 9552 0 0 9 0 0 0 0 0
452 16744 2 2 10465 0 0 0 0 0
469 91 1 1 46 0 0 0 0 0
471 2 0 0 0 0 0 0 0 0
477 4188 2 2 2094 0 0 0 0 0
528 4188 0 0 0 0 0 0 0 0
535 10736 0 0 2094 0 0 0 0 0
539 4329 1 1 1443 3 0 0 0 0
551 3944 0 0 1972 0 0 1972 0 0
552 1972 0 0 0 0 0 1972 0 0
553 4188 0 0 0 0 0 0 0 0
570 13299 0 0 0 0 0 0 0 0
573 15 0 0 0 0 0 0 0 0
574 16872 1 1 14763 0 0 0 0 0
fl=./elf/./elf/dl-minimal-malloc.c
fn=__minimal_calloc
78 85 2 2 0 0 0 0 0 0
82 17 0 0 0 0 0 0 0 0
85 17 0 0 0 0 0 0 0 0
86 51 0 0 0 0 0 0 0 0
fn=__minimal_free
95 10 0 0 0 0 0 0 0 0
97 40 2 1 20 0 0 0 0 0
fn=__minimal_malloc
35 225 1 1 0 0 0 90 0 0
36 135 0 0 45 4 1 0 0 0
41 3 0 0 0 0 0 1 0 0
42 2 1 1 1 0 0 0 0 0
43 2 0 0 0 0 0 0 0 0
47 180 1 1 45 0 0 45 0 0
50 303 0 0 0 0 0 0 0 0
55 12 1 1 3 0 0 0 0 0
56 12 0 0 0 0 0 0 0 0
58 3 0 0 0 0 0 0 0 0
59 24 0 0 0 0 0 3 1 1
61 6 0 0 0 0 0 0 0 0
63 6 0 0 3 0 0 0 0 0
65 8 0 0 0 0 0 3 0 0
68 46 0 0 1 0 0 45 4 1
69 49 0 0 0 0 0 45 0 0
71 180 0 0 135 0 0 0 0 0
fl=./elf/./elf/dl-minimal.c
fn=__rtld_malloc_init_real
76 8 1 1 0 0 0 5 0 0
86 2 0 0 0 0 0 1 0 0
87 1 0 0 0 0 0 1 0 0
89 1 0 0 0 0 0 1 0 0
91 6 0 0 0 0 0 1 0 0
92 5 1 1 0 0 0 1 0 0
93 5 0 0 0 0 0 1 0 0
94 4 0 0 0 0 0 1 0 0
99 1 0 0 0 0 0 1 0 0
100 1 0 0 0 0 0 1 0 0
101 1 1 1 0 0 0 1 0 0
102 1 0 0 0 0 0 1 0 0
103 7 0 0 6 0 0 0 0 0
fn=__rtld_malloc_init_stubs
42 1 1 1 0 0 0 0 0 0
43 2 0 0 0 0 0 1 1 1
44 2 0 0 0 0 0 1 0 0
45 2 1 1 0 0 0 1 0 0
46 2 0 0 0 0 0 1 0 0
47 1 0 0 1 0 0 0 0 0
fn=lookup_malloc_symbol
61 28 1 1 0 0 0 12 0 0
63 4 0 0 0 0 0 4 0 0
64 28 1 1 4 0 0 12 0 0
68 28 0 0 16 0 0 0 0 0
69 28 0 0 12 0 0 0 0 0
71 4 1 1 0 0 0 4 0 0
72 20 0 0 16 0 0 0 0 0
fn=strsep
239 4 1 1 0 0 0 0 0 0
242 8 0 0 4 1 1 0 0 0
244 4 0 0 4 0 0 0 0 0
245 8 0 0 0 0 0 0 0 0
249 241 1 1 47 0 0 0 0 0
254 180 0 0 90 0 0 0 0 0
256 264 0 0 88 1 1 0 0 0
260 4 0 0 0 0 0 2 0 0
264 44 0 0 0 0 0 0 0 0
267 3 0 0 0 0 0 3 0 0
271 8 0 0 4 0 0 0 0 0
fl=./elf/./elf/dl-misc.c
fn=_dl_higher_prime_number
87 2 1 1 0 0 0 0 0 0
124 2 0 0 0 0 0 0 0 0
125 2 0 0 0 0 0 0 0 0
127 26 1 1 0 0 0 0 0 0
129 80 0 0 0 0 0 0 0 0
130 37 0 0 10 4 2 0 0 0
131 6 0 0 0 0 0 0 0 0
145 2 0 0 2 0 0 0 0 0
146 2 0 0 2 0 0 0 0 0
fn=_dl_name_match_p
68 540 1 1 0 0 0 180 0 0
69 360 0 0 90 0 0 90 1 1
70 16 0 0 0 0 0 0 0 0
72 90 0 0 90 0 0 0 0 0
74 358 0 0 0 0 0 0 0 0
75 525 1 1 105 0 0 105 0 0
80 89 0 0 89 0 0 0 0 0
82 74 0 0 0 0 0 0 0 0
83 360 0 0 270 0 0 0 0 0
fn=_dl_sysdep_read_whole_file
36 9 1 1 0 0 0 4 0 0
39 3 0 0 0 0 0 1 0 0
40 2 0 0 0 0 0 0 0 0
42 6 1 1 0 0 0 1 0 0
44 2 0 0 1 0 0 1 1 1
47 2 0 0 0 0 0 0 0 0
49 8 0 0 0 0 0 1 0 0
60 3 0 0 0 0 0 1 0 0
63 7 0 0 5 0 0 0 0 0
fl=./elf/./elf/dl-object.c
fn=_dl_add_to_namespace_list
31 36 2 2 0 0 0 18 0 0
33 18 0 0 6 0 0 6 0 0
35 47 0 0 6 0 0 0 0 0
38 80 0 0 20 0 0 0 0 0
40 5 0 0 0 0 0 5 0 0
42 5 0 0 0 0 0 5 0 0
45 2 0 0 0 0 0 1 0 0
46 18 1 1 6 0 0 0 0 0
47 12 0 0 6 0 0 6 0 0
48 12 0 0 0 0 0 6 0 0
50 12 0 0 6 0 0 0 0 0
51 18 0 0 18 0 0 0 0 0
fn=_dl_new_object
59 84 1 1 0 0 0 48 3 3
62 12 1 1 0 0 0 0 0 0
64 2 2 2 0 0 0 0 0 0
66 3 0 0 1 0 0 0 0 0
67 2 1 1 0 0 0 0 0 0
71 2 0 0 0 0 0 0 0 0
77 5 0 0 0 0 0 1 1 1
80 10 0 0 5 0 0 5 0 0
83 20 0 0 0 0 0 5 0 0
87 10 0 0 0 0 0 0 0 0
92 11 0 0 0 0 0 6 0 0
95 12 0 0 0 0 0 0 0 0
98 6 0 0 0 0 0 6 4 4
99 6 0 0 0 0 0 6 6 6
100 12 0 0 6 0 0 0 0 0
103 12 0 0 0 0 0 6 2 2
104 42 1 1 12 0 0 18 2 2
106 6 0 0 0 0 0 6 0 0
119 22 0 0 11 0 0 0 0 0
125 1 0 0 0 0 0 0 0 0
127 42 1 1 12 6 6 12 0 0
130 12 0 0 6 0 0 0 0 0
131 17 1 1 0 0 0 6 6 6
132 6 0 0 0 0 0 6 0 0
136 6 0 0 0 0 0 6 0 0
139 75 1 1 7 0 0 0 0 0
141 16 0 0 0 0 0 16 4 4
149 12 1 1 0 0 0 6 0 0
150 6 0 0 0 0 0 6 6 6
153 1 1 1 0 0 0 0 0 0
155 36 0 0 6 1 1 0 0 0
157 20 0 0 0 0 0 5 2 2
160 14 0 0 0 0 0 0 0 0
164 28 0 0 7 0 0 0 0 0
168 30 1 1 5 0 0 0 0 0
176 2 1 1 0 0 0 1 0 0
179 12 0 0 0 0 0 6 2 2
189 18 0 0 6 0 0 0 0 0
191 25 1 1 0 0 0 15 0 0
195 15 0 0 0 0 0 0 0 0
200 20 0 0 0 0 0 0 0 0
208 5 0 0 0 0 0 0 0 0
212 5 0 0 0 0 0 0 0 0
245 20 0 0 5 0 0 5 0 0
250 168 0 0 0 0 0 0 0 0
251 168 0 0 84 0 0 0 0 0
253 10 0 0 0 0 0 0 0 0
256 5 0 0 0 0 0 5 0 0
259 5 0 0 0 0 0 5 3 3
263 54 1 1 42 0 0 0 0 0
fl=./elf/./elf/dl-reloc.c
fn=_dl_relocate_object
194 91 1 1 0 0 0 56 1 0
204 12 0 0 0 0 0 0 0 0
205 21 0 0 0 0 0 14 0 0
208 14 0 0 0 0 0 7 0 0
210 21 1 1 0 0 0 0 0 0
212 7 0 0 7 0 0 0 0 0
213 21 0 0 7 3 0 0 0 0
232 14 1 1 7 0 0 0 0 0
238 35 0 0 14 0 0 0 0 0
239 14 1 1 7 7 0 0 0 0
240 2 0 0 0 0 0 0 0 0
242 14 0 0 0 0 0 0 0 0
249 28 2 2 7 2 0 7 0 0
288 410 7 7 177 33 0 52 1 0
291 42 0 0 14 0 0 0 0 0
308 3218 1 1 0 0 0 0 0 0
315 7 0 0 7 1 0 0 0 0
318 14 0 0 7 0 0 0 0 0
335 21 0 0 7 6 0 0 0 0
337 56 0 0 49 3 0 0 0 0
343 42 2 2 21 2 0 0 0 0
346 14 0 0 0 0 0 0 0 0
350 14 0 0 0 0 0 0 0 0
351 42 0 0 0 0 0 7 1 0
fl=./elf/./elf/dl-runtime.c
fn=_dl_fixup
46 72 4 4 0 0 0 36 0 0
48 45 0 0 36 6 6 0 0 0
49 27 0 0 18 2 2 0 0 0
54 9 0 0 9 3 2 0 0 0
55 36 2 2 9 5 3 0 0 0
56 63 0 0 9 9 3 9 0 0
58 18 0 0 9 0 0 0 0 0
63 18 0 0 0 0 0 0 0 0
67 18 0 0 9 9 7 0 0 0
69 36 0 0 9 5 3 0 0 0
71 27 1 1 9 5 3 0 0 0
75 27 0 0 18 11 6 0 0 0
76 36 0 0 9 2 2 0 0 0
84 9 0 0 0 0 0 0 0 0
85 27 0 0 9 0 0 0 0 0
87 1 1 1 0 0 0 1 0 0
88 1 0 0 0 0 0 0 0 0
95 99 1 1 18 5 3 27 3 2
99 45 2 2 27 0 0 0 0 0
100 4 1 1 2 0 0 0 0 0
109 90 0 0 36 1 1 9 0 0
124 36 0 0 9 0 0 0 0 0
133 27 2 2 9 1 1 0 0 0
159 27 0 0 9 2 2 0 0 0
163 54 0 0 45 0 0 0 0 0
fl=./elf/./elf/dl-setup_hash.c
fn=_dl_setup_hash
25 14 1 1 0 0 0 0 0 0
28 21 1 1 7 0 0 0 0 0
31 21 0 0 14 0 0 0 0 0
32 14 0 0 7 5 5 7 1 1
33 7 0 0 7 0 0 0 0 0
34 7 0 0 7 0 0 0 0 0
36 21 0 0 0 0 0 0 0 0
37 7 0 0 0 0 0 7 0 0
38 21 0 0 7 0 0 7 0 0
40 28 1 1 0 0 0 7 0 0
41 14 0 0 0 0 0 0 0 0
45 21 0 0 0 0 0 7 0 0
50 7 0 0 7 0 0 0 0 0
fl=./elf/./elf/dl-sort-maps.c
fn=_dl_sort_maps
145 58 0 0 14 0 0 10 0 0
186 2 0 0 0 0 0 0 0 0
187 50 0 0 0 0 0 0 0 0
188 28 0 0 28 0 0 0 0 0
223 38 6 6 2 0 0 0 0 0
228 4 0 0 0 0 0 2 0 0
230 2 0 0 0 0 0 2 0 0
231 16 0 0 0 0 0 0 0 0
233 36 0 0 0 0 0 0 0 0
235 14 2 2 14 0 0 0 0 0
238 28 0 0 14 0 0 0 0 0
256 4 0 0 2 0 0 0 0 0
269 2 2 2 0 0 0 0 0 0
276 10 2 2 0 0 0 2 0 0
290 22 4 3 0 0 0 14 0 0
298 6 0 0 2 2 1 0 0 0
302 18 4 4 14 0 0 0 0 0
fn=_dl_sort_maps_init
281 2 1 1 0 0 0 0 0 0
282 4 0 0 0 0 0 1 0 0
283 1 0 0 0 0 0 1 0 0
284 3 0 0 1 0 0 0 0 0
285 2 0 0 1 0 0 0 0 0
fn=dfs_traversal.part.0
140 112 2 2 0 0 0 56 0 0
145 20 2 2 4 0 0 4 0 0
148 14 2 2 14 0 0 0 0 0
150 42 0 0 14 4 4 0 0 0
152 184 0 0 48 6 6 0 0 0
155 66 0 0 33 0 0 0 0 0
161 49 0 0 7 0 0 0 0 0
176 42 0 0 14 0 0 14 0 0
177 14 0 0 0 0 0 14 0 0
178 84 0 0 70 0 0 0 0 0
fl=./elf/./elf/dl-tunables.c
fn=__GI___tunable_set_val
102 45 1 1 5 0 0 0 0 0
111 5 0 0 5 0 0 0 0 0
112 25 0 0 10 0 0 0 0 0
113 40 1 1 10 0 0 0 0 0
116 15 0 0 0 0 0 0 0 0
119 10 0 0 0 0 0 0 0 0
123 10 0 0 0 0 0 0 0 0
130 10 1 1 0 0 0 0 0 0
131 10 0 0 0 0 0 0 0 0
134 30 0 0 0 0 0 5 0 0
135 5 0 0 0 0 0 5 0 0
136 5 0 0 0 0 0 5 0 0
137 5 0 0 0 0 0 5 0 0
157 25 1 1 0 0 0 0 0 0
161 5 0 0 5 0 0 0 0 0
fn=__GI___tunables_init
71 170 0 0 34 0 0 0 0 0
74 66 0 0 0 0 0 0 0 0
77 2492 1 1 356 16 16 0 0 0
81 66 1 1 0 0 0 0 0 0
86 132 0 0 0 0 0 0 0 0
273 7 0 0 1 0 0 0 0 0
282 9 2 2 0 0 0 6 1 1
305 4620 0 0 0 0 0 0 0 0
311 7260 1 1 2310 35 35 0 0 0
323 132 0 0 33 0 0 0 0 0
357 8 0 0 7 0 0 0 0 0
fn=__tunable_get_val
405 36 1 1 0 0 0 0 0 0
408 390 1 1 36 28 17 0 0 0
417 46 0 0 36 3 0 10 0 0
427 26 0 0 0 0 0 26 0 0
428 26 0 0 0 0 0 0 0 0
434 180 0 0 36 7 0 0 0 0
436 36 1 1 36 0 0 0 0 0
fl=./elf/./elf/dl-tunables.h
fn=__GI___tunable_set_val
121 10 0 0 0 0 0 0 0 0
122 5 0 0 0 0 0 0 0 0
131 20 1 1 0 0 0 0 0 0
fn=__GI___tunables_init
140 580 0 0 388 1 1 0 0 0
141 1436 1 1 0 0 0 0 0 0
fl=./elf/./elf/dl-version.c
fn=_dl_check_all_versions
361 6 1 1 0 0 0 4 0 0
363 2 0 0 0 0 0 0 0 0
365 26 0 0 7 0 0 0 0 0
366 7 0 0 0 0 0 0 0 0
367 63 1 1 7 0 0 7 0 0
370 7 0 0 5 0 0 0 0 0
fn=_dl_check_map_versions
36 148 1 1 20 0 0 0 0 0
37 39 0 0 39 0 0 0 0 0
38 245 1 1 0 0 0 49 0 0
56 148 0 0 111 0 0 0 0 0
64 111 1 1 37 0 0 0 0 0
70 111 0 0 37 1 0 0 0 0
86 37 0 0 37 1 0 0 0 0
87 74 0 0 0 0 0 0 0 0
89 37 0 0 37 0 0 0 0 0
94 1299 1 1 520 28 28 74 0 0
108 1040 0 0 520 7 7 0 0 0
110 37 1 1 37 0 0 0 0 0
113 306 0 0 47 1 0 37 0 0
120 1449 0 0 483 8 8 0 0 0
124 483 0 0 0 0 0 0 0 0
142 20 0 0 0 0 0 20 0 0
155 70 2 2 0 0 0 56 1 0
156 7 0 0 0 0 0 7 0 0
164 7 1 1 0 0 0 0 0 0
170 21 0 0 7 0 0 0 0 0
172 35 0 0 14 1 0 7 0 0
174 14 0 0 7 2 0 7 0 0
175 14 1 1 7 0 0 7 0 0
177 14 0 0 0 0 0 0 0 0
180 15 0 0 10 0 0 5 0 0
184 15 0 0 5 5 5 0 0 0
197 5 0 0 0 0 0 0 0 0
198 5 0 0 0 0 0 0 0 0
200 20 0 0 20 0 0 0 0 0
208 30 0 0 10 0 0 0 0 0
213 40 0 0 20 1 1 0 0 0
217 321 1 1 269 0 0 0 0 0
219 37 0 0 37 7 7 0 0 0
221 101 0 0 37 3 3 37 0 0
224 148 1 1 37 0 0 0 0 0
227 111 0 0 37 0 0 0 0 0
232 27 0 0 0 0 0 0 0 0
236 40 1 1 20 0 0 0 0 0
241 10 0 0 0 0 0 5 0 0
250 15 2 2 7 0 0 0 0 0
253 20 0 0 15 0 0 0 0 0
256 484 0 0 121 15 15 0 0 0
259 363 0 0 121 8 8 0 0 0
263 116 0 0 0 0 0 0 0 0
267 12 1 1 0 0 0 0 0 0
272 6 0 0 0 0 0 6 1 0
273 12 0 0 0 0 0 0 0 0
274 12 0 0 0 0 0 0 0 0
284 6 0 0 0 0 0 6 0 0
287 30 1 1 18 1 0 6 0 0
289 18 0 0 6 0 0 0 0 0
292 20 0 0 15 0 0 0 0 0
294 5 0 0 0 0 0 0 0 0
296 30 0 0 10 0 0 0 0 0
299 111 2 2 37 0 0 0 0 0
301 148 0 0 0 0 0 0 0 0
303 185 0 0 37 0 0 37 0 0
304 74 0 0 0 0 0 37 14 14
305 111 0 0 37 0 0 37 6 6
306 111 0 0 37 0 0 37 0 0
309 111 0 0 37 0 0 0 0 0
314 27 0 0 0 0 0 0 0 0
317 30 0 0 10 0 0 0 0 0
322 5 0 0 0 0 0 0 0 0
327 18 1 1 6 0 0 0 0 0
330 20 0 0 15 0 0 0 0 0
334 116 0 0 116 0 0 0 0 0
336 242 0 0 121 0 0 0 0 0
340 116 0 0 116 0 0 0 0 0
341 580 0 0 116 0 0 116 30 30
342 348 0 0 116 0 0 116 0 0
343 116 0 0 0 0 0 116 13 13
346 363 0 0 121 0 0 0 0 0
350 116 0 0 0 0 0 0 0 0
356 63 1 1 56 0 0 0 0 0
fl=./elf/./elf/do-rel.h
fn=_dl_relocate_object
49 42 0 0 14 0 0 14 0 0
50 14 1 1 7 0 0 0 0 0
52 10 0 0 0 0 0 6 0 0
53 12 1 1 0 0 0 8 2 0
60 42 0 0 14 0 0 0 0 0
63 3551 1 1 4 0 0 0 0 0
65 4692 1 1 1173 439 439 0 0 0
67 171 0 0 0 0 0 0 0 0
76 24 0 0 0 0 0 0 0 0
77 193 0 0 2 0 0 0 0 0
78 114 0 0 57 0 0 0 0 0
86 60 1 1 30 2 0 10 0 0
88 20 0 0 0 0 0 0 0 0
100 30 1 1 0 0 0 0 0 0
110 16 0 0 0 0 0 0 0 0
113 6340 0 0 0 0 0 0 0 0
114 4212 0 0 2106 267 264 0 0 0
120 40 0 0 10 7 0 10 2 0
124 32 0 0 16 5 0 8 0 0
126 10207 1 1 3405 0 0 0 0 0
128 16985 0 0 10191 2034 1090 0 0 0
129 13588 0 0 3397 0 0 3397 2 0
130 10191 1 1 6794 0 0 3397 0 0
131 13588 0 0 3397 2 0 0 0 0
133 10191 1 1 0 0 0 0 0 0
135 10 1 1 2 0 0 4 1 0
138 2 0 0 0 0 0 0 0 0
142 3395 0 0 0 0 0 3395 0 0
145 10242 2 2 3395 0 0 0 0 0
146 51 1 1 17 0 0 0 0 0
158 30 1 1 12 0 0 0 0 0
159 16 1 1 2 0 0 0 0 0
160 6 1 1 2 0 0 0 0 0
163 6 0 0 4 0 0 0 0 0
165 8 0 0 2 0 0 2 0 0
166 2 0 0 2 0 0 0 0 0
167 6 0 0 4 0 0 2 0 0
175 25 0 0 8 0 0 1 0 0
177 42 1 1 12 1 1 6 0 0
178 12 0 0 12 0 0 0 0 0
180 18 0 0 0 0 0 0 0 0
188 6 0 0 0 0 0 6 0 0
191 18 0 0 6 0 0 0 0 0
205 4 0 0 1 0 0 0 0 0
fn=_dl_start
49 4 0 0 2 0 0 0 0 0
50 1 0 0 1 0 0 0 0 0
86 10 0 0 4 0 0 0 0 0
88 4 0 0 0 0 0 0 0 0
113 431 0 0 0 0 0 0 0 0
114 284 1 1 142 18 18 0 0 0
118 4 0 0 2 0 0 0 0 0
126 28 0 0 0 0 0 0 0 0
128 21 1 1 7 2 2 0 0 0
129 14 0 0 0 0 0 0 0 0
130 14 0 0 7 0 0 0 0 0
fl=./elf/./elf/get-dynamic-info.h
fn=_dl_map_object_from_fd
39 10 0 0 0 0 0 0 0 0
43 5 0 0 0 0 0 0 0 0
45 499 0 0 126 36 36 0 0 0
49 242 0 0 0 0 0 0 0 0
54 129 1 1 0 0 0 0 0 0
55 88 0 0 0 0 0 0 0 0
56 25 0 0 0 0 0 0 0 0
58 5 0 0 0 0 0 0 0 0
59 25 1 1 0 0 0 0 0 0
61 5 0 0 0 0 0 0 0 0
62 25 2 2 0 0 0 0 0 0
64 25 0 0 0 0 0 0 0 0
68 121 0 0 0 0 0 121 29 29
72 20 0 0 5 0 0 0 0 0
82 17 1 1 7 0 0 0 0 0
83 20 0 0 10 0 0 0 0 0
84 20 0 0 10 0 0 0 0 0
85 20 0 0 10 0 0 0 0 0
87 20 0 0 10 0 0 0 0 0
92 19 1 1 9 1 1 0 0 0
93 19 0 0 9 1 1 0 0 0
94 20 0 0 10 0 0 0 0 0
97 15 0 0 5 0 0 0 0 0
102 8 0 0 4 0 0 0 0 0
109 10 1 1 5 0 0 0 0 0
110 15 0 0 10 0 0 0 0 0
132 15 0 0 5 1 1 0 0 0
137 4 0 0 2 0 0 2 0 0
139 4 0 0 0 0 0 0 0 0
141 4 0 0 0 0 0 0 0 0
143 4 0 0 0 0 0 0 0 0
147 15 1 1 5 0 0 0 0 0
149 3 0 0 1 0 0 1 0 0
150 2 0 0 0 0 0 0 0 0
159 2 1 1 1 0 0 0 0 0
160 3 1 1 0 0 0 0 0 0
165 2 0 0 0 0 0 0 0 0
169 10 0 0 5 0 0 0 0 0
fl=./elf/./elf/libc_early_init.c
fn=__libc_early_init
33 7 1 1 1 0 0 2 0 0
35 1 0 0 0 0 0 1 0 0
38 2 1 1 1 1 0 1 1 1
41 1 0 0 0 0 0 1 1 1
47 4 0 0 2 0 0 0 0 0
49 2 0 0 1 0 0 0 0 0
fl=./elf/./elf/rtld.c
fn=_dl_start
85 8 1 1 0 0 0 2 1 1
488 3 0 0 0 0 0 1 0 0
489 1 0 0 0 0 0 1 0 0
490 6 0 0 0 0 0 1 0 0
492 2 1 1 0 0 0 1 1 1
501 1 0 0 0 0 0 1 0 0
507 4 1 0 1 0 0 1 0 0
509 2 0 0 1 0 0 0 0 0
527 10 2 2 0 0 0 7 2 2
553 1 0 0 0 0 0 1 1 1
556 2 1 1 0 0 0 1 1 1
557 1 0 0 1 1 1 0 0 0
573 56 3 3 12 0 0 8 1 1
575 1 1 1 1 0 0 0 0 0
588 1 0 0 0 0 0 1 0 0
592 2 0 0 0 0 0 1 0 0
607 9 0 0 7 2 0 0 0 0
fn=dl_main
85 16 3 3 0 0 0 1 0 0
92 12 1 1 0 0 0 0 0 0
93 2 0 0 1 0 0 1 0 0
101 7 0 0 3 0 0 0 0 0
205 2 0 0 0 0 0 1 0 0
207 1 1 1 0 0 0 1 0 0
232 2 1 1 2 1 1 0 0 0
233 4 1 1 3 0 0 0 0 0
234 4 0 0 0 0 0 0 0 0
304 3 0 0 0 0 0 3 0 0
310 1 0 0 0 0 0 1 0 0
311 2 0 0 0 0 0 1 0 0
862 1 0 0 1 0 0 0 0 0
864 1 1 1 0 0 0 1 0 0
870 1 0 0 1 0 0 0 0 0
873 1 0 0 0 0 0 1 0 0
875 1 0 0 0 0 0 1 0 0
880 1 0 0 0 0 0 1 0 0
1140 2 0 0 1 0 0 1 0 0
1143 1 0 0 0 0 0 1 0 0
1146 1 0 0 0 0 0 1 0 0
1148 2 0 0 1 1 1 1 1 1
1150 1 0 0 1 0 0 0 0 0
1151 1 0 0 1 0 0 0 0 0
1166 1 0 0 0 0 0 0 0 0
1169 46 4 4 2 0 0 0 0 0
1170 117 1 1 22 7 7 0 0 0
1174 3 1 1 2 0 0 1 0 0
1179 3 1 1 2 0 0 1 0 0
1180 9 0 0 2 0 0 1 0 0
1189 2 0 0 0 0 0 1 0 0
1190 2 0 0 2 1 1 0 0 0
1192 1 0 0 0 0 0 1 0 0
1199 3 1 1 1 0 0 0 0 0
1211 1 0 0 0 0 0 0 0 0
1217 1 0 0 0 0 0 1 0 0
1225 8 0 0 4 0 0 0 0 0
1226 18 2 2 5 1 1 0 0 0
1227 8 0 0 4 0 0 0 0 0
1228 1 0 0 0 0 0 1 0 0
1230 12 0 0 4 0 0 0 0 0
1231 14 1 1 0 0 0 0 0 0
1235 8 0 0 4 3 3 0 0 0
1236 8 0 0 4 0 0 0 0 0
1237 4 0 0 0 0 0 4 0 0
1238 10 0 0 5 0 0 0 0 0
1239 1 0 0 0 0 0 1 0 0
1243 12 1 1 0 0 0 0 0 0
1271 2 0 0 1 0 0 1 1 1
1275 4 0 0 2 1 1 1 0 0
1277 1 0 0 0 0 0 0 0 0
1281 26 0 0 13 0 0 0 0 0
1282 61 1 1 13 0 0 0 0 0
1288 17 0 0 0 0 0 1 0 0
1294 3 0 0 1 1 1 0 0 0
1297 4 0 0 2 0 0 0 0 0
1299 3 1 1 1 0 0 0 0 0
1301 2 0 0 1 0 0 0 0 0
1320 14 2 2 0 0 0 10 1 1
1325 1 0 0 0 0 0 0 0 0
1326 1 0 0 0 0 0 1 0 0
1332 1 0 0 0 0 0 1 1 1
1348 3 0 0 2 0 0 1 0 0
1349 4 1 1 2 0 0 0 0 0
1627 10 2 2 0 0 0 2 0 0
1629 2 0 0 0 0 0 0 0 0
1630 2 0 0 1 0 0 1 0 0
1631 2 0 0 1 0 0 1 0 0
1632 3 1 1 2 0 0 1 0 0
1636 3 0 0 0 0 0 1 0 0
1637 2 0 0 1 0 0 0 0 0
1662 3 0 0 1 0 0 0 0 0
1663 6 0 0 2 0 0 1 0 0
1664 3 1 1 2 0 0 0 0 0
1665 3 0 0 3 0 0 0 0 0
1668 1 0 0 0 0 0 1 0 0
1670 1 0 0 0 0 0 1 1 1
1671 1 1 1 0 0 0 1 1 1
1673 2 0 0 1 0 0 0 0 0
1674 2 0 0 0 0 0 1 0 0
1678 2 0 0 1 0 0 0 0 0
1680 2 0 0 1 0 0 0 0 0
1688 3 0 0 1 0 0 0 0 0
1695 2 1 1 0 0 0 1 0 0
1698 2 0 0 1 0 0 0 0 0
1723 9 0 0 1 0 0 2 0 0
1731 4 0 0 1 0 0 2 0 0
1733 1 0 0 0 0 0 1 0 0
1738 2 0 0 1 0 0 0 0 0
1741 4 1 1 2 0 0 1 0 0
1742 4 0 0 1 0 0 1 0 0
1743 2 0 0 0 0 0 1 0 0
1744 1 0 0 0 0 0 1 0 0
1745 1 1 1 1 0 0 0 0 0
1746 1 0 0 1 0 0 0 0 0
1751 2 0 0 1 0 0 0 0 0
1752 3 1 1 1 0 0 1 0 0
1764 2 0 0 1 1 1 0 0 0
1765 2 0 0 1 0 0 0 0 0
1767 2 0 0 1 0 0 0 0 0
1769 1 0 0 0 0 0 1 0 0
1770 3 1 1 1 0 0 1 0 0
1775 5 0 0 0 0 0 0 0 0
1776 5 0 0 1 1 1 0 0 0
1778 4 1 1 2 1 1 1 1 1
1784 2 0 0 1 1 1 0 0 0
1786 3 1 1 2 0 0 0 0 0
1793 2 1 1 1 0 0 0 0 0
1797 1 1 1 0 0 0 1 0 0
1798 2 0 0 1 0 0 0 0 0
1822 2 0 0 0 0 0 2 0 0
1828 2 0 0 1 0 0 1 0 0
1829 1 0 0 0 0 0 1 0 0
1830 1 1 1 0 0 0 0 0 0
1834 3 0 0 0 0 0 1 0 0
1839 3 0 0 2 0 0 0 0 0
1841 1 0 0 0 0 0 0 0 0
1843 2 0 0 1 0 0 0 0 0
1847 5 0 0 1 0 0 1 0 0
1852 2 0 0 1 0 0 0 0 0
1868 6 1 1 0 0 0 1 0 0
1944 4 0 0 2 0 0 0 0 0
1948 19 3 3 1 0 0 0 0 0
1949 1 0 0 0 0 0 0 0 0
1952 3 0 0 0 0 0 1 0 0
1953 1 0 0 1 0 0 0 0 0
1954 2 0 0 0 0 0 0 0 0
1955 2 0 0 0 0 0 0 0 0
1960 3 0 0 1 0 0 0 0 0
1970 8 0 0 1 0 0 1 0 0
1976 31 1 1 1 0 0 0 0 0
1977 17 0 0 15 0 0 0 0 0
1980 4 0 0 3 0 0 1 0 0
1981 3 1 1 1 0 0 0 0 0
1982 1 0 0 0 0 0 1 0 0
1984 19 0 0 0 0 0 0 0 0
1985 19 1 1 6 0 0 0 0 0
1995 1 0 0 0 0 0 1 0 0
1997 3 0 0 1 0 0 1 0 0
1998 2 0 0 0 0 0 0 0 0
2000 2 0 0 0 0 0 1 0 0
2002 4 0 0 1 0 0 0 0 0
2004 3 0 0 1 1 0 0 0 0
2005 1 0 0 1 0 0 0 0 0
2006 2 1 1 0 0 0 0 0 0
2018 2 0 0 0 0 0 0 0 0
2019 2 0 0 0 0 0 1 0 0
2020 3 0 0 1 0 0 0 0 0
2022 2 1 1 1 0 0 0 0 0
2023 2 0 0 0 0 0 1 0 0
2031 4 0 0 0 0 0 1 1 1
2032 4 0 0 0 0 0 1 0 0
2033 5 1 1 0 0 0 1 0 0
2043 2 0 0 1 1 0 1 0 0
2044 2 0 0 0 0 0 0 0 0
2045 4 1 1 0 0 0 1 0 0
2047 2 0 0 1 0 0 0 0 0
2052 3 0 0 1 0 0 0 0 0
2282 3 0 0 1 1 0 0 0 0
2331 1 0 0 1 0 0 0 0 0
2338 2 0 0 0 0 0 1 0 0
2342 2 1 1 1 0 0 1 0 0
2348 2 0 0 1 0 0 1 0 0
2351 2 0 0 0 0 0 0 0 0
2359 2 0 0 2 0 0 0 0 0
2361 2 0 0 0 0 0 0 0 0
2415 3 1 1 1 0 0 0 0 0
2418 1 1 1 1 0 0 0 0 0
2422 1 0 0 1 0 0 0 0 0
2423 35 2 2 1 1 0 1 0 0
2425 14 0 0 14 4 0 0 0 0
2430 14 0 0 14 7 0 0 0 0
2432 16 0 0 0 0 0 0 0 0
2434 1 1 1 0 0 0 1 0 0
2435 1 0 0 1 0 0 0 0 0
2438 7 0 0 7 2 0 0 0 0
2440 21 1 1 0 0 0 0 0 0
2441 48 0 0 12 7 0 6 0 0
2445 18 0 0 9 4 0 0 0 0
2446 6 0 0 0 0 0 2 0 0
2454 2 1 1 1 0 0 0 0 0
2459 4 0 0 2 0 0 0 0 0
2461 1 0 0 1 0 0 0 0 0
2468 3 0 0 0 0 0 1 0 0
2471 2 1 1 1 0 0 0 0 0
2481 3 1 1 2 1 0 0 0 0
2483 4 0 0 1 0 0 0 0 0
2493 1 0 0 0 0 0 1 0 0
2498 2 0 0 0 0 0 1 0 0
2501 1 0 0 0 0 0 1 0 0
2507 1 0 0 1 0 0 0 0 0
2508 5 0 0 1 0 0 1 0 0
2516 3 0 0 1 0 0 1 0 0
2523 1 0 0 0 0 0 1 0 0
2527 3 1 1 0 0 0 1 0 0
2532 3 0 0 0 0 0 1 0 0
2533 1 0 0 0 0 0 1 0 0
2534 1 0 0 0 0 0 1 0 0
2535 1 0 0 0 0 0 0 0 0
2539 1 0 0 0 0 0 1 0 0
2544 8 0 0 7 2 0 0 0 0
2677 3 0 0 1 0 0 2 0 0
2679 1 0 0 0 0 0 0 0 0
2683 6 1 1 1 0 0 1 1 1
2685 16 0 0 0 0 0 3 0 0
2687 2 0 0 0 0 0 0 0 0
2689 107 0 0 21 0 0 0 0 0
2690 19 1 1 0 0 0 0 0 0
2698 13 0 0 2 1 1 0 0 0
2719 2 1 1 1 0 0 0 0 0
2726 6 1 1 3 0 0 0 0 0
2728 2 0 0 0 0 0 1 0 0
2729 1 0 0 0 0 0 0 0 0
2774 3 1 1 1 0 0 0 0 0
2775 5 1 1 2 0 0 0 0 0
2777 2 1 1 0 0 0 1 0 0
2778 2 0 0 0 0 0 1 0 0
2779 1 0 0 0 0 0 0 0 0
2818 1 0 0 0 0 0 0 0 0
2829 1 0 0 0 0 0 0 0 0
2845 4 1 1 1 0 0 0 0 0
2877 2 0 0 0 0 0 0 0 0
fn=handle_preload_list
191 3 1 1 1 0 0 0 0 0
831 1 1 1 0 0 0 1 0 0
835 1 0 0 0 0 0 1 0 0
836 2 0 0 1 0 0 1 0 0
837 1 0 0 0 0 0 1 0 0
839 1 0 0 1 0 0 0 0 0
841 7 0 0 0 0 0 1 0 0
842 3 0 0 1 0 0 0 0 0
850 3 0 0 1 0 0 0 0 0
894 12 1 1 1 1 1 8 1 1
895 3 1 1 0 0 0 0 0 0
899 5 0 0 2 0 0 0 0 0
902 4 0 0 0 0 0 1 0 0
903 3 0 0 0 0 0 0 0 0
905 5 1 1 0 0 0 1 0 0
906 2 0 0 0 0 0 1 0 0
912 1 0 0 0 0 0 0 0 0
914 2 0 0 1 0 0 0 0 0
916 2 0 0 1 0 0 0 0 0
917 1 0 0 0 0 0 0 0 0
920 9 0 0 7 0 0 0 0 0
fn=init_tls
756 3 1 1 0 0 0 2 0 0
758 2 0 0 1 0 0 1 0 0
762 3 0 0 1 0 0 0 0 0
768 2 1 1 0 0 0 1 0 0
771 1 0 0 0 0 0 1 0 0
772 1 0 0 0 0 0 0 0 0
773 1 0 0 0 0 0 0 0 0
777 1 0 0 0 0 0 0 0 0
779 1 0 0 0 0 0 1 0 0
783 2 0 0 1 1 1 0 0 0
784 2 0 0 0 0 0 0 0 0
785 18 1 1 1 0 0 0 0 0
786 7 1 1 7 0 0 0 0 0
787 14 0 0 7 4 0 0 0 0
791 6 0 0 0 0 0 2 1 1
793 2 0 0 0 0 0 0 0 0
795 3 0 0 1 0 0 0 0 0
798 2 1 1 0 0 0 1 0 0
801 1 0 0 0 0 0 1 0 0
808 2 0 0 0 0 0 1 0 0
809 2 0 0 0 0 0 0 0 0
815 2 0 0 1 0 0 1 0 0
818 8 0 0 0 0 0 2 0 0
821 1 0 0 0 0 0 1 0 0
822 1 0 0 0 0 0 1 0 0
825 5 0 0 3 0 0 0 0 0
fn=map_doit
663 3 1 1 0 0 0 1 0 0
665 4 0 0 1 0 0 0 0 0
666 6 1 1 2 0 0 2 0 0
668 2 0 0 2 0 0 0 0 0
fn=version_check_doit
696 3 1 1 0 0 0 1 0 0
698 6 1 1 2 0 0 1 0 0
702 2 0 0 2 0 0 0 0 0
fl=./elf/./get-dynamic-info.h
fn=_dl_start
45 75 0 0 19 5 5 0 0 0
49 36 1 1 0 0 0 0 0 0
54 21 0 0 0 0 0 0 0 0
55 14 0 0 0 0 0 0 0 0
56 5 0 0 0 0 0 0 0 0
58 1 0 0 0 0 0 0 0 0
59 5 1 1 0 0 0 0 0 0
61 1 0 0 0 0 0 0 0 0
62 5 1 1 0 0 0 0 0 0
64 5 0 0 0 0 0 0 0 0
68 19 0 0 0 0 0 18 6 6
72 3 0 0 0 0 0 0 0 0
82 4 1 1 2 0 0 0 0 0
83 4 0 0 2 0 0 0 0 0
84 4 0 0 2 0 0 0 0 0
85 4 0 0 2 0 0 0 0 0
87 4 1 1 2 0 0 0 0 0
92 4 0 0 2 0 0 0 0 0
93 4 0 0 2 0 0 0 0 0
94 4 0 0 2 0 0 0 0 0
97 3 1 1 1 0 0 0 0 0
102 2 0 0 1 0 0 0 0 0
109 3 0 0 1 0 0 0 0 0
110 3 0 0 2 0 0 0 0 0
118 2 0 0 1 1 1 0 0 0
119 2 1 1 1 0 0 0 0 0
124 3 0 0 1 0 0 0 0 0
127 3 0 0 1 0 0 0 0 0
fn=dl_main
39 3 1 1 1 0 0 0 0 0
43 1 0 0 0 0 0 0 0 0
45 111 0 0 28 8 8 0 0 0
49 54 1 1 0 0 0 0 0 0
54 25 0 0 0 0 0 0 0 0
55 17 0 0 0 0 0 0 0 0
56 5 0 0 0 0 0 0 0 0
58 1 0 0 0 0 0 0 0 0
59 5 1 1 0 0 0 0 0 0
61 1 0 0 0 0 0 0 0 0
62 5 0 0 0 0 0 0 0 0
64 5 0 0 0 0 0 0 0 0
68 27 0 0 0 0 0 27 6 6
72 5 2 2 2 0 0 0 0 0
82 3 0 0 1 0 0 0 0 0
83 4 0 0 2 0 0 0 0 0
84 4 1 1 2 0 0 0 0 0
85 4 0 0 2 0 0 0 0 0
87 4 0 0 2 0 0 0 0 0
92 4 0 0 2 0 0 0 0 0
93 4 1 1 2 0 0 0 0 0
94 5 0 0 2 0 0 0 0 0
97 3 0 0 1 0 0 0 0 0
102 2 0 0 1 0 0 0 0 0
109 2 0 0 1 0 0 0 0 0
110 3 0 0 2 0 0 0 0 0
132 3 1 1 1 0 0 0 0 0
137 2 0 0 1 0 0 1 0 0
139 2 0 0 0 0 0 0 0 0
141 2 0 0 0 0 0 0 0 0
143 2 0 0 0 0 0 0 0 0
144 1 0 0 0 0 0 1 0 0
147 3 1 1 1 0 0 0 0 0
149 3 0 0 1 0 0 1 0 0
150 2 0 0 0 0 0 0 0 0
159 2 0 0 1 0 0 0 0 0
160 3 1 1 0 0 0 0 0 0
165 2 0 0 0 0 0 0 0 0
166 2 0 0 1 0 0 1 0 0
169 2 1 1 1 0 0 0 0 0
fl=./elf/./setup-vdso.h
fn=dl_main
24 2 0 0 1 1 1 0 0 0
fl=./io/../sysdeps/unix/sysv/linux/access.c
fn=access
25 1 1 1 0 0 0 0 0 0
27 7 0 0 0 0 0 1 0 0
31 1 0 0 1 0 0 0 0 0
fl=./io/../sysdeps/unix/sysv/linux/close_nocancel.c
fn=__GI___close_nocancel
25 6 1 1 0 0 0 0 0 0
26 24 0 0 0 0 0 0 0 0
27 6 0 0 6 0 0 0 0 0
fl=./io/../sysdeps/unix/sysv/linux/fstat64.c
fn=fstat
29 14 2 2 0 0 0 0 0 0
30 14 0 0 0 0 0 0 0 0
35 21 0 0 0 0 0 0 0 0
fl=./io/../sysdeps/unix/sysv/linux/fstatat64.c
fn=fstatat
98 54 0 0 0 0 0 0 0 0
153 54 2 2 0 0 0 0 0 0
167 36 0 0 0 0 0 18 0 0
168 99 1 1 18 0 0 0 0 0
169 9 0 0 9 0 0 0 0 0
fl=./io/../sysdeps/unix/sysv/linux/open64_nocancel.c
fn=__open_nocancel
28 288 1 1 0 0 0 72 1 1
31 504 1 1 0 0 0 0 0 0
39 702 0 0 0 0 0 66 0 0
41 72 0 0 72 0 0 0 0 0
fl=./io/../sysdeps/unix/sysv/linux/pread64_nocancel.c
fn=__pread64_nocancel
25 8 1 1 0 0 0 0 0 0
26 16 0 0 0 0 0 0 0 0
27 4 0 0 4 0 0 0 0 0
fl=./io/../sysdeps/unix/sysv/linux/read_nocancel.c
fn=__read_nocancel
25 5 1 1 0 0 0 0 0 0
26 20 0 0 0 0 0 0 0 0
27 5 0 0 5 0 0 0 0 0
fl=./io/../sysdeps/unix/sysv/linux/stat64.c
fn=stat
28 40 1 1 0 0 0 0 0 0
29 80 0 0 0 0 0 0 0 0
fl=./io/../sysdeps/unix/sysv/linux/write.c
fn=write
25 10 2 2 0 0 0 6 0 0
26 32 1 1 10 0 0 6 0 0
27 4 0 0 2 0 0 0 0 0
fl=./libio/../include/sys/sysmacros.h
fn=_IO_file_doallocate
47 6 0 0 0 0 0 0 0 0
fl=./libio/./libio/filedoalloc.c
fn=_IO_file_doallocate
78 9 1 1 1 0 0 4 0 0
84 9 1 1 3 2 2 1 1 1
86 4 1 1 1 1 1 0 0 0
89 2 0 0 0 0 0 0 0 0
91 2 1 1 1 0 0 0 0 0
94 2 0 0 1 0 0 0 0 0
97 4 0 0 1 0 0 0 0 0
101 3 0 0 0 0 0 1 0 0
102 2 0 0 0 0 0 0 0 0
104 4 0 0 0 0 0 1 0 0
105 1 1 1 0 0 0 0 0 0
106 8 0 0 6 0 0 0 0 0
fl=./libio/./libio/fileops.c
fn=_IO_do_write@@GLIBC_2.2.5
423 21 2 2 0 0 0 12 0 0
425 17 0 0 0 0 0 0 0 0
426 17 0 0 15 0 0 0 0 0
433 4 0 0 2 0 0 0 0 0
440 8 1 1 4 0 0 0 0 0
443 2 0 0 2 0 0 0 0 0
448 10 0 0 2 0 0 2 0 0
449 10 0 0 2 0 0 0 0 0
451 6 0 0 2 0 0 4 0 0
452 4 0 0 0 0 0 2 0 0
453 2 0 0 0 0 0 2 0 0
454 4 1 1 2 0 0 0 0 0
455 8 1 1 2 0 0 0 0 0
fn=_IO_file_overflow@@GLIBC_2.2.5
731 300 1 1 0 0 0 180 0 0
732 240 0 0 60 0 0 0 0 0
739 298 0 0 60 0 0 0 0 0
742 2 1 1 0 0 0 0 0 0
744 2 1 1 0 0 0 1 0 0
745 6 0 0 1 0 0 2 0 0
754 3 1 1 1 0 0 0 0 0
763 3 0 0 1 0 0 0 0 0
765 1 0 0 0 0 0 1 0 0
766 1 0 0 0 0 0 1 0 0
767 2 0 0 0 0 0 1 0 0
768 3 0 0 1 0 0 2 0 0
770 3 0 0 0 0 0 1 0 0
771 5 1 1 1 0 0 0 0 0
772 1 0 0 0 0 0 1 0 0
774 120 0 0 0 0 0 0 0 0
775 6 0 0 0 0 0 0 0 0
776 62 0 0 59 0 0 0 0 0
777 114 0 0 57 0 0 0 0 0
780 171 0 0 0 0 0 114 0 0
781 171 0 0 57 0 0 0 0 0
782 228 0 0 0 0 0 0 0 0
786 57 0 0 0 0 0 0 0 0
787 237 0 0 237 0 0 0 0 0
fn=_IO_file_setbuf@@GLIBC_2.2.5
381 3 1 1 0 0 0 1 0 0
382 3 0 0 0 0 0 1 0 0
385 1 0 0 1 0 0 0 0 0
387 3 1 1 0 0 0 3 0 0
389 2 0 0 0 0 0 0 0 0
390 2 0 0 2 0 0 0 0 0
fn=_IO_file_stat
1146 1 1 1 0 0 0 0 0 0
1147 2 0 0 1 0 0 0 0 0
fn=_IO_file_sync@@GLIBC_2.2.5
792 5 1 1 0 0 0 2 0 0
797 4 1 1 2 0 0 0 0 0
799 1 0 0 1 0 0 0 0 0
800 2 0 0 1 0 0 0 0 0
811 2 1 1 0 0 0 1 0 0
815 4 0 0 3 0 0 0 0 0
fn=_IO_file_write@@GLIBC_2.2.5
1173 14 1 1 0 0 0 8 0 0
1175 16 0 0 0 0 0 0 0 0
1179 6 1 1 2 0 0 0 0 0
1180 6 0 0 2 0 0 2 0 0
1181 4 0 0 0 0 0 0 0 0
1186 2 0 0 0 0 0 0 0 0
1187 2 0 0 0 0 0 0 0 0
1189 6 1 1 0 0 0 0 0 0
1190 6 0 0 2 0 0 0 0 0
1193 12 0 0 10 0 0 0 0 0
fn=_IO_file_xsputn@@GLIBC_2.2.5
443 4 1 1 0 0 0 0 0 0
1197 48 1 1 0 0 0 36 0 0
1203 24 0 0 0 0 0 0 0 0
1204 6 0 0 0 0 0 0 0 0
1210 24 0 0 6 0 0 0 0 0
1212 22 0 0 11 0 0 0 0 0
1213 10 0 0 0 0 0 0 0 0
1216 71 1 1 0 0 0 0 0 0
1218 81 0 0 27 0 0 0 0 0
1220 2 1 1 0 0 0 0 0 0
1227 3 0 0 1 0 0 0 0 0
1231 7 1 1 0 0 0 0 0 0
1233 5 0 0 0 0 0 0 0 0
1235 20 0 0 0 0 0 10 0 0
1236 5 0 0 0 0 0 0 0 0
1237 15 0 0 0 0 0 0 0 0
1239 10 0 0 0 0 0 0 0 0
1243 18 0 0 6 0 0 3 1 1
1249 6 0 0 6 0 0 0 0 0
1250 21 0 0 0 0 0 0 0 0
1252 6 0 0 0 0 0 0 0 0
1263 9 1 1 0 0 0 0 0 0
1264 4 0 0 0 0 0 1 0 0
1266 3 0 0 0 0 0 0 0 0
1267 54 1 1 42 0 0 0 0 0
fl=./libio/./libio/genops.c
fn=_IO_cleanup
786 6 1 1 0 0 0 3 0 0
787 11 1 1 4 0 0 2 0 0
790 12 0 0 4 0 0 0 0 0
799 9 1 1 3 1 1 0 0 0
801 6 0 0 2 0 0 0 0 0
807 13 1 1 5 0 0 2 0 0
815 5 1 1 2 1 1 0 0 0
817 2 0 0 0 0 0 1 0 0
819 4 2 2 2 0 0 1 0 0
820 1 0 0 0 0 0 1 0 0
824 5 0 0 2 0 0 1 0 0
826 3 0 0 1 0 0 0 0 0
830 5 1 1 1 0 0 0 0 0
831 8 0 0 3 0 0 2 0 0
838 3 0 0 0 0 0 3 0 0
842 9 1 1 3 0 0 2 0 0
843 2 0 0 0 0 0 1 0 0
863 11 1 1 1 0 0 7 0 0
866 3 0 0 0 0 0 1 0 0
878 12 0 0 9 0 0 0 0 0
fn=_IO_default_setbuf
330 5 1 1 1 0 0 0 0 0
332 4 0 0 0 0 0 1 0 0
337 2 0 0 0 0 0 1 0 0
452 9 2 2 0 0 0 4 0 0
453 5 0 0 2 0 0 1 0 0
455 4 0 0 0 0 0 0 0 0
457 3 1 1 1 0 0 1 0 0
458 2 0 0 0 0 0 0 0 0
462 1 0 0 0 0 0 0 0 0
466 4 0 0 0 0 0 3 0 0
467 1 0 0 0 0 0 0 0 0
468 6 0 0 5 0 0 0 0 0
fn=_IO_default_xsputn
371 13 1 1 0 0 0 6 0 0
374 2 0 0 0 0 0 0 0 0
375 1 0 0 0 0 0 0 0 0
379 114 1 1 46 0 0 0 0 0
399 200 1 1 66 0 0 22 0 0
401 22 0 0 0 0 0 0 0 0
404 8 2 2 7 0 0 0 0 0
fn=_IO_doallocbuf
343 4 1 1 0 0 0 3 1 1
344 2 0 0 1 0 0 0 0 0
346 4 0 0 1 0 0 0 0 0
347 5 0 0 2 1 1 1 0 0
350 4 1 1 4 0 0 0 0 0
fn=_IO_enable_locks
518 1 1 1 0 0 0 0 0 0
521 3 0 0 1 1 1 0 0 0
523 1 0 0 0 0 0 1 0 0
524 9 1 1 0 0 0 0 0 0
525 3 0 0 3 3 3 0 0 0
526 1 0 0 1 0 0 0 0 0
1067 1 0 0 1 1 1 0 0 0
1081 3 0 0 3 0 0 0 0 0
fn=_IO_flush_all_lockp
686 12 2 2 1 0 0 7 0 0
687 1 0 0 0 0 0 0 0 0
691 6 0 0 0 0 0 3 0 0
692 11 1 1 4 0 0 2 0 0
695 12 0 0 4 3 3 0 0 0
697 3 1 1 0 0 0 3 0 0
698 6 0 0 0 0 0 0 0 0
701 21 2 2 9 4 4 0 0 0
709 6 1 1 0 0 0 0 0 0
711 3 0 0 0 0 0 3 0 0
715 9 0 0 3 0 0 2 0 0
716 2 1 1 0 0 0 1 0 0
720 12 0 0 9 0 0 0 0 0
fn=_IO_setb
329 9 1 1 0 0 0 2 0 0
330 4 1 1 2 0 0 0 0 0
332 1 0 0 0 0 0 1 0 0
335 6 0 0 0 0 0 1 0 0
338 4 0 0 3 0 0 0 0 0
fn=__overflow
199 105 1 1 0 0 0 35 0 0
201 105 0 0 35 0 0 0 0 0
203 105 1 1 70 0 0 0 0 0
204 70 0 0 35 0 0 0 0 0
fl=./libio/./libio/libioP.h
fn=_IO_cleanup
940 4 0 0 0 0 0 0 0 0
942 2 0 0 0 0 0 0 0 0
943 2 0 0 0 0 0 0 0 0
fn=_IO_default_setbuf
940 3 0 0 0 0 0 0 0 0
942 2 0 0 0 0 0 0 0 0
943 2 0 0 0 0 0 0 0 0
fn=_IO_default_xsputn
940 3 0 0 0 0 0 0 0 0
942 44 0 0 0 0 0 0 0 0
943 44 0 0 0 0 0 0 0 0
fn=_IO_do_write@@GLIBC_2.2.5
940 8 0 0 0 0 0 0 0 0
942 4 1 1 0 0 0 0 0 0
943 4 0 0 0 0 0 0 0 0
fn=_IO_doallocbuf
940 3 1 1 0 0 0 0 0 0
942 2 0 0 0 0 0 0 0 0
943 2 0 0 0 0 0 0 0 0
fn=_IO_file_doallocate
940 3 0 0 0 0 0 0 0 0
942 2 0 0 0 0 0 0 0 0
943 2 0 0 0 0 0 0 0 0
fn=_IO_file_xsputn@@GLIBC_2.2.5
940 9 0 0 0 0 0 0 0 0
942 6 1 1 0 0 0 0 0 0
943 6 0 0 0 0 0 0 0 0
fn=_IO_flush_all_lockp
940 4 1 1 0 0 0 0 0 0
fn=__overflow
940 105 0 0 0 0 0 0 0 0
942 70 0 0 0 0 0 0 0 0
943 70 0 0 0 0 0 0 0 0
fl=./libio/./libio/vtables.c
fn=check_stdfiles_vtables
83 1 1 1 0 0 0 0 0 0
84 4 0 0 2 1 0 0 0 0
85 3 1 1 2 0 0 0 0 0
86 3 0 0 2 2 0 0 0 0
88 1 0 0 1 0 0 0 0 0
fl=./malloc/../sysdeps/unix/sysv/linux/tls-internal.h
fn=__libc_thread_freeres
34 12 0 0 8 8 8 4 0 0
35 12 0 0 8 4 4 4 0 0
fl=./malloc/./malloc/arena.c
fn=__malloc_arena_thread_freeres
999 32 2 2 0 0 0 24 0 0
1005 8 1 1 8 0 0 0 0 0
1006 4 0 0 0 0 0 4 0 0
1008 8 0 0 0 0 0 0 0 0
1021 32 1 1 28 0 0 0 0 0
fn=calloc
162 15 0 0 0 0 0 0 0 0
fn=free
162 21 0 0 0 0 0 0 0 0
fn=malloc
162 23 1 1 0 0 0 0 0 0
315 1 1 1 0 0 0 1 0 0
fn=ptmalloc_init.part.0
313 6 1 1 1 0 0 3 0 0
318 1 0 0 0 0 0 1 0 0
343 2 2 2 1 0 0 0 0 0
347 3 0 0 1 1 0 1 0 0
352 4 0 0 0 0 0 1 0 0
353 4 1 1 0 0 0 1 0 0
354 4 0 0 0 0 0 1 0 0
355 4 0 0 0 0 0 1 0 0
356 4 1 1 0 0 0 1 0 0
357 4 0 0 0 0 0 1 0 0
358 4 0 0 0 0 0 1 0 0
360 4 1 1 0 0 0 1 0 0
361 4 0 0 0 0 0 1 0 0
362 4 0 0 0 0 0 1 0 0
365 4 0 0 0 0 0 1 0 0
366 4 1 1 0 0 0 1 0 0
367 2 0 0 1 1 1 0 0 0
430 7 0 0 5 0 0 0 0 0
fn=sysmalloc
565 2 2 2 0 0 0 2 0 0
fl=./malloc/./malloc/malloc.c
fn=__malloc_arena_thread_freeres
3206 8 0 0 8 0 0 0 0 0
3208 8 0 0 4 0 0 4 0 0
3210 8 0 0 0 0 0 0 0 0
fn=_int_free
2012 15 0 0 5 1 1 0 0 0
3181 4 1 1 2 0 0 2 0 0
3183 8 0 0 2 1 1 2 0 0
3184 2 0 0 0 0 0 2 0 0
3185 4 0 0 0 0 0 2 0 0
4421 77 2 2 7 1 1 49 2 1
4431 21 0 0 7 0 0 0 0 0
4437 35 0 0 0 0 0 0 0 0
4438 14 0 0 0 0 0 0 0 0
4442 28 0 0 0 0 0 0 0 0
4449 14 0 0 0 0 0 0 0 0
4450 49 1 1 21 1 1 0 0 0
4453 2 0 0 0 0 0 0 0 0
4459 6 0 0 4 0 0 0 0 0
4479 10 0 0 4 1 1 0 0 0
4482 2 0 0 0 0 0 0 0 0
4493 10 1 1 5 1 1 0 0 0
4569 10 1 1 5 0 0 0 0 0
4572 5 0 0 5 0 0 0 0 0
4575 20 0 0 0 0 0 0 0 0
4576 25 1 1 5 1 1 5 0 0
4578 5 1 1 0 0 0 0 0 0
4582 15 0 0 5 1 1 0 0 0
4585 20 0 0 5 0 0 0 0 0
4587 15 1 1 5 1 1 0 0 0
4590 15 0 0 5 1 1 0 0 0
4593 10 0 0 0 0 0 0 0 0
4594 10 0 0 0 0 0 0 0 0
4595 10 1 1 5 1 1 0 0 0
4601 10 0 0 5 0 0 0 0 0
4602 1 0 0 1 0 0 0 0 0
4603 1 0 0 0 0 0 0 0 0
4604 1 0 0 0 0 0 0 0 0
4605 4 0 0 1 0 0 0 0 0
4607 2 0 0 0 0 0 1 0 0
4610 10 1 1 5 0 0 0 0 0
4615 6 0 0 3 1 1 0 0 0
4616 2 1 1 0 0 0 1 0 0
4617 2 0 0 0 0 0 0 0 0
4619 2 0 0 2 0 0 0 0 0
4627 3 0 0 0 0 0 0 0 0
4628 12 0 0 3 0 0 0 0 0
4629 6 0 0 3 0 0 0 0 0
4631 3 0 0 0 0 0 3 0 0
4633 6 0 0 0 0 0 0 0 0
4635 9 1 1 0 0 0 3 1 1
4638 3 0 0 0 0 0 3 0 0
4639 3 0 0 0 0 0 3 0 0
4641 9 0 0 0 0 0 3 0 0
4642 3 0 0 0 0 0 3 0 0
4653 2 0 0 0 0 0 0 0 0
4654 6 0 0 0 0 0 2 0 0
4655 4 0 0 0 0 0 2 0 0
4672 10 1 1 0 0 0 0 0 0
4673 6 1 1 2 0 0 0 0 0
4676 6 1 1 0 0 0 0 0 0
4678 10 1 1 6 1 1 0 0 0
4680 3 1 1 1 0 0 1 1 1
4692 15 0 0 5 0 0 0 0 0
4693 20 1 1 10 0 0 0 0 0
4702 77 1 1 63 0 0 0 0 0
fn=_int_malloc
1343 36 1 1 0 0 0 0 0 0
1362 90 1 1 0 0 0 0 0 0
2005 54 0 0 18 0 0 0 0 0
3771 162 1 1 0 0 0 108 4 4
3811 36 1 1 0 0 0 0 0 0
3838 36 0 0 18 4 4 0 0 0
3843 1 0 0 1 0 0 0 0 0
3845 5 1 1 0 0 0 0 0 0
3853 3 1 1 0 0 0 0 0 0
3901 34 0 0 0 0 0 0 0 0
3903 7 0 0 0 0 0 7 0 0
3904 32 2 2 0 0 0 0 0 0
3906 21 0 0 7 3 3 0 0 0
3963 437 4 4 0 0 0 135 9 9
3964 33 0 0 11 2 2 0 0 0
3982 87 0 0 17 1 1 35 2 2
3983 54 0 0 0 0 0 0 0 0
3984 54 0 0 36 0 0 0 0 0
3988 18 0 0 0 0 0 18 0 0
3994 72 0 0 18 3 3 0 0 0
4061 72 1 1 0 0 0 36 0 0
4183 36 1 1 0 0 0 0 0 0
4185 44 0 0 11 0 0 0 0 0
4188 33 0 0 11 7 7 0 0 0
4256 36 1 1 18 0 0 0 0 0
4257 36 0 0 0 0 0 0 0 0
4258 36 0 0 0 0 0 0 0 0
4259 36 0 0 18 3 3 0 0 0
4260 54 0 0 0 0 0 0 0 0
4265 36 1 1 0 0 0 0 0 0
4269 92 1 1 0 0 0 0 0 0
4272 78 1 1 21 0 0 0 0 0
4369 18 0 0 18 0 0 0 0 0
4370 36 0 0 18 3 3 0 0 0
4372 36 0 0 18 4 4 0 0 0
4375 66 1 1 0 0 0 12 0 0
4377 12 0 0 0 0 0 0 0 0
4378 24 1 1 12 0 0 0 0 0
4379 12 0 0 0 0 0 12 0 0
4380 96 1 1 0 0 0 12 0 0
4382 24 0 0 0 0 0 12 12 11
4385 12 0 0 0 0 0 0 0 0
4392 18 0 0 6 0 0 0 0 0
4397 36 0 0 0 0 0 0 0 0
4399 105 3 3 0 0 0 63 0 0
4407 30 1 1 6 0 0 6 1 1
4408 12 0 0 0 0 0 0 0 0
4413 162 2 2 126 0 0 0 0 0
fn=calloc
3624 36 1 1 0 0 0 24 1 1
3634 54 1 1 0 0 0 0 0 0
3642 12 0 0 6 1 1 0 0 0
3645 18 0 0 12 2 2 0 0 0
3647 18 0 0 6 1 1 0 0 0
3650 24 1 1 9 0 0 0 0 0
3657 6 1 1 6 1 1 0 0 0
3658 15 1 1 6 1 1 0 0 0
3665 12 0 0 0 0 0 0 0 0
3679 18 1 1 0 0 0 6 0 0
3681 40 1 1 6 0 0 0 0 0
3684 18 0 0 6 0 0 0 0 0
3686 6 0 0 0 0 0 0 0 0
3693 6 1 1 0 0 0 0 0 0
3694 12 0 0 6 0 0 0 0 0
3698 12 1 1 0 0 0 0 0 0
3701 20 1 1 0 0 0 0 0 0
3709 11 0 0 6 0 0 0 0 0
3712 12 0 0 0 0 0 0 0 0
3714 8 0 0 6 0 0 0 0 0
3715 1 0 0 0 0 0 0 0 0
3721 20 0 0 0 0 0 0 0 0
3732 5 0 0 0 0 0 0 0 0
3734 10 0 0 0 0 0 0 0 0
3736 10 0 0 0 0 0 0 0 0
3737 15 0 0 0 0 0 0 0 0
3762 31 1 1 25 0 0 0 0 0
fn=free
3352 52 1 1 0 0 0 22 1 1
3356 38 0 0 0 0 0 0 0 0
3364 22 0 0 22 2 2 0 0 0
3366 11 0 0 0 0 0 0 0 0
3368 33 1 1 11 5 5 0 0 0
3372 12 0 0 4 0 0 0 0 0
3374 16 0 0 4 0 0 0 0 0
3376 6 0 0 0 0 0 3 0 0
3377 6 0 0 0 0 0 3 0 0
3378 3 0 0 0 0 0 0 0 0
3381 8 0 0 0 0 0 4 0 0
3385 21 0 0 14 2 2 0 0 0
3391 14 1 1 0 0 0 7 0 0
3394 11 0 0 0 0 0 11 0 0
3395 52 1 1 41 0 0 0 0 0
fn=malloc
1343 22 0 0 0 0 0 0 0 0
1362 55 2 2 0 0 0 0 0 0
3241 4 0 0 2 0 0 1 0 0
3287 66 1 1 0 0 0 33 2 2
3294 22 0 0 11 4 4 0 0 0
3304 33 1 1 0 0 0 0 0 0
3306 44 0 0 22 5 5 0 0 0
3309 22 0 0 11 2 2 0 0 0
3311 9 1 1 3 2 2 0 0 0
3319 33 1 1 11 1 1 0 0 0
3321 28 1 1 0 0 0 7 0 0
3322 35 0 0 7 0 0 0 0 0
3327 32 0 0 12 2 2 0 0 0
3329 12 0 0 0 0 0 4 1 1
3332 8 1 1 0 0 0 0 0 0
3340 16 0 0 8 0 0 0 0 0
3344 26 0 0 4 0 0 0 0 0
3347 55 0 0 44 0 0 0 0 0
fn=munmap_chunk
3044 4 1 1 0 0 0 0 0 0
3045 8 0 0 8 0 0 0 0 0
3046 12 0 0 4 0 0 0 0 0
3048 8 0 0 0 0 0 0 0 0
3050 4 0 0 0 0 0 0 0 0
3051 8 0 0 4 0 0 0 0 0
3052 8 1 1 4 0 0 0 0 0
3058 16 0 0 0 0 0 0 0 0
3059 20 0 0 0 0 0 0 0 0
3062 4 0 0 8 0 0 0 0 0
3063 12 0 0 8 0 0 0 0 0
3068 8 1 1 0 0 0 0 0 0
3069 4 0 0 0 0 0 0 0 0
fn=ptmalloc_init.part.0
1966 385 1 1 0 0 0 0 0 0
1969 381 0 0 0 0 0 127 33 32
1977 1 0 0 0 0 0 1 1 1
1978 1 0 0 0 0 0 1 1 1
1980 1 0 0 0 0 0 1 0 0
3162 7 1 1 0 0 0 1 0 0
fn=sysmalloc
2028 12 0 0 3 0 0 0 0 0
2548 54 1 1 0 0 0 36 3 3
2568 24 0 0 18 6 6 6 1 1
2579 12 2 2 0 0 0 0 0 0
2580 14 0 0 6 5 5 2 1 1
2581 12 0 0 8 3 3 0 0 0
2585 20 0 0 4 0 0 0 0 0
2594 16 0 0 0 0 0 4 2 2
2595 8 0 0 0 0 0 0 0 0
2606 2 0 0 2 0 0 0 0 0
2607 6 0 0 2 0 0 0 0 0
2608 2 0 0 0 0 0 0 0 0
2610 4 2 2 0 0 0 0 0 0
2617 15 0 0 0 0 0 0 0 0
2623 6 1 1 0 0 0 0 0 0
2626 6 0 0 0 0 0 0 0 0
2687 4 1 1 2 0 0 0 0 0
2696 8 0 0 2 0 0 0 0 0
2709 6 0 0 2 1 1 0 0 0
2713 3 1 1 0 0 0 1 0 0
2717 10 0 0 0 0 0 2 0 0
2725 4 1 1 0 0 0 0 0 0
2727 4 2 2 0 0 0 2 1 0
2728 6 0 0 2 0 0 0 0 0
2729 4 0 0 2 0 0 0 0 0
2730 2 0 0 0 0 0 0 0 0
2733 4 0 0 0 0 0 0 0 0
2764 4 1 1 2 1 0 0 0 0
2765 2 1 1 0 0 0 1 0 0
2766 10 0 0 4 0 0 2 0 0
2772 6 1 1 0 0 0 0 0 0
2773 4 0 0 0 0 0 1 0 0
2775 4 2 2 1 0 0 0 0 0
2815 3 1 1 0 0 0 0 0 0
2837 2 0 0 0 0 0 0 0 0
2838 7 0 0 0 0 0 0 0 0
2840 2 1 1 0 0 0 0 0 0
2841 4 0 0 0 0 0 2 0 0
2853 3 0 0 1 0 0 0 0 0
2895 1 0 0 0 0 0 1 0 0
2896 4 0 0 0 0 0 1 1 1
2897 5 1 1 2 0 0 1 0 0
2908 2 1 1 0 0 0 0 0 0
2941 4 2 2 2 0 0 0 0 0
2942 2 0 0 0 0 0 2 0 0
2946 1 0 0 1 0 0 0 0 0
2947 4 0 0 2 0 0 0 0 0
2950 4 0 0 0 0 0 0 0 0
2952 2 0 0 0 0 0 0 0 0
2953 2 0 0 0 0 0 0 0 0
2954 2 0 0 0 0 0 2 0 0
2955 16 1 1 0 0 0 2 0 0
2956 4 0 0 0 0 0 2 2 2
2958 4 0 0 0 0 0 0 0 0
2964 66 1 1 54 0 0 0 0 0
fn=sysmalloc_mmap.constprop.0
2028 16 0 0 4 0 0 0 0 0
2420 12 1 1 0 0 0 12 1 1
2433 12 0 0 0 0 0 0 0 0
2438 8 1 1 0 0 0 0 0 0
2441 40 0 0 0 0 0 4 2 2
2444 8 1 1 0 0 0 0 0 0
2448 8 0 0 0 0 0 0 0 0
2466 12 0 0 0 0 0 0 0 0
2484 4 0 0 0 0 0 4 4 4
2485 12 0 0 0 0 0 4 0 0
2489 12 1 1 8 0 0 0 0 0
2490 20 0 0 8 0 0 0 0 0
2493 12 0 0 8 0 0 0 0 0
2494 20 1 1 8 0 0 0 0 0
2499 20 0 0 16 0 0 0 0 0
fn=systrim.constprop.0
2977 3 0 0 0 0 0 3 0 0
2986 3 1 1 2 0 0 0 0 0
2988 1 0 0 0 0 0 0 0 0
2989 2 0 0 0 0 0 0 0 0
2994 3 0 0 1 1 1 0 0 0
2995 1 0 0 0 0 0 0 0 0
2998 5 0 0 2 2 2 0 0 0
3000 2 0 0 0 0 0 0 0 0
3007 3 1 1 0 0 0 1 0 0
3008 4 0 0 1 0 0 0 0 0
3020 3 0 0 0 0 0 1 0 0
3021 2 0 0 0 0 0 1 0 0
3023 1 0 0 0 0 0 0 0 0
3025 2 0 0 0 0 0 0 0 0
3029 2 0 0 0 0 0 0 0 0
3032 1 0 0 1 0 0 0 0 0
3033 4 0 0 1 0 0 1 0 0
3035 2 0 0 0 0 0 0 0 0
3040 4 0 0 4 0 0 0 0 0
fn=tcache_init.part.0
3235 3 1 1 0 0 0 2 0 0
3244 8 0 0 3 0 0 0 0 0
3245 4 1 1 0 0 0 1 0 0
3246 2 0 0 0 0 0 0 0 0
3254 4 0 0 2 0 0 0 0 0
3261 2 0 0 0 0 0 0 0 0
3263 2 0 0 1 0 0 1 0 0
3264 88 1 1 0 0 0 81 9 9
3267 4 0 0 3 0 0 0 0 0
fn=unlink_chunk.constprop.0
1626 2 1 1 0 0 0 0 0 0
1628 10 0 0 4 0 0 0 0 0
1631 10 1 1 4 0 0 0 0 0
1632 2 0 0 2 0 0 0 0 0
1634 8 0 0 4 0 0 0 0 0
1637 2 0 0 0 0 0 2 0 0
1638 2 0 0 0 0 0 2 0 0
1639 10 0 0 2 0 0 0 0 0
1663 4 1 1 2 0 0 0 0 0
fl=./malloc/./malloc/morecore.c
fn=__glibc_morecore
25 12 3 3 0 0 0 0 0 0
26 12 0 0 6 0 0 0 0 0
29 6 0 0 0 0 0 6 1 1
30 12 0 0 0 0 0 0 0 0
34 12 0 0 6 0 0 0 0 0
fl=./malloc/./malloc/scratch_buffer_set_array_size.c
fn=__libc_scratch_buffer_set_array_size
30 50 2 2 0 0 0 15 0 0
34 5 0 0 0 0 0 0 0 0
35 10 0 0 0 0 0 0 0 0
45 10 0 0 5 0 0 0 0 0
46 5 0 0 0 0 0 0 0 0
63 20 1 1 20 0 0 0 0 0
fl=./malloc/./malloc/thread-freeres.c
fn=__libc_thread_freeres
34 8 1 1 0 0 0 0 0 0
36 4 0 0 0 0 0 4 0 0
38 4 0 0 0 0 0 4 0 0
40 4 1 1 0 0 0 4 0 0
44 4 0 0 0 0 0 0 0 0
45 4 0 0 0 0 0 0 0 0
fl=./math/../sysdeps/x86_64/fpu/multiarch/e_asin.c
fn=__acos_finite@GLIBC_2.15
35 1 1 1 0 0 0 0 0 0
fn=__asin_finite@GLIBC_2.15
27 2 1 1 1 0 0 0 0 0
fl=./math/../sysdeps/x86_64/fpu/multiarch/e_atan2.c
fn=__atan2_finite@GLIBC_2.15
26 2 1 1 1 0 0 0 0 0
fl=./math/../sysdeps/x86_64/fpu/multiarch/e_exp.c
fn=__exp_finite@GLIBC_2.15
27 2 2 2 1 0 0 0 0 0
fl=./math/../sysdeps/x86_64/fpu/multiarch/e_exp2f.c
fn=exp2f@@GLIBC_2.27
27 2 1 1 1 0 0 0 0 0
fl=./math/../sysdeps/x86_64/fpu/multiarch/e_expf.c
fn=expf@@GLIBC_2.27
27 2 1 1 1 0 0 0 0 0
fl=./math/../sysdeps/x86_64/fpu/multiarch/e_log.c
fn=__log_finite@GLIBC_2.15
27 2 2 2 1 0 0 0 0 0
fl=./math/../sysdeps/x86_64/fpu/multiarch/e_log2f.c
fn=log2f@@GLIBC_2.27
27 2 1 1 1 0 0 0 0 0
fl=./math/../sysdeps/x86_64/fpu/multiarch/e_logf.c
fn=logf@@GLIBC_2.27
27 2 1 1 1 0 0 0 0 0
fl=./math/../sysdeps/x86_64/fpu/multiarch/e_pow.c
fn=__pow_finite@GLIBC_2.15
27 2 1 1 1 0 0 0 0 0
fl=./math/../sysdeps/x86_64/fpu/multiarch/e_powf.c
fn=powf@@GLIBC_2.27
30 1 1 1 0 0 0 0 0 0
fl=./math/../sysdeps/x86_64/fpu/multiarch/ifunc-avx-fma4.h
fn=__atan2_finite@GLIBC_2.15
32 5 1 1 2 0 0 0 0 0
33 2 0 0 1 0 0 0 0 0
fn=__exp_finite@GLIBC_2.15
32 5 0 0 2 0 0 0 0 0
33 2 0 0 1 0 0 0 0 0
fn=__log_finite@GLIBC_2.15
32 5 0 0 2 0 0 0 0 0
33 2 0 0 1 0 0 0 0 0
fn=cos
32 5 1 1 2 0 0 0 0 0
33 2 0 0 1 0 0 0 0 0
fn=sin
32 5 0 0 2 0 0 0 0 0
33 2 0 0 1 0 0 0 0 0
fl=./math/../sysdeps/x86_64/fpu/multiarch/ifunc-fma.h
fn=cosf
29 4 1 1 2 0 0 0 0 0
30 3 0 0 1 0 0 0 0 0
fn=exp2f@@GLIBC_2.27
29 4 0 0 2 0 0 0 0 0
30 3 1 1 1 0 0 0 0 0
fn=expf@@GLIBC_2.27
29 4 1 1 2 0 0 0 0 0
30 3 0 0 1 0 0 0 0 0
fn=log2f@@GLIBC_2.27
29 4 0 0 2 0 0 0 0 0
30 3 1 1 1 0 0 0 0 0
fn=logf@@GLIBC_2.27
29 4 0 0 2 0 0 0 0 0
30 3 0 0 1 0 0 0 0 0
fn=powf@@GLIBC_2.27
29 4 0 0 2 0 0 0 0 0
30 4 0 0 2 0 0 0 0 0
fn=sincosf
29 4 1 1 2 0 0 0 0 0
30 3 0 0 1 0 0 0 0 0
fn=sinf
29 4 0 0 2 0 0 0 0 0
30 3 0 0 1 0 0 0 0 0
fl=./math/../sysdeps/x86_64/fpu/multiarch/ifunc-fma4.h
fn=__acos_finite@GLIBC_2.15
31 4 0 0 2 0 0 0 0 0
32 2 1 1 1 0 0 0 0 0
35 1 0 0 1 0 0 0 0 0
fn=__asin_finite@GLIBC_2.15
31 4 0 0 2 0 0 0 0 0
32 2 0 0 1 0 0 0 0 0
fn=__pow_finite@GLIBC_2.15
31 4 0 0 2 0 0 0 0 0
32 2 0 0 1 0 0 0 0 0
fl=./math/../sysdeps/x86_64/fpu/multiarch/s_cosf.c
fn=cosf
26 2 1 1 1 0 0 0 0 0
fl=./math/../sysdeps/x86_64/fpu/multiarch/s_fma.c
fn=fma
49 6 1 1 3 0 0 0 0 0
fl=./math/../sysdeps/x86_64/fpu/multiarch/s_sin.c
fn=cos
34 2 1 1 1 0 0 0 0 0
fn=sin
27 2 1 1 1 0 0 0 0 0
fl=./math/../sysdeps/x86_64/fpu/multiarch/s_sincosf.c
fn=sincosf
26 2 1 1 1 0 0 0 0 0
fl=./math/../sysdeps/x86_64/fpu/multiarch/s_sinf.c
fn=sinf
26 2 1 1 1 0 0 0 0 0
fl=./misc/../sysdeps/unix/syscall-template.S
fn=madvise
117 20 2 2 0 0 0 0 0 0
122 4 0 0 4 0 0 0 0 0
fn=mprotect
117 65 2 2 0 0 0 0 0 0
122 13 0 0 13 0 0 0 0 0
fn=munmap
117 25 2 2 0 0 0 0 0 0
122 5 0 0 5 0 0 0 0 0
fl=./misc/../sysdeps/unix/sysv/linux/brk.c
fn=brk
35 4 1 1 0 0 0 0 0 0
36 16 0 0 4 0 0 4 0 0
37 8 0 0 0 0 0 0 0 0
43 4 0 0 0 0 0 0 0 0
44 4 0 0 4 0 0 0 0 0
fl=./misc/../sysdeps/unix/sysv/linux/clone-internal.c
fn=__clone_internal
49 36 2 2 0 0 0 20 0 0
53 8 0 0 8 1 1 0 0 0
54 16 0 0 0 0 0 4 0 0
55 16 0 0 4 0 0 0 0 0
60 4 1 1 0 0 0 4 0 0
66 8 0 0 8 0 0 0 0 0
81 8 0 0 8 0 0 0 0 0
83 32 0 0 12 0 0 8 0 0
88 8 0 0 8 0 0 0 0 0
89 24 0 0 24 0 0 0 0 0
fl=./misc/../sysdeps/unix/sysv/linux/getpagesize.c
fn=getpagesize
27 8 1 1 0 0 0 0 0 0
28 32 0 0 16 8 8 0 0 0
30 8 0 0 8 0 0 0 0 0
fl=./misc/../sysdeps/unix/sysv/linux/mmap64.c
fn=mmap
47 68 2 2 0 0 0 0 0 0
50 68 0 0 0 0 0 0 0 0
58 136 0 0 0 0 0 0 0 0
60 34 0 0 34 0 0 0 0 0
fl=./misc/../sysdeps/unix/sysv/linux/x86_64/clone.S
fn=clone
52 4 1 1 0 0 0 0 0 0
54 4 0 0 0 0 0 0 0 0
55 4 0 0 0 0 0 0 0 0
56 4 0 0 0 0 0 0 0 0
59 4 0 0 0 0 0 0 0 0
60 4 0 0 0 0 0 0 0 0
63 4 0 0 0 0 0 4 4 4
65 4 0 0 0 0 0 0 0 0
69 4 0 0 0 0 0 4 0 0
72 4 0 0 0 0 0 0 0 0
73 4 0 0 0 0 0 0 0 0
74 4 0 0 0 0 0 0 0 0
75 4 0 0 4 0 0 0 0 0
76 4 0 0 0 0 0 0 0 0
81 4 0 0 0 0 0 0 0 0
83 8 0 0 0 0 0 0 0 0
84 8 0 0 0 0 0 0 0 0
85 8 0 0 0 0 0 0 0 0
87 4 0 0 4 0 0 0 0 0
95 4 0 0 0 0 0 0 0 0
98 4 1 1 4 3 3 0 0 0
99 4 0 0 4 0 0 0 0 0
100 4 0 0 0 0 0 4 0 0
fl=./misc/../sysdeps/unix/sysv/linux/x86_64/clone3.S
fn=clone3
42 4 1 1 0 0 0 0 0 0
44 4 0 0 0 0 0 0 0 0
45 4 0 0 0 0 0 0 0 0
46 4 0 0 0 0 0 0 0 0
47 4 0 0 0 0 0 0 0 0
48 4 0 0 0 0 0 0 0 0
52 4 0 0 0 0 0 0 0 0
55 4 0 0 0 0 0 0 0 0
60 4 0 0 0 0 0 0 0 0
62 4 0 0 0 0 0 0 0 0
63 4 0 0 0 0 0 0 0 0
89 20 0 0 8 0 0 4 0 0
fl=./misc/./misc/init-misc.c
fn=__init_misc
30 5 2 2 0 0 0 2 0 0
31 5 0 0 1 0 0 0 0 0
33 3 0 0 0 0 0 1 0 0
37 5 0 0 1 0 0 1 1 0
38 3 0 0 2 0 0 1 0 0
40 4 0 0 3 0 0 0 0 0
fl=./misc/./misc/sbrk.c
fn=sbrk
37 30 1 1 0 0 0 18 1 1
40 12 0 0 12 4 4 0 0 0
43 12 0 0 6 2 2 0 0 0
58 12 1 1 0 0 0 0 0 0
59 4 0 0 0 0 0 1 0 0
62 12 0 0 0 0 0 0 0 0
63 4 0 0 4 0 0 0 0 0
66 12 1 1 0 0 0 0 0 0
68 2 0 0 0 0 0 0 0 0
74 9 0 0 0 0 0 3 0 0
78 30 0 0 24 0 0 0 0 0
fl=./nptl/../include/list.h
fn=__nptl_deallocate_stack
43 4 0 0 0 0 0 4 0 0
44 8 1 1 0 0 0 4 0 0
45 4 0 0 0 0 0 4 1 1
47 4 0 0 0 0 0 4 0 0
55 12 1 1 8 0 0 4 2 2
56 4 0 0 0 0 0 4 3 3
fn=__nptl_stack_list_add
45 4 0 0 0 0 0 4 0 0
47 4 0 0 0 0 0 4 0 0
fl=./nptl/../sysdeps/unix/sysv/linux/internal-signals.h
fn=pthread_create@@GLIBC_2.34
76 28 1 1 0 0 0 0 0 0
110 24 0 0 0 0 0 0 0 0
fn=start_thread
110 20 1 1 0 0 0 0 0 0
fl=./nptl/../sysdeps/unix/sysv/linux/rseq-internal.h
fn=start_thread
32 12 1 1 0 0 0 0 0 0
40 4 0 0 0 0 0 4 4 4
fl=./nptl/../sysdeps/unix/sysv/linux/sigsetops.h
fn=pthread_create@@GLIBC_2.34
54 1 0 0 0 0 0 1 0 0
104 2 0 0 1 0 0 0 0 0
112 4 1 1 4 0 0 0 0 0
113 4 0 0 0 0 0 0 0 0
fn=start_thread
112 12 1 1 4 0 0 4 4 4
fl=./nptl/../sysdeps/unix/sysv/linux/x86/elision-conf.c
fn=__lll_elision_init
96 6 1 1 1 0 0 2 0 0
101 5 1 1 0 0 0 1 0 0
103 4 0 0 0 0 0 1 0 0
105 4 0 0 0 0 0 1 0 0
107 4 0 0 0 0 0 1 0 0
109 4 1 1 0 0 0 1 0 0
113 3 0 0 1 1 1 0 0 0
114 1 0 0 0 0 0 1 1 1
115 6 0 0 4 0 0 0 0 0
fl=./nptl/../sysdeps/x86/nptl/tls-setup.h
fn=pthread_create@@GLIBC_2.34
22 8 0 0 4 1 1 4 4 4
fl=./nptl/./nptl-stack.h
fn=pthread_create@@GLIBC_2.34
58 40 1 1 12 1 1 4 0 0
fl=./nptl/./nptl/alloca_cutoff.c
fn=__libc_alloca_cutoff
27 4 1 1 0 0 0 0 0 0
28 36 0 0 4 1 1 0 0 0
35 4 0 0 4 0 0 0 0 0
fl=./nptl/./nptl/allocatestack.c
fn=pthread_create@@GLIBC_2.34
63 16 0 0 4 1 1 0 0 0
71 16 1 1 4 1 1 0 0 0
96 16 1 1 8 0 0 0 0 0
167 8 0 0 0 0 0 0 0 0
171 28 0 0 8 0 0 8 0 0
220 16 1 1 0 0 0 4 0 0
224 8 0 0 0 0 0 0 0 0
229 12 0 0 4 0 0 0 0 0
239 8 0 0 4 0 0 0 0 0
332 8 0 0 0 0 0 4 0 0
333 24 0 0 8 2 2 0 0 0
337 8 0 0 0 0 0 0 0 0
347 24 1 1 4 0 0 4 0 0
351 16 0 0 0 0 0 0 0 0
355 8 0 0 0 0 0 0 0 0
356 12 0 0 4 0 0 0 0 0
357 4 0 0 0 0 0 0 0 0
370 52 1 1 12 0 0 20 0 0
373 20 0 0 12 0 0 0 0 0
378 8 0 0 4 0 0 0 0 0
383 8 0 0 4 0 0 0 0 0
384 4 0 0 0 0 0 0 0 0
393 12 1 1 4 0 0 0 0 0
405 8 0 0 4 0 0 4 4 4
406 4 0 0 0 0 0 4 0 0
414 8 0 0 0 0 0 4 4 4
417 4 0 0 0 0 0 4 4 4
419 4 0 0 0 0 0 4 1 1
427 4 1 1 0 0 0 4 4 4
430 16 0 0 0 0 0 4 0 0
443 16 1 1 4 0 0 0 0 0
446 20 0 0 0 0 0 8 0 0
448 16 0 0 8 0 0 0 0 0
455 28 1 1 8 0 0 4 0 0
478 12 1 1 8 0 0 0 0 0
507 20 1 1 12 0 0 0 0 0
545 8 0 0 4 0 0 4 0 0
550 4 1 1 0 0 0 4 0 0
555 4 0 0 0 0 0 4 0 0
558 4 0 0 0 0 0 4 0 0
560 16 1 1 0 0 0 4 0 0
571 12 0 0 4 0 0 0 0 0
576 8 0 0 4 0 0 0 0 0
fn=start_thread
190 8 0 0 0 0 0 4 0 0
192 20 1 1 0 0 0 0 0 0
193 8 0 0 4 0 0 0 0 0
194 8 0 0 0 0 0 0 0 0
195 20 1 1 0 0 0 4 0 0
fl=./nptl/./nptl/cancellation.c
fn=__pthread_disable_asynccancel
56 4 1 1 0 0 0 0 0 0
59 8 0 0 0 0 0 0 0 0
63 8 0 0 4 2 2 4 2 2
64 4 0 0 4 0 0 0 0 0
fn=__pthread_enable_asynccancel
31 4 1 1 0 0 0 0 0 0
32 4 0 0 4 0 0 0 0 0
34 12 1 1 4 1 1 0 0 0
35 4 0 0 0 0 0 4 0 0
37 4 0 0 4 2 2 0 0 0
39 8 0 0 4 0 0 0 0 0
42 12 0 0 0 0 0 0 0 0
49 4 0 0 4 0 0 0 0 0
fl=./nptl/./nptl/cleanup_compat.c
fn=_pthread_cleanup_pop@@GLIBC_2.34
40 4 1 1 0 0 0 0 0 0
43 8 0 0 4 0 0 4 2 2
47 8 0 0 0 0 0 0 0 0
49 4 0 0 4 0 0 0 0 0
fn=_pthread_cleanup_push@@GLIBC_2.34
25 4 1 1 0 0 0 0 0 0
28 4 0 0 0 0 0 4 0 0
29 4 0 0 0 0 0 4 0 0
30 8 0 0 4 0 0 4 0 0
32 4 0 0 0 0 0 4 0 0
33 4 0 0 4 0 0 0 0 0
fl=./nptl/./nptl/futex-internal.c
fn=__futex_abstimed_wait_cancelable64
57 38 2 2 8 0 0 6 2 2
77 4 1 1 0 0 0 0 0 0
80 4 0 0 0 0 0 0 0 0
83 6 0 0 0 0 0 0 0 0
84 4 0 0 0 0 0 0 0 0
103 16 0 0 2 0 0 2 2 2
113 2 0 0 0 0 0 0 0 0
138 12 1 1 0 0 0 6 0 0
141 14 1 1 8 2 2 4 0 0
fl=./nptl/./nptl/libc-cleanup.c
fn=__libc_cleanup_pop_restore
39 4 1 1 0 0 0 0 0 0
42 8 0 0 4 0 0 4 0 0
44 8 0 0 4 0 0 4 0 0
45 8 0 0 0 0 0 0 0 0
47 4 0 0 4 0 0 0 0 0
fn=__libc_cleanup_push_defer
24 4 1 1 0 0 0 0 0 0
27 8 0 0 4 1 1 4 0 0
30 16 0 0 4 1 1 4 0 0
31 4 0 0 0 0 0 4 0 0
33 4 0 0 0 0 0 4 0 0
34 4 0 0 4 0 0 0 0 0
fl=./nptl/./nptl/nptl-stack.c
fn=__nptl_deallocate_stack
28 4 0 0 0 0 0 4 0 0
36 4 0 0 0 0 0 4 0 0
43 16 0 0 4 0 0 4 0 0
51 4 0 0 0 0 0 4 0 0
103 12 0 0 8 0 0 4 0 0
104 12 1 1 4 0 0 0 0 0
111 20 1 1 0 0 0 8 0 0
112 20 0 0 8 4 4 0 0 0
116 4 0 0 0 0 0 0 0 0
122 8 0 0 4 0 0 0 0 0
128 16 0 0 8 0 0 0 0 0
129 16 0 0 12 0 0 0 0 0
fn=__nptl_stack_list_add
42 4 1 1 0 0 0 0 0 0
43 36 1 1 8 0 0 8 4 4
51 4 0 0 0 0 0 4 0 0
52 4 0 0 4 0 0 0 0 0
fl=./nptl/./nptl/nptl_deallocate_tsd.c
fn=__nptl_deallocate_tsd
23 4 1 1 0 0 0 0 0 0
28 16 1 1 4 0 0 0 0 0
110 4 1 1 4 0 0 0 0 0
fl=./nptl/./nptl/nptl_free_tcb.c
fn=__nptl_free_tcb
25 12 1 1 0 0 0 4 0 0
27 16 0 0 8 3 3 0 0 0
30 12 0 0 4 3 3 0 0 0
41 8 0 0 0 0 0 0 0 0
43 4 0 0 4 0 0 0 0 0
fl=./nptl/./nptl/pthread_attr_copy.c
fn=__pthread_attr_copy
25 44 2 2 4 0 0 20 0 0
29 32 0 0 16 1 1 16 0 0
32 4 1 1 0 0 0 4 0 0
38 12 0 0 4 0 0 0 0 0
61 32 1 1 16 0 0 16 0 0
62 4 0 0 0 0 0 0 0 0
63 40 0 0 28 0 0 0 0 0
fl=./nptl/./nptl/pthread_attr_destroy.c
fn=pthread_attr_destroy
26 4 1 1 0 0 0 0 0 0
36 12 0 0 4 0 0 0 0 0
44 8 0 0 4 0 0 0 0 0
fl=./nptl/./nptl/pthread_create.c
fn=create_thread
234 56 2 2 4 0 0 28 0 0
238 12 0 0 4 0 0 0 0 0
239 8 0 0 0 0 0 0 0 0
242 8 1 1 4 0 0 0 0 0
245 12 0 0 4 0 0 4 0 0
246 8 0 0 0 0 0 0 0 0
285 48 1 1 4 0 0 36 0 0
288 4 0 0 0 0 0 0 0 0
295 16 1 1 0 0 0 4 0 0
296 8 0 0 0 0 0 0 0 0
301 4 0 0 0 0 0 4 0 0
304 8 0 0 0 0 0 0 0 0
307 8 0 0 0 0 0 0 0 0
319 8 1 1 4 0 0 0 0 0
330 4 0 0 0 0 0 0 0 0
331 40 0 0 32 0 0 0 0 0
fn=pthread_create@@GLIBC_2.34
79 2 0 0 0 0 0 1 0 0
80 1 1 1 0 0 0 1 0 0
81 4 1 1 0 0 0 1 0 0
88 6 0 0 0 0 0 0 0 0
604 16 1 1 4 0 0 0 0 0
621 60 2 2 4 0 0 44 0 0
627 12 0 0 8 2 2 0 0 0
630 2 1 1 0 0 0 1 0 0
636 4 0 0 4 0 0 0 0 0
637 16 0 0 4 0 0 0 0 0
639 16 0 0 0 0 0 4 0 0
640 8 0 0 0 0 0 0 0 0
642 8 0 0 0 0 0 4 0 0
666 4 0 0 0 0 0 4 0 0
669 4 0 0 0 0 0 4 0 0
675 8 0 0 4 0 0 4 4 4
676 8 0 0 4 0 0 4 0 0
677 4 0 0 0 0 0 4 4 4
680 4 0 0 4 0 0 0 0 0
681 32 1 1 4 0 0 4 4 4
682 12 0 0 4 1 1 0 0 0
686 4 0 0 4 1 1 0 0 0
692 16 0 0 0 0 0 4 0 0
695 16 0 0 8 1 1 8 0 0
700 8 1 1 4 1 1 4 0 0
701 8 0 0 4 0 0 4 0 0
705 8 0 0 4 0 0 4 0 0
710 8 0 0 4 0 0 4 0 0
722 8 1 1 0 0 0 0 0 0
723 8 1 1 0 0 0 0 0 0
743 8 0 0 4 1 1 0 0 0
744 3 0 0 1 0 0 1 0 0
747 12 0 0 4 0 0 4 0 0
749 4 0 0 0 0 0 0 0 0
759 4 0 0 8 0 0 0 0 0
764 8 0 0 0 0 0 8 0 0
772 12 0 0 4 0 0 0 0 0
783 64 2 2 32 0 0 32 8 8
828 28 1 1 0 0 0 4 0 0
835 9 0 0 0 0 0 1 0 0
875 8 0 0 4 0 0 0 0 0
885 8 0 0 0 0 0 4 0 0
889 8 0 0 4 0 0 0 0 0
890 8 0 0 0 0 0 4 0 0
893 80 2 2 36 0 0 4 0 0
fn=start_thread
336 32 1 1 4 3 3 16 4 4
343 8 0 0 4 3 3 0 0 0
365 16 1 1 8 4 4 4 3 3
368 4 0 0 0 0 0 4 0 0
372 4 0 0 4 3 3 0 0 0
373 8 0 0 0 0 0 0 0 0
383 20 0 0 4 0 0 0 0 0
400 16 1 1 0 0 0 4 0 0
414 8 0 0 0 0 0 4 0 0
418 20 0 0 12 0 0 0 0 0
421 8 0 0 0 0 0 0 0 0
424 8 0 0 0 0 0 4 0 0
426 8 0 0 4 0 0 0 0 0
428 4 0 0 0 0 0 0 0 0
432 8 0 0 4 3 3 0 0 0
442 16 2 2 12 3 3 4 0 0
443 4 0 0 0 0 0 4 4 4
450 4 1 1 0 0 0 4 0 0
453 4 0 0 0 0 0 4 0 0
456 4 0 0 0 0 0 4 0 0
459 12 0 0 8 0 0 0 0 0
490 8 0 0 12 4 4 0 0 0
492 16 0 0 8 4 4 0 0 0
505 4 0 0 0 0 0 0 0 0
506 20 0 0 0 0 0 0 0 0
513 20 1 1 4 0 0 0 0 0
514 8 0 0 4 0 0 4 0 0
515 16 0 0 8 0 0 0 0 0
550 12 0 0 8 0 0 0 0 0
551 8 0 0 8 4 4 0 0 0
554 12 0 0 8 0 0 0 0 0
571 12 1 1 8 0 0 0 0 0
594 20 0 0 0 0 0 0 0 0
fl=./nptl/./nptl/pthread_getattr_default_np.c
fn=pthread_getattr_default_np@@GLIBC_2.34
24 16 2 2 0 0 0 4 0 0
25 16 0 0 4 1 1 0 0 0
26 12 0 0 0 0 0 4 0 0
27 16 0 0 8 0 0 0 0 0
29 12 0 0 8 0 0 0 0 0
fl=./nptl/./nptl/pthread_join.c
fn=pthread_join@@GLIBC_2.34
23 4 1 1 0 0 0 0 0 0
24 16 1 1 0 0 0 0 0 0
fl=./nptl/./nptl/pthread_join_common.c
fn=__pthread_clockjoin_ex
39 44 1 1 4 0 0 28 0 0
43 24 0 0 4 0 0 0 0 0
48 8 0 0 4 3 3 0 0 0
52 16 1 1 4 0 0 0 0 0
55 4 0 0 0 0 0 0 0 0
57 8 0 0 0 0 0 0 0 0
58 8 0 0 4 2 2 0 0 0
77 16 0 0 4 0 0 0 0 0
87 8 0 0 0 0 0 0 0 0
92 16 2 2 0 0 0 8 0 0
97 26 0 0 6 2 2 0 0 0
105 12 0 0 0 0 0 2 0 0
107 8 0 0 0 0 0 0 0 0
114 16 1 1 4 0 0 4 0 0
117 4 0 0 4 1 1 0 0 0
121 4 1 1 0 0 0 4 0 0
124 8 0 0 0 0 0 0 0 0
128 12 0 0 0 0 0 4 0 0
133 4 0 0 0 0 0 0 0 0
136 48 0 0 36 4 4 0 0 0
fl=./nptl/./nptl/pthread_mutex_conf.c
fn=__pthread_tunables_init
50 6 2 2 1 0 0 2 0 0
51 5 0 0 0 0 0 1 0 0
53 4 0 0 0 0 0 1 0 0
55 6 0 0 4 0 0 0 0 0
fl=./nptl/./nptl/pthread_mutex_lock.c
fn=pthread_mutex_lock@@GLIBC_2.2.5
44 5 1 1 5 0 0 0 0 0
45 28 0 0 6 0 0 0 0 0
46 1 0 0 0 0 0 1 0 0
48 16 0 0 4 0 0 0 0 0
77 15 1 1 0 0 0 5 0 0
80 15 0 0 5 1 1 0 0 0
82 5 0 0 0 0 0 0 0 0
84 10 1 1 0 0 0 0 0 0
88 10 0 0 0 0 0 0 0 0
97 10 2 2 0 0 0 0 0 0
108 20 2 2 5 0 0 0 0 0
112 5 0 0 5 1 1 0 0 0
115 10 0 0 5 0 0 0 0 0
130 15 0 0 5 0 0 0 0 0
131 10 1 1 0 0 0 5 0 0
167 5 1 1 5 0 0 0 0 0
170 5 0 0 0 0 0 5 0 0
172 5 0 0 5 0 0 0 0 0
175 5 0 0 0 0 0 0 0 0
177 5 0 0 0 0 0 0 0 0
178 15 0 0 10 0 0 0 0 0
fl=./nptl/./nptl/pthread_mutex_unlock.c
fn=pthread_mutex_unlock@@GLIBC_2.2.5
39 5 0 0 5 0 0 0 0 0
40 25 0 0 5 0 0 0 0 0
41 2 0 0 0 0 0 1 0 0
43 16 0 0 8 0 0 0 0 0
51 15 0 0 5 0 0 0 0 0
52 10 1 1 0 0 0 0 0 0
57 10 0 0 0 0 0 0 0 0
62 5 0 0 0 0 0 5 0 0
65 5 0 0 5 0 0 0 0 0
70 5 0 0 0 0 0 0 0 0
74 10 2 2 0 0 0 0 0 0
80 20 2 2 5 0 0 0 0 0
84 15 0 0 10 0 0 0 0 0
87 15 1 1 5 0 0 0 0 0
367 10 1 1 0 0 0 0 0 0
369 10 0 0 5 0 0 0 0 0
fl=./posix/../malloc/dynarray-skeleton.c
fn=__unregister_atfork
243 5 0 0 5 0 0 0 0 0
fl=./posix/../sysdeps/unix/syscall-template.S
fn=uname
120 5 1 1 0 0 0 0 0 0
122 1 0 0 1 0 0 0 0 0
fl=./posix/../sysdeps/unix/sysv/linux/_exit.c
fn=_Exit
27 2 1 1 1 1 0 0 0 0
30 3 0 0 0 0 0 0 0 0
31 2 0 0 0 0 0 0 0 0
fl=./posix/./posix/register-atfork.c
fn=__unregister_atfork
65 10 0 0 0 0 0 0 0 0
76 15 1 1 0 0 0 5 0 0
77 20 0 0 5 1 1 0 0 0
103 20 1 1 10 0 0 0 0 0
104 10 0 0 10 0 0 0 0 0
fl=./resolv/./resolv/res-close.c
fn=__res_thread_freeres
131 16 1 1 0 0 0 12 0 0
132 4 0 0 0 0 0 4 0 0
134 20 1 1 12 12 12 0 0 0
142 16 0 0 16 0 0 0 0 0
fl=./resolv/./resolv/resolv_context.c
fn=__resolv_context_freeres
242 24 1 1 0 0 0 20 0 0
244 8 0 0 8 0 0 0 0 0
245 4 0 0 0 0 0 4 0 0
246 8 0 0 0 0 0 0 0 0
252 24 1 1 24 0 0 0 0 0
fl=./resource/../sysdeps/unix/sysv/linux/getrlimit64.c
fn=getrlimit
38 2 1 1 0 0 0 0 0 0
39 7 0 0 0 0 0 0 0 0
40 1 0 0 1 0 0 0 0 0
fl=./setjmp/../sysdeps/x86_64/bsd-_setjmp.S
fn=_setjmp
28 5 1 1 0 0 0 0 0 0
30 5 0 0 0 0 0 0 0 0
32 5 0 0 0 0 0 0 0 0
fl=./setjmp/../sysdeps/x86_64/setjmp.S
fn=__sigsetjmp
30 16 3 3 0 0 0 0 0 0
32 16 0 0 0 0 0 16 0 0
41 16 0 0 0 0 0 0 0 0
42 32 1 1 16 0 0 0 0 0
43 16 0 0 0 0 0 16 0 0
47 16 0 0 0 0 0 16 4 4
48 16 0 0 0 0 0 16 0 0
49 16 0 0 0 0 0 16 0 0
50 16 0 0 0 0 0 16 0 0
51 16 0 0 0 0 0 0 0 0
53 32 1 1 16 0 0 0 0 0
55 16 0 0 0 0 0 16 1 1
56 16 0 0 16 0 0 0 0 0
57 16 0 0 0 0 0 0 0 0
59 32 0 0 16 0 0 0 0 0
61 16 1 1 0 0 0 16 0 0
66 5 0 0 5 4 3 0 0 0
67 5 0 0 0 0 0 0 0 0
69 11 0 0 0 0 0 0 0 0
72 11 0 0 0 0 0 0 0 0
73 11 0 0 0 0 0 11 0 0
80 11 0 0 0 0 0 0 0 0
81 11 0 0 11 0 0 0 0 0
84 5 1 1 0 0 0 0 0 0
fl=./setjmp/./setjmp/sigjmp.c
fn=__sigjmp_save
28 15 0 0 0 0 0 5 0 0
29 5 0 0 0 0 0 5 0 0
30 10 0 0 0 0 0 0 0 0
34 15 0 0 10 0 0 0 0 0
fl=./signal/../sysdeps/unix/sysv/linux/libc_sigaction.c
fn=__libc_sigaction
43 6 2 2 1 0 0 1 0 0
48 2 0 0 0 0 0 0 0 0
50 2 1 1 1 0 0 1 0 0
51 16 0 0 8 0 0 8 0 0
53 6 1 1 1 0 0 2 0 0
58 11 1 1 0 0 0 0 0 0
63 4 0 0 0 0 0 0 0 0
71 6 2 2 3 0 0 0 0 0
fl=./stdio-common/../include/../locale/localeinfo.h
fn=__printf_fp_l
315 12 0 0 8 2 2 4 0 0
fl=./stdio-common/../include/rounding-mode.h
fn=__printf_fp_l
52 14 0 0 0 0 0 0 0 0
58 6 0 0 0 0 0 0 0 0
fl=./stdio-common/../libio/libioP.h
fn=__vfprintf_internal
940 8 0 0 2 1 1 2 0 0
942 18 0 0 0 0 0 0 0 0
943 12 0 0 4 0 0 0 0 0
fl=./stdio-common/../sysdeps/generic/get-rounding-mode.h
fn=__printf_fp_l
94 4 0 0 0 0 0 4 0 0
95 28 1 1 4 0 0 0 0 0
fl=./stdio-common/../sysdeps/pthread/allocalim.h
fn=__printf_fp_l
27 8 0 0 0 0 0 4 0 0
29 20 0 0 4 0 0 0 0 0
fl=./stdio-common/./stdio-common/printf-parse.h
fn=__vfprintf_internal
78 6 1 1 1 0 0 0 0 0
88 4 0 0 0 0 0 0 0 0
111 24 0 0 2 0 0 8 1 1
fl=./stdio-common/./stdio-common/printf_fp.c
fn=__printf_fp
1278 12 1 1 0 0 0 0 0 0
1279 16 0 0 8 0 0 0 0 0
fn=__printf_fp_l
216 64 2 2 4 0 0 36 1 1
233 4 0 0 0 0 0 4 0 0
234 4 0 0 0 0 0 4 0 0
257 4 0 0 0 0 0 4 0 0
260 8 0 0 0 0 0 0 0 0
266 24 0 0 4 0 0 4 0 0
274 4 1 1 0 0 0 4 0 0
277 12 0 0 0 0 0 0 0 0
280 8 0 0 4 0 0 4 0 0
298 12 1 1 4 0 0 0 0 0
306 4 0 0 0 0 0 4 0 0
387 8 0 0 0 0 0 0 0 0
388 8 0 0 4 0 0 4 0 0
392 8 1 1 0 0 0 0 0 0
396 68 4 4 12 2 2 4 0 0
432 20 0 0 4 0 0 0 0 0
433 4 0 0 0 0 0 0 0 0
434 8 0 0 0 0 0 0 0 0
437 72 3 3 4 0 0 4 0 0
438 64 1 1 4 0 0 4 0 0
439 64 2 2 4 0 0 4 0 0
445 4 0 0 0 0 0 4 0 0
446 8 0 0 0 0 0 0 0 0
449 1 0 0 0 0 0 0 0 0
459 1 0 0 0 0 0 0 0 0
460 7 0 0 0 0 0 1 0 0
463 3 0 0 0 0 0 0 0 0
467 4 0 0 0 0 0 0 0 0
471 4 0 0 0 0 0 1 0 0
472 1 0 0 0 0 0 0 0 0
474 6 1 1 0 0 0 0 0 0
475 9 1 1 2 0 0 1 0 0
476 2 0 0 0 0 0 0 0 0
477 5 1 1 1 0 0 2 0 0
479 2 1 1 0 0 0 0 0 0
484 13 0 0 0 0 0 0 0 0
488 77 1 1 25 4 4 0 0 0
490 8 1 1 1 0 0 0 0 0
493 3 0 0 2 0 0 0 0 0
503 3 0 0 3 0 0 0 0 0
534 2 0 0 1 1 1 1 0 0
535 5 0 0 1 0 0 1 0 0
541 12 0 0 4 0 0 2 0 0
543 2 0 0 2 0 0 0 0 0
546 4 0 0 4 0 0 0 0 0
547 4 0 0 0 0 0 0 0 0
548 6 2 2 0 0 0 2 0 0
551 27 2 2 10 0 0 3 0 0
554 8 2 2 5 0 0 2 0 0
555 4 0 0 3 0 0 0 0 0
556 5 0 0 0 0 0 0 0 0
557 4 0 0 0 0 0 0 0 0
560 13 1 1 0 0 0 0 0 0
562 26 1 1 0 0 0 0 0 0
563 2 0 0 1 0 0 1 0 0
569 4 0 0 2 0 0 0 0 0
573 12 1 1 4 0 0 0 0 0
577 3 0 0 1 0 0 0 0 0
579 2 0 0 0 0 0 0 0 0
605 1 0 0 0 0 0 0 0 0
608 8 2 2 0 0 0 0 0 0
624 3 0 0 0 0 0 1 0 0
626 3 0 0 1 0 0 0 0 0
627 6 0 0 2 0 0 1 0 0
629 6 1 1 3 0 0 0 0 0
643 2 1 1 0 0 0 1 0 0
649 6 1 1 0 0 0 0 0 0
652 3 0 0 0 0 0 3 0 0
662 3 0 0 0 0 0 0 0 0
665 15 1 1 0 0 0 3 0 0
666 15 1 1 6 0 0 6 0 0
669 3 0 0 0 0 0 3 0 0
670 15 0 0 3 0 0 3 0 0
675 36 1 1 0 0 0 0 0 0
677 72 0 0 36 0 0 0 0 0
684 15 0 0 6 0 0 0 0 0
685 6 0 0 3 0 0 0 0 0
686 3 0 0 3 0 0 0 0 0
688 3 0 0 3 0 0 0 0 0
690 18 1 1 0 0 0 6 0 0
693 9 1 1 6 0 0 0 0 0
694 6 0 0 0 0 0 0 0 0
695 9 0 0 0 0 0 3 0 0
697 18 0 0 6 0 0 0 0 0
698 6 0 0 0 0 0 0 0 0
699 12 0 0 0 0 0 0 0 0
706 12 0 0 3 0 0 0 0 0
728 9 0 0 0 0 0 0 0 0
736 6 0 0 0 0 0 3 0 0
737 12 0 0 3 0 0 0 0 0
742 12 1 1 0 0 0 0 0 0
745 9 0 0 3 0 0 0 0 0
746 6 1 1 0 0 0 0 0 0
753 3 0 0 0 0 0 0 0 0
756 18 0 0 3 0 0 0 0 0
769 9 0 0 0 0 0 0 0 0
779 6 1 1 0 0 0 3 0 0
782 12 0 0 3 0 0 3 0 0
787 36 0 0 0 0 0 0 0 0
789 177 1 1 3 0 0 0 0 0
791 9 1 1 3 0 0 0 0 0
813 13 1 1 3 0 0 3 0 0
831 12 1 1 8 0 0 4 0 0
835 6 0 0 0 0 0 3 0 0
840 6 0 0 0 0 0 3 0 0
841 24 0 0 16 2 2 4 0 0
843 8 1 1 0 0 0 0 0 0
847 8 0 0 4 0 0 4 0 0
848 4 0 0 0 0 0 0 0 0
853 8 0 0 4 0 0 0 0 0
855 4 1 1 0 0 0 4 0 0
856 25 1 1 4 0 0 7 0 0
857 4 0 0 0 0 0 4 0 0
858 4 0 0 0 0 0 0 0 0
859 16 1 1 4 0 0 4 0 0
861 3 1 1 1 0 0 1 0 0
863 2 0 0 0 0 0 1 0 0
867 3 0 0 0 0 0 3 0 0
868 9 1 1 0 0 0 3 0 0
883 8 0 0 0 0 0 0 0 0
901 9 1 1 4 0 0 0 0 0
915 19 2 2 5 0 0 4 0 0
916 4 0 0 4 0 0 0 0 0
922 4 0 0 0 0 0 0 0 0
932 72 2 2 4 0 0 12 0 0
933 8 0 0 0 0 0 0 0 0
936 18 0 0 7 0 0 0 0 0
939 15 1 1 2 0 0 0 0 0
942 24 1 1 1 0 0 11 0 0
944 1 0 0 0 0 0 0 0 0
946 6 0 0 3 0 0 0 0 0
948 3 0 0 1 0 0 1 0 0
954 3 0 0 0 0 0 3 0 0
955 6 1 1 3 0 0 0 0 0
956 9 1 1 3 0 0 3 0 0
960 12 0 0 0 0 0 4 0 0
961 16 0 0 0 0 0 8 0 0
962 72 1 1 28 0 0 0 0 0
963 84 1 1 8 0 0 0 0 0
965 20 0 0 0 0 0 0 0 0
966 60 1 1 0 0 0 40 0 0
967 20 0 0 0 0 0 0 0 0
969 80 0 0 0 0 0 0 0 0
978 12 0 0 8 0 0 0 0 0
979 20 1 1 0 0 0 12 0 0
981 32 0 0 8 0 0 0 0 0
982 1 0 0 0 0 0 0 0 0
983 3 0 0 1 0 0 0 0 0
986 2 1 1 1 0 0 0 0 0
1003 9 0 0 3 0 0 0 0 0
1007 3 0 0 0 0 0 0 0 0
1008 18 2 2 6 0 0 0 0 0
1013 6 0 0 3 0 0 0 0 0
1017 6 1 1 0 0 0 3 0 0
1028 6 0 0 3 0 0 0 0 0
1097 12 0 0 0 0 0 0 0 0
1104 2 1 1 0 0 0 0 0 0
1107 12 1 1 4 0 0 0 0 0
1120 12 1 1 4 0 0 0 0 0
1166 28 1 1 12 0 0 0 0 0
1167 6 0 0 3 0 0 0 0 0
1168 25 2 2 1 0 0 4 0 0
1170 26 1 1 8 0 0 0 0 0
1173 6 1 1 0 0 0 0 0 0
1174 21 1 1 9 0 0 0 0 0
1175 3 1 1 0 0 0 0 0 0
1177 2 1 1 0 0 0 0 0 0
1178 27 1 1 3 0 0 3 0 0
1180 26 1 1 14 0 0 0 0 0
1188 12 1 1 4 0 0 0 0 0
1195 12 0 0 8 0 0 0 0 0
1200 16 1 1 4 0 0 8 0 0
1202 16 0 0 8 0 0 0 0 0
1203 8 0 0 0 0 0 0 0 0
1207 16 1 1 4 0 0 4 0 0
1209 12 0 0 4 0 0 0 0 0
1220 64 1 1 4 0 0 4 0 0
1227 144 1 1 12 0 0 12 0 0
1228 96 1 1 32 0 0 0 0 0
1229 16 0 0 4 0 0 4 0 0
1230 56 0 0 0 0 0 0 0 0
1233 56 0 0 0 0 0 28 0 0
1237 24 1 1 20 0 0 0 0 0
1254 551 4 4 96 0 0 35 0 0
1257 12 1 1 4 0 0 0 0 0
1268 12 0 0 8 0 0 0 0 0
1272 48 1 1 36 0 0 0 0 0
fn=hack_digit
170 116 1 1 0 0 0 58 0 0
173 255 1 1 71 0 0 21 0 0
175 78 0 0 26 0 0 0 0 0
177 88 0 0 70 0 0 0 0 0
178 90 0 0 0 0 0 36 0 0
183 16 1 1 0 0 0 0 0 0
187 64 1 1 16 0 0 8 0 0
189 32 0 0 24 0 0 8 0 0
190 8 0 0 8 0 0 0 0 0
192 16 0 0 8 0 0 8 0 0
193 48 1 1 16 0 0 0 0 0
200 16 0 0 0 0 0 0 0 0
204 24 0 0 0 0 0 8 0 0
205 16 0 0 0 0 0 0 0 0
206 35 0 0 14 0 0 14 0 0
209 18 0 0 0 0 0 0 0 0
210 145 0 0 87 0 0 0 0 0
fl=./stdio-common/./stdio-common/vfprintf-internal.c
fn=__vfprintf_internal
127 98 1 1 0 0 0 0 0 0
239 42 3 3 14 1 1 6 0 0
351 12 0 0 0 0 0 0 0 0
352 12 0 0 0 0 0 0 0 0
354 8 1 1 0 0 0 4 0 0
1180 24 2 2 0 0 0 18 2 2
1210 10 0 0 6 0 0 4 1 1
1214 2 0 0 0 0 0 2 0 0
1218 9 1 1 2 0 0 1 0 0
1222 10 0 0 4 1 1 0 0 0
1233 4 0 0 0 0 0 0 0 0
1240 2 0 0 0 0 0 2 0 0
1244 12 1 1 6 0 0 6 1 1
1248 2 0 0 0 0 0 2 0 0
1259 20 2 2 2 1 1 10 1 1
1260 26 1 1 14 2 2 2 0 0
1263 8 0 0 4 0 0 0 0 0
1267 6 1 1 4 0 0 0 0 0
1271 16 1 1 6 2 2 2 0 0
1291 4 0 0 0 0 0 4 0 0
1292 4 0 0 0 0 0 4 0 0
1293 4 0 0 0 0 0 4 0 0
1294 4 0 0 0 0 0 4 0 0
1295 4 0 0 0 0 0 4 0 0
1298 4 0 0 0 0 0 0 0 0
1299 4 0 0 0 0 0 0 0 0
1300 4 0 0 0 0 0 0 0 0
1301 4 0 0 0 0 0 0 0 0
1302 4 0 0 0 0 0 4 0 0
1303 4 0 0 0 0 0 0 0 0
1306 4 1 1 0 0 0 4 0 0
1307 8 1 1 0 0 0 4 0 0
1313 60 1 1 12 2 2 0 0 0
1352 12 0 0 8 0 0 4 0 0
1421 1 1 1 0 0 0 0 0 0
1422 3 0 0 1 0 0 0 0 0
1448 3 0 0 0 0 0 0 0 0
1463 12 1 1 2 2 2 0 0 0
1499 8 1 1 0 0 0 0 0 0
1501 8 0 0 0 0 0 0 0 0
1516 5 1 1 0 0 0 2 0 0
1532 16 0 0 6 0 0 2 0 0
1535 136 2 2 32 0 0 24 0 0
1555 60 2 2 16 0 0 10 0 0
1556 8 1 1 0 0 0 4 0 0
1559 8 0 0 0 0 0 0 0 0
1564 8 1 1 0 0 0 0 0 0
1583 4 0 0 4 0 0 0 0 0
1589 4 1 1 0 0 0 0 0 0
1593 16 0 0 0 0 0 0 0 0
1595 10 0 0 4 0 0 0 0 0
1608 22 2 2 10 0 0 4 0 0
1609 8 0 0 2 0 0 2 0 0
1611 2 0 0 0 0 0 0 0 0
1612 24 0 0 18 0 0 0 0 0
fl=./stdlib/../stdlib/strtol.c
fn=strtol
105 3 1 1 0 0 0 0 0 0
106 12 0 0 6 0 0 0 0 0
fl=./stdlib/../stdlib/strtol_l.c
fn=____strtol_l_internal
225 33 1 1 0 0 0 21 0 0
239 3 0 0 3 1 0 0 0 0
244 3 0 0 0 0 0 0 0 0
245 6 1 1 0 0 0 0 0 0
251 6 0 0 0 0 0 0 0 0
279 3 0 0 0 0 0 0 0 0
282 12 0 0 0 0 0 0 0 0
291 18 1 1 9 2 1 0 0 0
293 6 0 0 0 0 0 0 0 0
297 3 0 0 0 0 0 3 0 0
298 6 1 1 0 0 0 0 0 0
303 6 0 0 0 0 0 0 0 0
307 6 0 0 0 0 0 0 0 0
309 3 0 0 3 1 0 0 0 0
317 6 0 0 0 0 0 0 0 0
324 6 1 1 0 0 0 0 0 0
327 12 0 0 0 0 0 3 0 0
377 3 0 0 0 0 0 0 0 0
431 18 0 0 9 0 0 0 0 0
433 48 0 0 0 0 0 0 0 0
435 27 0 0 0 0 0 0 0 0
449 6 0 0 0 0 0 3 0 0
459 12 0 0 3 0 0 0 0 0
463 27 1 1 0 0 0 0 0 0
466 27 0 0 0 0 0 0 0 0
471 15 1 1 0 0 0 0 0 0
472 27 0 0 0 0 0 0 0 0
477 6 0 0 0 0 0 0 0 0
482 9 1 1 3 0 0 0 0 0
488 6 0 0 0 0 0 0 0 0
489 6 0 0 0 0 0 0 0 0
491 9 2 2 3 0 0 0 0 0
506 15 0 0 3 0 0 0 0 0
524 24 0 0 21 0 0 0 0 0
fl=./stdlib/../sysdeps/ieee754/dbl-64/dbl2mpn.c
fn=__mpn_extract_double
33 12 1 1 0 0 0 0 0 0
35 4 0 0 0 0 0 0 0 0
37 12 0 0 0 0 0 4 0 0
38 20 0 0 0 0 0 4 0 0
47 12 0 0 0 0 0 4 0 0
56 12 1 1 0 0 0 0 0 0
103 8 0 0 0 0 0 4 0 0
107 8 0 0 4 0 0 0 0 0
fl=./stdlib/../sysdeps/unix/sysv/linux/getrandom.c
fn=getrandom
28 1 1 1 0 0 0 0 0 0
29 7 1 1 1 0 0 0 0 0
30 1 0 0 1 0 0 0 0 0
fl=./stdlib/../sysdeps/x86_64/lshift.S
fn=__mpn_lshift
28 4 1 1 0 0 0 0 0 0
29 4 0 0 0 0 0 0 0 0
30 4 0 0 0 0 0 0 0 0
32 4 0 0 0 0 0 0 0 0
33 4 0 0 0 0 0 0 0 0
34 4 0 0 0 0 0 0 0 0
46 4 1 1 0 0 0 0 0 0
47 4 0 0 0 0 0 0 0 0
48 4 0 0 4 0 0 0 0 0
49 4 0 0 0 0 0 0 0 0
50 4 0 0 0 0 0 0 0 0
51 4 0 0 0 0 0 0 0 0
52 4 0 0 0 0 0 0 0 0
58 4 0 0 0 0 0 0 0 0
59 4 0 0 0 0 0 4 0 0
60 4 0 0 4 0 0 0 0 0
fl=./stdlib/../sysdeps/x86_64/mul_1.S
fn=__mpn_mul_1
31 31 1 1 0 0 0 0 0 0
32 31 0 0 0 0 0 31 0 0
35 31 0 0 0 0 0 0 0 0
36 31 0 0 31 0 0 0 0 0
37 31 0 0 0 0 0 0 0 0
38 31 0 0 0 0 0 0 0 0
39 31 0 0 0 0 0 0 0 0
41 31 0 0 0 0 0 0 0 0
42 31 0 0 0 0 0 0 0 0
44 31 0 0 0 0 0 0 0 0
45 31 0 0 0 0 0 0 0 0
46 31 1 1 0 0 0 0 0 0
47 31 0 0 0 0 0 0 0 0
48 26 0 0 0 0 0 0 0 0
50 26 0 0 0 0 0 0 0 0
51 26 0 0 0 0 0 0 0 0
52 26 0 0 0 0 0 26 0 0
53 26 0 0 0 0 0 0 0 0
79 5 1 1 0 0 0 0 0 0
80 5 0 0 0 0 0 0 0 0
81 5 0 0 0 0 0 0 0 0
82 5 0 0 0 0 0 0 0 0
83 5 0 0 0 0 0 0 0 0
84 5 0 0 0 0 0 0 0 0
85 5 0 0 5 0 0 0 0 0
86 5 0 0 0 0 0 0 0 0
87 5 0 0 0 0 0 0 0 0
113 5 1 1 0 0 0 0 0 0
114 5 0 0 0 0 0 0 0 0
115 5 0 0 0 0 0 0 0 0
117 5 0 0 0 0 0 5 0 0
118 5 0 0 0 0 0 0 0 0
119 5 0 0 0 0 0 0 0 0
120 5 0 0 0 0 0 5 0 0
121 5 0 0 0 0 0 0 0 0
122 31 0 0 0 0 0 0 0 0
124 31 0 0 31 0 0 0 0 0
127 31 0 0 31 0 0 0 0 0
fl=./stdlib/../sysdeps/x86_64/rshift.S
fn=__mpn_rshift
28 5 1 1 0 0 0 0 0 0
29 5 0 0 0 0 0 0 0 0
30 5 0 0 0 0 0 0 0 0
31 5 0 0 0 0 0 0 0 0
44 5 1 1 0 0 0 0 0 0
45 5 0 0 0 0 0 0 0 0
61 5 1 1 0 0 0 0 0 0
62 5 0 0 5 0 0 0 0 0
63 5 0 0 5 0 0 0 0 0
64 5 0 0 0 0 0 0 0 0
65 5 0 0 0 0 0 0 0 0
66 5 0 0 0 0 0 0 0 0
67 5 0 0 0 0 0 0 0 0
72 5 0 0 0 0 0 0 0 0
73 5 0 0 0 0 0 5 0 0
74 5 0 0 0 0 0 0 0 0
75 5 0 0 0 0 0 5 0 0
76 5 0 0 5 0 0 0 0 0
fl=./stdlib/./stdlib/cmp.c
fn=__mpn_cmp
31 3 1 1 0 0 0 0 0 0
35 6 0 0 0 0 0 0 0 0
37 3 0 0 3 0 0 0 0 0
38 3 0 0 3 0 0 0 0 0
39 6 1 1 0 0 0 0 0 0
47 15 0 0 3 0 0 0 0 0
fl=./stdlib/./stdlib/cxa_atexit.c
fn=__cxa_atexit
41 20 0 0 0 0 0 0 0 0
43 60 0 0 10 1 0 0 0 0
44 20 1 1 0 0 0 10 0 0
46 20 0 0 0 0 0 0 0 0
53 30 0 0 10 0 0 0 0 0
55 10 0 0 0 0 0 10 0 0
56 20 0 0 10 0 0 10 5 2
58 10 0 0 0 0 0 10 0 0
59 40 1 1 20 0 0 0 0 0
60 10 0 0 0 0 0 0 0 0
69 90 1 1 0 0 0 40 0 0
71 60 0 0 40 0 0 0 0 0
fn=__new_exitfn
82 50 1 1 0 0 0 20 0 0
83 20 0 0 0 0 0 0 0 0
88 20 0 0 10 0 0 0 0 0
93 44 0 0 11 1 0 0 0 0
95 40 1 1 10 1 0 0 0 0
96 45 0 0 9 0 0 0 0 0
103 1 0 0 0 0 0 1 0 0
106 18 0 0 0 0 0 0 0 0
124 1 0 0 0 0 0 0 0 0
125 2 1 1 0 0 0 1 0 0
131 27 0 0 0 0 0 0 0 0
132 18 0 0 0 0 0 9 0 0
138 10 1 1 0 0 0 10 0 0
139 10 0 0 10 0 0 0 0 0
143 50 0 0 30 0 0 0 0 0
fl=./stdlib/./stdlib/cxa_finalize.c
fn=__cxa_finalize
30 45 1 1 0 0 0 30 0 0
33 30 1 1 5 0 0 0 0 0
36 30 1 1 10 0 0 0 0 0
40 176 0 0 5 0 0 0 0 0
41 108 1 1 54 3 3 0 0 0
43 9 0 0 9 0 0 0 0 0
45 9 0 0 9 0 0 0 0 0
76 9 0 0 0 0 0 9 0 0
79 27 1 1 18 0 0 0 0 0
82 36 0 0 18 0 0 0 0 0
83 27 0 0 0 0 0 9 0 0
84 36 0 0 9 0 0 0 0 0
88 18 0 0 9 0 0 0 0 0
94 35 1 1 10 1 1 0 0 0
98 30 0 0 5 1 1 0 0 0
105 10 0 0 0 0 0 0 0 0
106 10 0 0 0 0 0 5 0 0
107 20 0 0 10 0 0 0 0 0
108 40 1 1 35 0 0 0 0 0
fl=./stdlib/./stdlib/cxa_thread_atexit_impl.c
fn=__call_tls_dtors
149 20 1 1 0 0 0 10 0 0
150 20 0 0 10 8 8 0 0 0
168 20 1 1 15 0 0 0 0 0
fl=./stdlib/./stdlib/divrem.c
fn=__mpn_divrem
46 104 1 1 0 0 0 64 1 1
47 8 0 0 0 0 0 8 0 0
49 16 0 0 0 0 0 0 0 0
62 8 1 1 8 0 0 0 0 0
63 8 0 0 8 0 0 0 0 0
65 16 0 0 0 0 0 0 0 0
72 80 1 1 7 0 0 0 0 0
73 21 0 0 7 0 0 7 0 0
76 16 0 0 0 0 0 0 0 0
79 8 1 1 0 0 0 8 0 0
234 72 0 0 64 0 0 0 0 0
fl=./stdlib/./stdlib/exit.c
fn=__run_exit_handlers
40 11 1 1 0 0 0 7 0 0
45 2 0 0 0 0 0 0 0 0
46 2 0 0 0 0 0 1 0 0
48 5 1 1 1 1 1 0 0 0
56 1 0 0 1 1 1 0 0 0
58 3 0 0 0 0 0 0 0 0
62 1 0 0 0 0 0 1 0 0
66 24 0 0 2 1 1 0 0 0
68 20 0 0 0 0 0 10 0 0
71 88 1 1 10 1 1 0 0 0
98 1 0 0 0 0 0 0 0 0
105 2 1 1 0 0 0 1 0 0
106 1 0 0 1 0 0 0 0 0
107 1 0 0 1 1 1 0 0 0
109 2 1 1 1 0 0 0 0 0
112 4 0 0 2 0 0 0 0 0
113 3 0 0 0 0 0 1 0 0
114 4 0 0 1 0 0 0 0 0
124 2 1 1 1 0 0 1 0 0
125 2 0 0 0 0 0 0 0 0
131 4 0 0 2 0 0 0 0 0
133 2 0 0 1 0 0 0 0 0
134 9 1 1 1 1 1 1 0 0
136 2 0 0 0 0 0 1 0 0
fn=exit
142 4 1 1 1 0 0 1 0 0
143 4 1 1 0 0 0 1 0 0
fl=./stdlib/./stdlib/mul.c
fn=__mpn_mul
48 85 2 2 5 0 0 45 0 0
54 10 0 0 0 0 0 0 0 0
66 10 0 0 0 0 0 0 0 0
71 5 0 0 5 0 0 0 0 0
72 10 1 1 0 0 0 0 0 0
81 5 1 1 0 0 0 5 1 1
83 15 0 0 5 0 0 5 0 0
84 5 1 1 0 0 0 0 0 0
88 10 0 0 0 0 0 0 0 0
142 55 0 0 45 0 0 0 0 0
fl=./stdlib/./stdlib/rand.c
fn=rand
26 6004000 1 1 0 0 0 0 0 0
27 3002000 0 0 0 0 0 3002000 0 0
28 6004000 0 0 3002000 0 0 0 0 0
fl=./stdlib/./stdlib/random.c
fn=random
288 15010000 2 2 3002000 0 0 3002000 0 0
291 9006000 0 0 3002000 0 0 0 0 0
293 9006000 0 0 0 0 0 3002000 0 0
295 12008000 0 0 6004000 0 0 0 0 0
297 3002000 0 0 3002000 0 0 0 0 0
298 15010000 1 1 9006000 0 0 0 0 0
fn=srand
209 3 1 1 0 0 0 1 0 0
210 4 0 0 1 1 1 0 0 0
211 3 1 1 0 0 0 1 0 0
212 4 0 0 2 0 0 0 0 0
213 2 0 0 2 0 0 0 0 0
fl=./stdlib/./stdlib/random_r.c
fn=random_r
354 3002000 1 1 0 0 0 0 0 0
357 12008000 0 0 0 0 0 0 0 0
360 3098838 0 0 3002000 0 0 0 0 0
362 9006000 0 0 3002000 0 0 0 0 0
370 3002000 0 0 3002000 0 0 0 0 0
371 3002000 0 0 3002000 0 0 0 0 0
372 3002000 1 1 3002000 0 0 0 0 0
375 9006000 0 0 6004000 0 0 3002000 0 0
377 6004000 0 0 0 0 0 3002000 0 0
378 3002000 0 0 0 0 0 0 0 0
379 6004000 0 0 0 0 0 0 0 0
382 3002000 0 0 0 0 0 0 0 0
387 5907162 0 0 0 0 0 0 0 0
390 12008000 0 0 0 0 0 3002000 0 0
393 3002000 0 0 0 0 0 0 0 0
398 11620648 0 0 3002000 0 0 0 0 0
fn=srandom_r
162 1 1 1 0 0 0 0 0 0
170 2 0 0 0 0 0 0 0 0
172 1 0 0 1 1 0 0 0 0
173 2 0 0 0 0 0 0 0 0
176 1 0 0 1 0 0 0 0 0
180 4 0 0 0 0 0 1 1 1
181 2 0 0 0 0 0 0 0 0
186 1 0 0 1 0 0 0 0 0
187 65 1 1 0 0 0 0 0 0
192 240 0 0 0 0 0 0 0 0
193 60 0 0 0 0 0 0 0 0
194 90 1 1 0 0 0 0 0 0
196 90 0 0 0 0 0 0 0 0
197 60 0 0 0 0 0 30 1 1
200 6 0 0 1 1 0 1 0 0
202 1 0 0 0 0 0 0 0 0
203 622 0 0 0 0 0 0 0 0
210 22 0 0 1 0 0 0 0 0
362 930 1 1 310 0 0 0 0 0
370 310 0 0 310 0 0 0 0 0
371 310 0 0 310 0 0 0 0 0
372 310 0 0 310 0 0 0 0 0
375 620 0 0 620 0 0 0 0 0
378 310 0 0 0 0 0 0 0 0
379 620 0 0 0 0 0 0 0 0
382 310 0 0 0 0 0 0 0 0
387 600 0 0 0 0 0 0 0 0
390 1240 1 1 0 0 0 310 0 0
fl=./string/../include/rtld-malloc.h
fn=strdup
56 14 0 0 7 0 0 7 0 0
fl=./string/../sysdeps/x86/cacheinfo.c
fn=__x86_cacheinfo
86 3 1 1 1 0 0 0 0 0
fl=./string/../sysdeps/x86/cacheinfo.h
fn=__x86_cacheinfo
61 1 0 0 1 0 0 0 0 0
64 3 0 0 1 1 0 0 0 0
66 3 0 0 0 0 0 1 0 0
67 1 1 1 0 0 0 1 1 1
73 3 0 0 1 0 0 0 0 0
75 3 0 0 0 0 0 1 0 0
76 1 0 0 0 0 0 1 0 0
80 2 1 1 1 0 0 1 1 1
82 2 0 0 1 0 0 1 1 1
83 2 0 0 1 1 0 1 0 0
84 2 0 0 1 0 0 1 0 0
86 2 0 0 1 0 0 0 0 0
fl=./string/../sysdeps/x86_64/memcmp.S
fn=bcmp
22 1 1 1 0 0 0 0 0 0
27 1 0 0 0 0 0 0 0 0
28 1 0 0 0 0 0 0 0 0
29 1 0 0 0 0 0 0 0 0
30 1 0 0 0 0 0 0 0 0
31 1 0 0 0 0 0 0 0 0
32 1 0 0 0 0 0 0 0 0
33 1 0 0 0 0 0 0 0 0
34 1 0 0 0 0 0 0 0 0
37 1 0 0 0 0 0 0 0 0
38 1 0 0 0 0 0 0 0 0
39 1 1 1 1 0 0 0 0 0
40 1 0 0 1 0 0 0 0 0
41 1 0 0 0 0 0 0 0 0
42 1 0 0 0 0 0 0 0 0
43 1 0 0 0 0 0 0 0 0
44 1 0 0 0 0 0 0 0 0
45 1 0 0 0 0 0 0 0 0
47 1 0 0 0 0 0 0 0 0
48 1 0 0 0 0 0 0 0 0
65 1 1 1 0 0 0 0 0 0
66 1 0 0 0 0 0 0 0 0
83 1 0 0 0 0 0 0 0 0
84 1 0 0 0 0 0 0 0 0
85 1 0 0 1 0 0 0 0 0
86 1 0 0 1 0 0 0 0 0
87 1 0 0 0 0 0 0 0 0
91 1 0 0 0 0 0 0 0 0
93 1 0 0 0 0 0 0 0 0
94 1 0 0 0 0 0 0 0 0
98 1 0 0 0 0 0 0 0 0
138 1 1 1 0 0 0 0 0 0
139 1 0 0 0 0 0 0 0 0
140 1 0 0 0 0 0 0 0 0
141 1 0 0 0 0 0 0 0 0
142 1 0 0 0 0 0 0 0 0
143 1 0 0 0 0 0 0 0 0
144 1 1 1 0 0 0 0 0 0
145 1 0 0 0 0 0 0 0 0
146 1 0 0 0 0 0 0 0 0
147 1 0 0 0 0 0 0 0 0
148 1 0 0 0 0 0 0 0 0
149 1 0 0 0 0 0 0 0 0
150 1 0 0 1 0 0 0 0 0
fl=./string/../sysdeps/x86_64/multiarch/../strchr.S
fn=index
23 27 1 1 0 0 0 0 0 0
24 27 0 0 0 0 0 0 0 0
25 27 0 0 0 0 0 0 0 0
26 27 0 0 0 0 0 0 0 0
27 27 0 0 0 0 0 0 0 0
28 27 0 0 0 0 0 0 0 0
29 27 0 0 0 0 0 0 0 0
30 27 0 0 0 0 0 0 0 0
31 27 0 0 0 0 0 0 0 0
32 27 0 0 27 7 7 0 0 0
33 27 0 0 0 0 0 0 0 0
34 27 1 1 0 0 0 0 0 0
35 27 0 0 0 0 0 0 0 0
36 27 0 0 0 0 0 0 0 0
37 27 0 0 0 0 0 0 0 0
38 27 0 0 0 0 0 0 0 0
39 27 0 0 0 0 0 0 0 0
40 27 0 0 0 0 0 0 0 0
41 22 0 0 0 0 0 0 0 0
45 22 0 0 0 0 0 0 0 0
46 22 0 0 0 0 0 0 0 0
47 22 0 0 22 0 0 0 0 0
48 22 0 0 0 0 0 0 0 0
50 22 0 0 22 0 0 0 0 0
54 5 0 0 5 0 0 0 0 0
55 5 0 0 0 0 0 0 0 0
56 5 0 0 0 0 0 0 0 0
57 5 1 1 0 0 0 0 0 0
58 5 0 0 0 0 0 0 0 0
59 5 0 0 0 0 0 0 0 0
60 5 0 0 5 0 0 0 0 0
61 5 0 0 0 0 0 0 0 0
62 5 0 0 0 0 0 0 0 0
63 5 0 0 0 0 0 0 0 0
64 5 0 0 0 0 0 0 0 0
65 5 0 0 0 0 0 0 0 0
66 5 0 0 0 0 0 0 0 0
67 5 0 0 5 0 0 0 0 0
68 5 0 0 0 0 0 0 0 0
69 5 0 0 0 0 0 0 0 0
70 5 0 0 0 0 0 0 0 0
71 5 0 0 0 0 0 0 0 0
72 5 0 0 0 0 0 0 0 0
73 5 1 1 0 0 0 0 0 0
74 5 0 0 0 0 0 0 0 0
75 5 0 0 0 0 0 0 0 0
76 5 0 0 0 0 0 0 0 0
77 5 0 0 0 0 0 0 0 0
129 5 2 1 0 0 0 0 0 0
133 5 0 0 0 0 0 0 0 0
134 5 0 0 0 0 0 0 0 0
135 5 0 0 5 0 0 0 0 0
136 5 0 0 0 0 0 0 0 0
138 5 0 0 5 0 0 0 0 0
fl=./string/../sysdeps/x86_64/multiarch/ifunc-avx2.h
fn=memrchr
32 2 0 0 0 0 0 0 0 0
33 5 1 1 2 0 0 0 0 0
34 3 0 0 1 0 0 0 0 0
36 2 0 0 0 0 0 0 0 0
37 2 0 0 0 0 0 0 0 0
40 3 0 0 0 0 0 0 0 0
43 4 0 0 0 0 0 0 0 0
fn=rindex
32 2 1 1 0 0 0 0 0 0
33 5 0 0 2 0 0 0 0 0
34 3 0 0 1 0 0 0 0 0
36 2 0 0 0 0 0 0 0 0
37 2 0 0 0 0 0 0 0 0
40 3 0 0 0 0 0 0 0 0
43 4 0 0 0 0 0 0 0 0
fn=strchrnul
32 2 0 0 0 0 0 0 0 0
33 5 0 0 2 0 0 0 0 0
34 3 1 1 1 0 0 0 0 0
36 2 0 0 0 0 0 0 0 0
37 2 1 1 0 0 0 0 0 0
40 3 0 0 0 0 0 0 0 0
43 4 0 0 0 0 0 0 0 0
fn=strlen
32 2 1 1 0 0 0 0 0 0
33 5 0 0 2 0 0 0 0 0
34 3 0 0 1 0 0 0 0 0
36 2 0 0 0 0 0 0 0 0
37 2 0 0 0 0 0 0 0 0
40 3 0 0 0 0 0 0 0 0
43 4 0 0 0 0 0 0 0 0
fn=strnlen
32 4 1 1 0 0 0 0 0 0
33 10 0 0 4 1 0 0 0 0
34 6 0 0 2 0 0 0 0 0
36 4 0 0 0 0 0 0 0 0
37 4 0 0 0 0 0 0 0 0
40 6 0 0 0 0 0 0 0 0
43 8 0 0 0 0 0 0 0 0
fl=./string/../sysdeps/x86_64/multiarch/ifunc-evex.h
fn=memchr
34 2 0 0 0 0 0 0 0 0
35 5 1 1 2 0 0 0 0 0
36 3 0 0 1 0 0 0 0 0
38 2 0 0 0 0 0 0 0 0
39 2 1 1 0 0 0 0 0 0
41 2 0 0 0 0 0 0 0 0
47 3 0 0 0 0 0 0 0 0
50 4 0 0 0 0 0 0 0 0
fn=rawmemchr
34 2 0 0 0 0 0 0 0 0
35 5 0 0 2 0 0 0 0 0
36 3 0 0 1 0 0 0 0 0
38 2 0 0 0 0 0 0 0 0
39 2 0 0 0 0 0 0 0 0
41 2 1 1 0 0 0 0 0 0
47 3 0 0 0 0 0 0 0 0
50 4 0 0 0 0 0 0 0 0
fl=./string/../sysdeps/x86_64/multiarch/ifunc-memcmp.h
fn=bcmp
34 4 0 0 2 0 0 0 0 0
35 3 0 0 1 0 0 0 0 0
36 2 1 1 0 0 0 0 0 0
37 3 0 0 1 0 0 0 0 0
39 2 0 0 0 0 0 0 0 0
40 2 0 0 0 0 0 0 0 0
43 3 0 0 0 0 0 0 0 0
46 3 0 0 0 0 0 0 0 0
fl=./string/../sysdeps/x86_64/multiarch/ifunc-memmove.h
fn=memcpy@@GLIBC_2.14
52 4 0 0 0 0 0 0 0 0
53 6 0 0 4 2 0 0 0 0
56 6 0 0 2 1 0 0 0 0
57 4 1 1 0 0 0 0 0 0
70 4 0 0 0 0 0 0 0 0
72 4 1 1 0 0 0 0 0 0
80 4 0 0 0 0 0 0 0 0
88 4 0 0 0 0 0 0 0 0
90 10 1 1 2 0 0 0 0 0
fn=memmove
52 4 0 0 0 0 0 0 0 0
53 6 0 0 4 0 0 0 0 0
56 6 1 1 2 0 0 0 0 0
57 4 1 1 0 0 0 0 0 0
70 4 0 0 0 0 0 0 0 0
72 4 0 0 0 0 0 0 0 0
80 4 0 0 0 0 0 0 0 0
88 4 0 0 0 0 0 0 0 0
90 10 1 1 2 0 0 0 0 0
fn=mempcpy
52 2 0 0 0 0 0 0 0 0
53 3 0 0 2 0 0 0 0 0
56 3 0 0 1 0 0 0 0 0
57 2 1 1 0 0 0 0 0 0
70 2 0 0 0 0 0 0 0 0
72 2 1 1 0 0 0 0 0 0
80 2 0 0 0 0 0 0 0 0
88 2 0 0 0 0 0 0 0 0
90 5 1 1 1 0 0 0 0 0
fl=./string/../sysdeps/x86_64/multiarch/ifunc-memset.h
fn=memset
50 5 0 0 2 0 0 0 0 0
53 3 0 0 1 0 0 0 0 0
54 2 1 1 0 0 0 0 0 0
60 2 1 1 0 0 0 0 0 0
69 2 0 0 0 0 0 0 0 0
71 2 0 0 0 0 0 0 0 0
81 2 0 0 0 0 0 0 0 0
89 2 0 0 0 0 0 0 0 0
91 5 0 0 1 0 0 0 0 0
fl=./string/../sysdeps/x86_64/multiarch/ifunc-sse4_2.h
fn=strcspn
30 5 1 1 2 0 0 0 0 0
fn=strpbrk
30 5 1 1 2 1 0 0 0 0
fn=strspn
30 5 0 0 2 0 0 0 0 0
fl=./string/../sysdeps/x86_64/multiarch/ifunc-strcasecmp.h
fn=strcasecmp
32 5 1 1 2 0 0 0 0 0
fn=strcasecmp_l
32 5 0 0 2 0 0 0 0 0
fn=strncasecmp
32 5 0 0 2 0 0 0 0 0
fn=strncasecmp_l
32 5 0 0 2 0 0 0 0 0
fl=./string/../sysdeps/x86_64/multiarch/ifunc-strcpy.h
fn=stpcpy
36 4 0 0 2 0 0 0 0 0
37 3 0 0 1 0 0 0 0 0
39 2 1 1 0 0 0 0 0 0
40 2 0 0 0 0 0 0 0 0
43 3 0 0 0 0 0 0 0 0
46 3 0 0 0 0 0 0 0 0
fn=stpncpy
36 4 0 0 2 0 0 0 0 0
37 3 1 1 1 0 0 0 0 0
39 2 0 0 0 0 0 0 0 0
40 2 0 0 0 0 0 0 0 0
43 3 0 0 0 0 0 0 0 0
46 3 0 0 0 0 0 0 0 0
fn=strcat
36 4 0 0 2 0 0 0 0 0
37 3 0 0 1 0 0 0 0 0
39 2 1 1 0 0 0 0 0 0
40 2 0 0 0 0 0 0 0 0
43 3 0 0 0 0 0 0 0 0
46 3 0 0 0 0 0 0 0 0
fn=strcpy
36 4 0 0 2 0 0 0 0 0
37 3 0 0 1 0 0 0 0 0
39 2 1 1 0 0 0 0 0 0
40 2 0 0 0 0 0 0 0 0
43 3 0 0 0 0 0 0 0 0
46 3 0 0 0 0 0 0 0 0
fn=strncpy
36 4 0 0 2 0 0 0 0 0
37 3 0 0 1 0 0 0 0 0
39 2 1 1 0 0 0 0 0 0
40 2 0 0 0 0 0 0 0 0
43 3 0 0 0 0 0 0 0 0
46 3 0 0 0 0 0 0 0 0
fl=./string/../sysdeps/x86_64/multiarch/memchr.c
fn=memchr
29 2 1 1 1 0 0 0 0 0
fl=./string/../sysdeps/x86_64/multiarch/memcmp.c
fn=bcmp
29 3 2 2 1 0 0 0 0 0
fl=./string/../sysdeps/x86_64/multiarch/memcpy.c
fn=memcpy@@GLIBC_2.14
29 2 1 1 0 0 0 0 0 0
fl=./string/../sysdeps/x86_64/multiarch/memmove-vec-unaligned-erms.S
fn=__memcpy_avx_unaligned_erms
307 3 1 1 0 0 0 0 0 0
308 3 0 0 0 0 0 0 0 0
314 12 0 0 0 0 0 0 0 0
315 12 0 0 0 0 0 0 0 0
317 1 0 0 1 1 1 0 0 0
318 1 0 0 0 0 0 0 0 0
319 1 0 0 0 0 0 0 0 0
357 11 0 0 0 0 0 0 0 0
358 11 0 0 0 0 0 0 0 0
360 8 0 0 0 0 0 0 0 0
361 8 0 0 0 0 0 0 0 0
363 8 0 0 0 0 0 0 0 0
367 8 0 0 0 0 0 0 0 0
368 7 0 0 0 0 0 0 0 0
369 7 0 0 0 0 0 0 0 0
370 7 0 0 7 0 0 0 0 0
371 7 0 0 0 0 0 0 0 0
372 2 0 0 2 0 0 0 0 0
373 2 0 0 0 0 0 2 0 0
375 7 0 0 0 0 0 7 0 0
377 7 0 0 7 0 0 0 0 0
383 1 0 0 1 0 0 0 0 0
384 1 0 0 1 0 0 0 0 0
385 1 0 0 0 0 0 1 1 0
386 1 0 0 0 0 0 1 0 0
387 1 0 0 1 0 0 0 0 0
394 3 1 1 3 1 1 0 0 0
395 3 0 0 3 0 0 0 0 0
396 3 0 0 0 0 0 3 0 0
397 3 0 0 0 0 0 3 0 0
399 3 0 0 3 0 0 0 0 0
438 1 1 1 1 1 1 0 0 0
439 1 0 0 0 0 0 0 0 0
615 1 1 1 1 0 0 0 0 0
622 1 0 0 0 0 0 0 0 0
623 1 0 0 0 0 0 0 0 0
653 1 1 1 0 0 0 0 0 0
654 1 0 0 0 0 0 0 0 0
658 1 0 0 0 0 0 0 0 0
660 1 0 0 0 0 0 0 0 0
663 1 0 0 0 0 0 0 0 0
667 1 0 0 1 1 1 0 0 0
668 1 0 0 0 0 0 0 0 0
671 1 0 0 1 0 0 0 0 0
672 1 0 0 0 0 0 0 0 0
696 1 0 0 0 0 0 0 0 0
698 1 0 0 0 0 0 0 0 0
700 1 0 0 0 0 0 0 0 0
702 1 1 1 0 0 0 0 0 0
705 1 0 0 0 0 0 0 0 0
706 1 0 0 0 0 0 0 0 0
708 11969 0 0 11968 187 187 11968 187 187
711 1 0 0 0 0 0 1 1 1
713 1 0 0 0 0 0 1 0 0
715 2 0 0 1 0 0 0 0 0
fn=__mempcpy_avx_unaligned_erms
294 9 1 1 0 0 0 0 0 0
295 9 0 0 0 0 0 0 0 0
296 9 0 0 0 0 0 0 0 0
297 9 0 0 0 0 0 0 0 0
fn=memcpy
212 33 2 2 0 0 0 0 0 0
213 33 0 0 0 0 0 0 0 0
219 202 0 0 0 0 0 0 0 0
220 202 0 0 0 0 0 0 0 0
222 57 0 0 57 2 1 0 0 0
223 57 1 1 0 0 0 0 0 0
224 57 0 0 0 0 0 0 0 0
226 41 0 0 41 0 0 0 0 0
227 41 0 0 0 0 0 41 10 10
228 41 0 0 0 0 0 41 1 1
230 41 0 0 41 0 0 0 0 0
360 145 1 1 0 0 0 0 0 0
361 145 0 0 0 0 0 0 0 0
363 40 0 0 0 0 0 0 0 0
367 40 0 0 0 0 0 0 0 0
368 25 0 0 0 0 0 0 0 0
369 25 0 0 0 0 0 0 0 0
370 3 0 0 3 2 2 0 0 0
371 3 0 0 0 0 0 0 0 0
372 2 0 0 2 0 0 0 0 0
373 2 0 0 0 0 0 2 1 1
375 3 0 0 0 0 0 3 1 1
377 25 0 0 25 0 0 0 0 0
383 15 0 0 15 0 0 0 0 0
384 15 0 0 15 0 0 0 0 0
385 15 0 0 0 0 0 15 0 0
386 15 0 0 0 0 0 15 0 0
387 15 0 0 15 0 0 0 0 0
416 105 2 1 105 1 0 0 0 0
417 105 0 0 105 0 0 0 0 0
418 105 0 0 0 0 0 105 5 5
419 105 0 0 0 0 0 105 2 2
420 105 0 0 105 0 0 0 0 0
427 16 1 1 16 0 0 0 0 0
428 16 0 0 16 0 0 0 0 0
429 16 0 0 0 0 0 16 3 3
430 16 0 0 0 0 0 16 2 2
431 16 0 0 0 0 0 16 4 4
432 16 0 0 0 0 0 16 0 0
433 16 0 0 16 0 0 0 0 0
444 16 2 2 0 0 0 0 0 0
445 16 0 0 0 0 0 0 0 0
447 16 0 0 16 0 0 0 0 0
448 16 0 0 0 0 0 0 0 0
449 16 0 0 0 0 0 0 0 0
fn=mempcpy
199 169 0 0 0 0 0 0 0 0
200 169 0 0 0 0 0 0 0 0
201 169 0 0 0 0 0 0 0 0
202 169 0 0 0 0 0 0 0 0
fl=./string/../sysdeps/x86_64/multiarch/memmove.c
fn=memmove
29 2 1 1 0 0 0 0 0 0
fl=./string/../sysdeps/x86_64/multiarch/mempcpy.c
fn=mempcpy
33 1 1 1 0 0 0 0 0 0
fl=./string/../sysdeps/x86_64/multiarch/memrchr.c
fn=memrchr
29 3 2 2 1 0 0 0 0 0
fl=./string/../sysdeps/x86_64/multiarch/memset-vec-unaligned-erms.S
fn=__memset_avx2_unaligned_erms
181 5 1 1 0 0 0 0 0 0
182 15 0 0 0 0 0 0 0 0
187 5 0 0 0 0 0 0 0 0
188 5 0 0 0 0 0 0 0 0
189 5 0 0 0 0 0 0 0 0
190 5 0 0 0 0 0 0 0 0
259 5 1 1 5 0 0 0 0 0
260 5 0 0 0 0 0 0 0 0
283 4 0 0 0 0 0 4 2 2
284 4 0 0 0 0 0 4 2 2
289 4 0 0 0 0 0 0 0 0
292 4 0 0 0 0 0 0 0 0
293 4 0 0 0 0 0 0 0 0
296 4 0 0 0 0 0 4 2 2
297 4 0 0 0 0 0 4 2 2
310 4 0 0 0 0 0 0 0 0
311 4 0 0 0 0 0 0 0 0
313 4 0 0 0 0 0 0 0 0
316 4 0 0 0 0 0 0 0 0
319 4 0 0 0 0 0 0 0 0
322 4 1 1 0 0 0 4 1 1
323 4 0 0 0 0 0 4 0 0
324 4 0 0 0 0 0 4 4 4
325 4 0 0 0 0 0 4 0 0
326 4 0 0 0 0 0 0 0 0
327 4 0 0 0 0 0 0 0 0
328 8 0 0 0 0 0 0 0 0
331 4 0 0 0 0 0 4 0 0
332 4 0 0 0 0 0 4 2 2
333 4 0 0 0 0 0 4 0 0
334 4 0 0 0 0 0 4 0 0
337 8 0 0 4 0 0 0 0 0
348 1 1 1 0 0 0 0 0 0
349 1 0 0 0 0 0 0 0 0
350 1 0 0 0 0 0 0 0 0
351 12009 0 0 0 0 0 12008 187 187
352 1 0 0 0 0 0 0 0 0
353 2 0 0 1 0 0 0 0 0
fn=memset
125 19 2 2 0 0 0 0 0 0
126 95 0 0 0 0 0 0 0 0
132 19 0 0 0 0 0 0 0 0
133 19 2 2 0 0 0 0 0 0
134 18 0 0 0 0 0 0 0 0
135 18 0 0 0 0 0 0 0 0
137 6 0 0 0 0 0 6 6 6
138 6 0 0 0 0 0 6 0 0
139 6 0 0 6 0 0 0 0 0
204 4 0 0 0 0 0 4 0 0
205 4 0 0 0 0 0 4 0 0
207 4 0 0 4 0 0 0 0 0
283 12 0 0 0 0 0 12 4 4
284 12 0 0 0 0 0 12 2 2
289 12 0 0 0 0 0 0 0 0
292 12 0 0 0 0 0 0 0 0
293 12 0 0 0 0 0 0 0 0
296 8 0 0 0 0 0 8 6 6
297 8 0 0 0 0 0 8 1 1
310 8 0 0 0 0 0 0 0 0
311 8 0 0 0 0 0 0 0 0
313 8 0 0 0 0 0 0 0 0
316 3 1 1 0 0 0 0 0 0
319 6 0 0 0 0 0 0 0 0
322 85 0 0 0 0 0 85 79 79
323 85 0 0 0 0 0 85 0 0
324 85 0 0 0 0 0 85 4 4
325 85 0 0 0 0 0 85 0 0
326 85 0 0 0 0 0 0 0 0
327 85 0 0 0 0 0 0 0 0
328 85 0 0 0 0 0 0 0 0
331 8 1 1 0 0 0 8 2 2
332 8 0 0 0 0 0 8 0 0
333 8 0 0 0 0 0 8 0 0
334 8 0 0 0 0 0 8 0 0
339 8 0 0 8 0 0 0 0 0
368 1 1 1 0 0 0 0 0 0
369 1 0 0 0 0 0 0 0 0
370 1 0 0 0 0 0 0 0 0
402 1 0 0 0 0 0 1 1 1
403 1 0 0 0 0 0 1 0 0
404 1 0 0 1 0 0 0 0 0
fl=./string/../sysdeps/x86_64/multiarch/memset.c
fn=memset
29 1 1 1 0 0 0 0 0 0
fl=./string/../sysdeps/x86_64/multiarch/rawmemchr.c
fn=rawmemchr
31 2 1 1 1 0 0 0 0 0
fl=./string/../sysdeps/x86_64/multiarch/stpcpy.c
fn=stpcpy
33 3 1 1 1 0 0 0 0 0
fl=./string/../sysdeps/x86_64/multiarch/stpncpy.c
fn=stpncpy
31 3 2 2 1 0 0 0 0 0
fl=./string/../sysdeps/x86_64/multiarch/strcasecmp.c
fn=strcasecmp
31 2 0 0 1 0 0 0 0 0
fl=./string/../sysdeps/x86_64/multiarch/strcasecmp_l.c
fn=strcasecmp_l
31 2 1 1 1 0 0 0 0 0
fl=./string/../sysdeps/x86_64/multiarch/strcat.c
fn=strcat
29 3 1 1 1 0 0 0 0 0
fl=./string/../sysdeps/x86_64/multiarch/strchr-avx2.S
fn=__strchrnul_avx2
51 6 1 1 0 0 0 0 0 0
53 6 0 0 0 0 0 0 0 0
54 6 0 0 0 0 0 0 0 0
55 6 0 0 0 0 0 0 0 0
56 6 0 0 0 0 0 0 0 0
57 6 0 0 0 0 0 0 0 0
60 6 0 0 0 0 0 0 0 0
61 6 0 0 0 0 0 0 0 0
65 6 0 0 6 1 1 0 0 0
66 6 0 0 0 0 0 0 0 0
67 6 0 0 0 0 0 0 0 0
68 6 0 0 0 0 0 0 0 0
69 6 0 0 0 0 0 0 0 0
70 6 0 0 0 0 0 0 0 0
71 6 0 0 0 0 0 0 0 0
72 6 1 1 0 0 0 0 0 0
78 6 0 0 0 0 0 0 0 0
79 12 0 0 6 0 0 0 0 0
fl=./string/../sysdeps/x86_64/multiarch/strchr.c
fn=index
40 2 1 1 0 0 0 0 0 0
41 4 0 0 2 0 0 0 0 0
42 3 0 0 1 0 0 0 0 0
44 2 0 0 0 0 0 0 0 0
45 2 0 0 0 0 0 0 0 0
48 3 0 0 0 0 0 0 0 0
51 3 0 0 0 0 0 0 0 0
61 3 1 1 1 0 0 0 0 0
fl=./string/../sysdeps/x86_64/multiarch/strchrnul.c
fn=strchrnul
31 3 1 1 1 0 0 0 0 0
fl=./string/../sysdeps/x86_64/multiarch/strcmp.c
fn=strcmp
41 4 0 0 2 0 0 0 0 0
42 3 1 1 1 0 0 0 0 0
44 2 0 0 0 0 0 0 0 0
49 3 0 0 0 0 0 0 0 0
52 3 1 1 0 0 0 0 0 0
65 2 1 1 1 0 0 0 0 0
fl=./string/../sysdeps/x86_64/multiarch/strcpy.c
fn=strcpy
29 3 1 1 1 0 0 0 0 0
fl=./string/../sysdeps/x86_64/multiarch/strcspn.c
fn=strcspn
29 2 1 1 1 0 0 0 0 0
fl=./string/../sysdeps/x86_64/multiarch/strlen-avx2.S
fn=__strlen_avx2
50 4 1 1 0 0 0 0 0 0
63 4 0 0 0 0 0 0 0 0
64 4 0 0 0 0 0 0 0 0
65 4 0 0 0 0 0 0 0 0
68 4 0 0 0 0 0 0 0 0
70 4 0 0 0 0 0 0 0 0
71 4 0 0 0 0 0 0 0 0
74 4 1 1 4 1 1 0 0 0
75 4 0 0 0 0 0 0 0 0
83 4 0 0 0 0 0 0 0 0
84 4 0 0 0 0 0 0 0 0
85 4 0 0 0 0 0 0 0 0
90 8 0 0 4 0 0 0 0 0
fl=./string/../sysdeps/x86_64/multiarch/strlen-vec.S
fn=strlen
41 33 1 1 0 0 0 0 0 0
85 33 0 0 0 0 0 0 0 0
86 33 0 0 0 0 0 0 0 0
87 33 0 0 0 0 0 0 0 0
88 33 0 0 0 0 0 0 0 0
89 33 0 0 0 0 0 0 0 0
90 33 0 0 0 0 0 0 0 0
91 33 0 0 0 0 0 0 0 0
93 33 0 0 0 0 0 0 0 0
95 33 0 0 0 0 0 0 0 0
126 33 0 0 33 6 6 0 0 0
127 33 0 0 0 0 0 0 0 0
128 33 0 0 0 0 0 0 0 0
129 33 0 0 0 0 0 0 0 0
130 33 0 0 0 0 0 0 0 0
131 15 0 0 0 0 0 0 0 0
133 15 0 0 15 0 0 0 0 0
137 18 1 1 0 0 0 0 0 0
138 18 0 0 18 0 0 0 0 0
139 18 0 0 18 1 1 0 0 0
140 18 0 0 18 0 0 0 0 0
141 18 0 0 0 0 0 0 0 0
142 18 0 0 0 0 0 0 0 0
143 18 0 0 0 0 0 0 0 0
144 18 0 0 0 0 0 0 0 0
145 18 0 0 0 0 0 0 0 0
146 18 0 0 0 0 0 0 0 0
147 18 0 0 0 0 0 0 0 0
148 18 0 0 0 0 0 0 0 0
153 144 1 1 18 0 0 0 0 0
fl=./string/../sysdeps/x86_64/multiarch/strlen.c
fn=strlen
29 3 1 1 1 0 0 0 0 0
fl=./string/../sysdeps/x86_64/multiarch/strncase.c
fn=strncasecmp
31 2 1 1 1 0 0 0 0 0
fl=./string/../sysdeps/x86_64/multiarch/strncase_l.c
fn=strncasecmp_l
31 2 2 2 1 0 0 0 0 0
fl=./string/../sysdeps/x86_64/multiarch/strncmp.c
fn=strncmp
41 4 1 1 2 0 0 0 0 0
42 3 0 0 1 0 0 0 0 0
44 2 0 0 0 0 0 0 0 0
49 3 0 0 0 0 0 0 0 0
52 3 0 0 0 0 0 0 0 0
66 2 2 2 1 0 0 0 0 0
fl=./string/../sysdeps/x86_64/multiarch/strncpy.c
fn=strncpy
29 3 1 1 1 0 0 0 0 0
fl=./string/../sysdeps/x86_64/multiarch/strnlen.c
fn=strnlen
31 6 2 2 2 0 0 0 0 0
fl=./string/../sysdeps/x86_64/multiarch/strpbrk.c
fn=strpbrk
29 2 1 1 1 0 0 0 0 0
fl=./string/../sysdeps/x86_64/multiarch/strrchr-avx2.S
fn=__strrchr_avx2
46 1 1 1 0 0 0 0 0 0
47 1 0 0 0 0 0 0 0 0
48 1 0 0 0 0 0 0 0 0
50 1 0 0 0 0 0 0 0 0
51 1 0 0 0 0 0 0 0 0
54 1 0 0 0 0 0 0 0 0
55 1 0 0 0 0 0 0 0 0
56 1 0 0 0 0 0 0 0 0
89 1 1 1 0 0 0 0 0 0
90 1 0 0 0 0 0 0 0 0
91 1 0 0 1 1 0 0 0 0
92 1 0 0 0 0 0 0 0 0
93 1 0 0 0 0 0 0 0 0
94 1 0 0 0 0 0 0 0 0
95 1 0 0 0 0 0 0 0 0
96 1 0 0 0 0 0 0 0 0
97 1 0 0 0 0 0 0 0 0
98 1 0 0 0 0 0 0 0 0
101 1 0 0 0 0 0 0 0 0
102 1 0 0 0 0 0 0 0 0
111 1 1 1 0 0 0 0 0 0
112 1 0 0 0 0 0 0 0 0
210 1 1 1 0 0 0 0 0 0
211 1 0 0 0 0 0 0 0 0
219 1 0 0 0 0 0 0 0 0
220 1 0 0 0 0 0 0 0 0
221 1 0 0 0 0 0 0 0 0
222 1 0 0 0 0 0 0 0 0
223 1 0 0 0 0 0 0 0 0
225 1 0 0 0 0 0 0 0 0
226 1 0 0 0 0 0 0 0 0
227 1 0 0 0 0 0 0 0 0
228 2 1 1 1 0 0 0 0 0
fl=./string/../sysdeps/x86_64/multiarch/strrchr.c
fn=rindex
28 3 1 1 1 0 0 0 0 0
fl=./string/../sysdeps/x86_64/multiarch/strspn.c
fn=strspn
29 2 1 1 1 0 0 0 0 0
fl=./string/../sysdeps/x86_64/strcmp.S
fn=strcmp
108 2447 2 2 0 0 0 0 0 0
141 2447 0 0 0 0 0 0 0 0
142 2447 0 0 0 0 0 0 0 0
144 2447 0 0 0 0 0 0 0 0
145 2447 0 0 0 0 0 0 0 0
166 2447 0 0 0 0 0 0 0 0
167 2447 0 0 0 0 0 0 0 0
168 2304 0 0 0 0 0 0 0 0
169 2304 0 0 0 0 0 0 0 0
170 2224 0 0 2224 68 24 0 0 0
171 2224 1 1 2224 12 8 0 0 0
172 2224 0 0 2224 0 0 0 0 0
173 2224 0 0 2224 0 0 0 0 0
194 2224 0 0 0 0 0 0 0 0
195 2224 0 0 0 0 0 0 0 0
196 2224 0 0 0 0 0 0 0 0
197 2224 0 0 0 0 0 0 0 0
198 2224 0 0 0 0 0 0 0 0
199 2224 0 0 0 0 0 0 0 0
200 2224 0 0 0 0 0 0 0 0
205 35 0 0 0 0 0 0 0 0
206 105 0 0 0 0 0 0 0 0
215 258 2 2 0 0 0 0 0 0
216 258 0 0 0 0 0 0 0 0
217 258 0 0 0 0 0 0 0 0
218 258 0 0 0 0 0 0 0 0
219 258 0 0 0 0 0 0 0 0
220 258 0 0 0 0 0 0 0 0
221 258 0 0 0 0 0 0 0 0
222 258 0 0 0 0 0 0 0 0
223 150 0 0 0 0 0 0 0 0
224 74 0 0 0 0 0 0 0 0
225 74 0 0 0 0 0 0 0 0
226 74 0 0 0 0 0 0 0 0
228 150 0 0 0 0 0 0 0 0
229 150 0 0 0 0 0 0 0 0
230 150 0 0 0 0 0 0 0 0
231 150 0 0 150 12 3 0 0 0
232 150 0 0 0 0 0 0 0 0
233 150 0 0 0 0 0 0 0 0
243 108 3 2 108 12 4 0 0 0
244 108 0 0 0 0 0 0 0 0
245 108 0 0 0 0 0 0 0 0
247 108 0 0 108 3 2 0 0 0
253 108 0 0 0 0 0 0 0 0
254 108 0 0 0 0 0 0 0 0
255 108 0 0 0 0 0 0 0 0
256 108 0 0 0 0 0 0 0 0
257 108 0 0 0 0 0 0 0 0
262 108 0 0 0 0 0 0 0 0
264 101 0 0 0 0 0 0 0 0
265 101 0 0 0 0 0 0 0 0
266 202 0 0 0 0 0 0 0 0
274 121 2 2 121 11 2 0 0 0
275 121 0 0 121 3 3 0 0 0
278 121 0 0 0 0 0 0 0 0
279 121 0 0 0 0 0 0 0 0
280 121 0 0 0 0 0 0 0 0
281 121 0 0 0 0 0 0 0 0
282 121 0 0 0 0 0 0 0 0
283 121 0 0 0 0 0 0 0 0
289 32 0 0 0 0 0 0 0 0
290 32 0 0 32 0 0 0 0 0
291 32 0 0 32 0 0 0 0 0
294 32 0 0 0 0 0 0 0 0
295 32 0 0 0 0 0 0 0 0
296 32 0 0 0 0 0 0 0 0
297 32 1 1 0 0 0 0 0 0
298 32 0 0 0 0 0 0 0 0
299 32 0 0 0 0 0 0 0 0
304 20 0 0 0 0 0 0 0 0
305 20 0 0 0 0 0 0 0 0
444 1 1 1 0 0 0 0 0 0
445 1 0 0 1 0 0 0 0 0
446 1 0 0 1 1 0 0 0 0
447 1 0 0 0 0 0 0 0 0
448 1 0 0 0 0 0 0 0 0
450 1 0 0 0 0 0 0 0 0
451 1 0 0 0 0 0 0 0 0
452 1 1 1 0 0 0 0 0 0
453 1 0 0 0 0 0 0 0 0
454 1 0 0 0 0 0 0 0 0
455 1 0 0 0 0 0 0 0 0
456 1 0 0 0 0 0 0 0 0
457 1 0 0 1 0 0 0 0 0
460 1 0 0 0 0 0 0 0 0
461 1 0 0 0 0 0 0 0 0
462 1 0 0 0 0 0 0 0 0
468 1 0 0 0 0 0 0 0 0
469 1 0 0 0 0 0 0 0 0
470 2 0 0 0 0 0 0 0 0
474 1 1 1 0 0 0 0 0 0
475 1 0 0 0 0 0 0 0 0
478 1 0 0 1 1 0 0 0 0
479 1 0 0 1 1 0 0 0 0
480 1 0 0 0 0 0 0 0 0
483 1 0 0 0 0 0 0 0 0
484 1 0 0 0 0 0 0 0 0
485 1 0 0 0 0 0 0 0 0
491 1 0 0 0 0 0 0 0 0
492 1 0 0 0 0 0 0 0 0
493 1 0 0 0 0 0 0 0 0
494 1 0 0 0 0 0 0 0 0
495 1 0 0 0 0 0 0 0 0
496 1 1 1 0 0 0 0 0 0
693 1 1 1 0 0 0 0 0 0
694 1 0 0 1 0 0 0 0 0
695 1 0 0 1 1 0 0 0 0
696 1 0 0 0 0 0 0 0 0
697 1 0 0 0 0 0 0 0 0
699 1 0 0 0 0 0 0 0 0
700 1 0 0 0 0 0 0 0 0
701 1 1 1 0 0 0 0 0 0
702 1 0 0 0 0 0 0 0 0
703 1 0 0 0 0 0 0 0 0
704 1 0 0 0 0 0 0 0 0
705 1 0 0 0 0 0 0 0 0
706 1 0 0 1 0 0 0 0 0
710 1 0 0 0 0 0 0 0 0
711 1 0 0 0 0 0 0 0 0
712 1 0 0 0 0 0 0 0 0
718 1 0 0 0 0 0 0 0 0
719 1 0 0 0 0 0 0 0 0
720 2 0 0 0 0 0 0 0 0
724 1 1 1 0 0 0 0 0 0
725 1 0 0 0 0 0 0 0 0
728 1 0 0 1 0 0 0 0 0
729 1 0 0 1 0 0 0 0 0
730 1 0 0 0 0 0 0 0 0
733 1 0 0 0 0 0 0 0 0
734 1 0 0 0 0 0 0 0 0
735 1 0 0 0 0 0 0 0 0
741 1 0 0 0 0 0 0 0 0
742 1 0 0 0 0 0 0 0 0
743 1 0 0 0 0 0 0 0 0
744 1 0 0 0 0 0 0 0 0
745 1 0 0 0 0 0 0 0 0
746 1 1 1 0 0 0 0 0 0
818 1 1 1 0 0 0 0 0 0
819 1 0 0 1 1 0 0 0 0
820 1 0 0 1 0 0 0 0 0
821 1 0 0 0 0 0 0 0 0
822 1 0 0 0 0 0 0 0 0
824 1 0 0 0 0 0 0 0 0
825 1 0 0 0 0 0 0 0 0
826 1 1 1 0 0 0 0 0 0
827 1 0 0 0 0 0 0 0 0
828 1 0 0 0 0 0 0 0 0
829 1 0 0 0 0 0 0 0 0
830 1 0 0 0 0 0 0 0 0
831 1 0 0 1 0 0 0 0 0
835 1 0 0 0 0 0 0 0 0
836 1 0 0 0 0 0 0 0 0
837 1 0 0 0 0 0 0 0 0
843 1 0 0 0 0 0 0 0 0
844 1 0 0 0 0 0 0 0 0
845 2 0 0 0 0 0 0 0 0
849 1 1 1 0 0 0 0 0 0
850 1 0 0 0 0 0 0 0 0
853 1 0 0 1 0 0 0 0 0
854 1 0 0 1 0 0 0 0 0
855 1 0 0 0 0 0 0 0 0
858 1 0 0 0 0 0 0 0 0
859 1 0 0 0 0 0 0 0 0
860 1 0 0 0 0 0 0 0 0
866 1 0 0 0 0 0 0 0 0
867 1 0 0 0 0 0 0 0 0
868 1 0 0 0 0 0 0 0 0
869 1 0 0 0 0 0 0 0 0
870 1 0 0 0 0 0 0 0 0
871 1 1 1 0 0 0 0 0 0
943 4 1 1 0 0 0 0 0 0
944 4 0 0 4 0 0 0 0 0
945 4 0 0 4 3 2 0 0 0
946 4 0 0 0 0 0 0 0 0
947 4 0 0 0 0 0 0 0 0
949 4 0 0 0 0 0 0 0 0
950 4 0 0 0 0 0 0 0 0
951 4 1 1 0 0 0 0 0 0
952 4 0 0 0 0 0 0 0 0
953 4 0 0 0 0 0 0 0 0
954 4 0 0 0 0 0 0 0 0
955 4 0 0 0 0 0 0 0 0
956 4 0 0 4 0 0 0 0 0
960 4 0 0 0 0 0 0 0 0
961 4 0 0 0 0 0 0 0 0
962 4 0 0 0 0 0 0 0 0
968 4 0 0 0 0 0 0 0 0
969 4 0 0 0 0 0 0 0 0
970 8 0 0 0 0 0 0 0 0
974 4 1 1 0 0 0 0 0 0
975 4 0 0 0 0 0 0 0 0
978 4 0 0 4 3 2 0 0 0
979 4 0 0 4 0 0 0 0 0
980 4 0 0 0 0 0 0 0 0
983 4 0 0 0 0 0 0 0 0
984 4 0 0 0 0 0 0 0 0
985 4 0 0 0 0 0 0 0 0
991 4 0 0 0 0 0 0 0 0
992 4 0 0 0 0 0 0 0 0
993 4 0 0 0 0 0 0 0 0
994 4 0 0 0 0 0 0 0 0
995 4 0 0 0 0 0 0 0 0
996 4 1 1 0 0 0 0 0 0
1068 8 1 1 0 0 0 0 0 0
1069 8 0 0 8 2 2 0 0 0
1070 8 0 0 8 0 0 0 0 0
1071 8 0 0 0 0 0 0 0 0
1072 8 0 0 0 0 0 0 0 0
1074 8 0 0 0 0 0 0 0 0
1075 8 0 0 0 0 0 0 0 0
1076 8 1 1 0 0 0 0 0 0
1077 8 0 0 0 0 0 0 0 0
1078 8 0 0 0 0 0 0 0 0
1079 8 0 0 0 0 0 0 0 0
1080 8 0 0 0 0 0 0 0 0
1081 2 0 0 2 0 0 0 0 0
1085 2 0 0 0 0 0 0 0 0
1086 2 0 0 0 0 0 0 0 0
1087 2 0 0 0 0 0 0 0 0
1093 2 0 0 0 0 0 0 0 0
1094 2 0 0 0 0 0 0 0 0
1095 4 0 0 0 0 0 0 0 0
1099 2 1 1 0 0 0 0 0 0
1100 2 0 0 0 0 0 0 0 0
1103 2 0 0 2 0 0 0 0 0
1104 2 0 0 2 1 1 0 0 0
1105 2 0 0 0 0 0 0 0 0
1108 2 0 0 0 0 0 0 0 0
1109 2 0 0 0 0 0 0 0 0
1110 2 0 0 0 0 0 0 0 0
1116 2 0 0 0 0 0 0 0 0
1117 2 0 0 0 0 0 0 0 0
1118 2 0 0 0 0 0 0 0 0
1119 2 0 0 0 0 0 0 0 0
1120 2 0 0 0 0 0 0 0 0
1121 2 1 1 0 0 0 0 0 0
1128 1 0 0 0 0 0 0 0 0
1129 1 0 0 0 0 0 0 0 0
1131 1 0 0 0 0 0 0 0 0
1132 1 0 0 0 0 0 0 0 0
1134 1 0 0 1 0 0 0 0 0
1135 1 0 0 1 0 0 0 0 0
1136 1 0 0 0 0 0 0 0 0
1139 1 0 0 0 0 0 0 0 0
1140 1 0 0 0 0 0 0 0 0
1141 1 0 0 0 0 0 0 0 0
1147 1 0 0 0 0 0 0 0 0
1148 1 0 0 0 0 0 0 0 0
1149 1 0 0 0 0 0 0 0 0
1150 1 0 0 0 0 0 0 0 0
1151 1 1 1 0 0 0 0 0 0
1152 1 0 0 0 0 0 0 0 0
1193 5 2 1 0 0 0 0 0 0
1194 5 0 0 5 0 0 0 0 0
1195 5 0 0 5 2 2 0 0 0
1196 5 0 0 0 0 0 0 0 0
1197 5 0 0 0 0 0 0 0 0
1199 5 0 0 0 0 0 0 0 0
1200 5 0 0 0 0 0 0 0 0
1201 5 2 2 0 0 0 0 0 0
1202 5 0 0 0 0 0 0 0 0
1203 5 0 0 0 0 0 0 0 0
1204 5 0 0 0 0 0 0 0 0
1205 5 0 0 0 0 0 0 0 0
1206 3 0 0 3 0 0 0 0 0
1210 3 0 0 0 0 0 0 0 0
1211 3 0 0 0 0 0 0 0 0
1212 3 0 0 0 0 0 0 0 0
1218 3 0 0 0 0 0 0 0 0
1219 3 0 0 0 0 0 0 0 0
1220 6 0 0 0 0 0 0 0 0
1224 3 2 2 0 0 0 0 0 0
1225 3 0 0 0 0 0 0 0 0
1228 3 0 0 3 2 2 0 0 0
1229 3 0 0 3 0 0 0 0 0
1230 3 0 0 0 0 0 0 0 0
1233 3 0 0 0 0 0 0 0 0
1234 3 0 0 0 0 0 0 0 0
1235 3 0 0 0 0 0 0 0 0
1241 3 0 0 0 0 0 0 0 0
1242 3 0 0 0 0 0 0 0 0
1243 3 0 0 0 0 0 0 0 0
1244 3 0 0 0 0 0 0 0 0
1245 3 0 0 0 0 0 0 0 0
1246 3 2 2 0 0 0 0 0 0
1318 27 1 1 0 0 0 0 0 0
1319 27 0 0 27 1 1 0 0 0
1320 27 0 0 27 1 0 0 0 0
1321 27 0 0 0 0 0 0 0 0
1322 27 0 0 0 0 0 0 0 0
1324 27 0 0 0 0 0 0 0 0
1325 27 0 0 0 0 0 0 0 0
1326 27 1 1 0 0 0 0 0 0
1327 27 0 0 0 0 0 0 0 0
1328 27 0 0 0 0 0 0 0 0
1329 27 0 0 0 0 0 0 0 0
1330 27 0 0 0 0 0 0 0 0
1331 6 0 0 6 0 0 0 0 0
1335 6 0 0 0 0 0 0 0 0
1336 6 0 0 0 0 0 0 0 0
1337 6 0 0 0 0 0 0 0 0
1343 6 0 0 0 0 0 0 0 0
1344 6 0 0 0 0 0 0 0 0
1345 12 0 0 0 0 0 0 0 0
1349 6 1 1 0 0 0 0 0 0
1350 6 0 0 0 0 0 0 0 0
1353 5 0 0 5 0 0 0 0 0
1354 5 0 0 5 0 0 0 0 0
1355 5 0 0 0 0 0 0 0 0
1358 5 0 0 0 0 0 0 0 0
1359 5 0 0 0 0 0 0 0 0
1360 5 0 0 0 0 0 0 0 0
1366 5 0 0 0 0 0 0 0 0
1367 5 0 0 0 0 0 0 0 0
1368 5 0 0 0 0 0 0 0 0
1369 5 0 0 0 0 0 0 0 0
1370 5 0 0 0 0 0 0 0 0
1371 5 1 1 0 0 0 0 0 0
1415 1 1 1 0 0 0 0 0 0
1416 1 0 0 0 0 0 0 0 0
1417 1 0 0 0 0 0 0 0 0
1418 1 0 0 0 0 0 0 0 0
1431 1 0 0 1 0 0 0 0 0
1432 1 0 0 0 0 0 0 0 0
1433 1 0 0 0 0 0 0 0 0
1434 1 0 0 0 0 0 0 0 0
1443 6 1 1 0 0 0 0 0 0
1444 6 0 0 6 0 0 0 0 0
1445 6 0 0 6 0 0 0 0 0
1446 6 0 0 0 0 0 0 0 0
1447 6 0 0 0 0 0 0 0 0
1449 6 0 0 0 0 0 0 0 0
1450 6 0 0 0 0 0 0 0 0
1451 6 1 1 0 0 0 0 0 0
1452 6 0 0 0 0 0 0 0 0
1453 6 0 0 0 0 0 0 0 0
1454 6 0 0 0 0 0 0 0 0
1455 6 0 0 0 0 0 0 0 0
1456 1 0 0 1 0 0 0 0 0
1460 1 0 0 0 0 0 0 0 0
1461 1 0 0 0 0 0 0 0 0
1462 1 0 0 0 0 0 0 0 0
1468 1 0 0 0 0 0 0 0 0
1469 1 0 0 0 0 0 0 0 0
1470 2 0 0 0 0 0 0 0 0
1474 1 1 1 0 0 0 0 0 0
1475 1 0 0 0 0 0 0 0 0
1478 1 0 0 1 1 1 0 0 0
1479 1 0 0 1 0 0 0 0 0
1480 1 0 0 0 0 0 0 0 0
1483 1 0 0 0 0 0 0 0 0
1484 1 0 0 0 0 0 0 0 0
1485 1 0 0 0 0 0 0 0 0
1491 1 0 0 0 0 0 0 0 0
1492 1 0 0 0 0 0 0 0 0
1493 1 0 0 0 0 0 0 0 0
1494 1 0 0 0 0 0 0 0 0
1495 1 0 0 0 0 0 0 0 0
1496 1 1 1 0 0 0 0 0 0
1568 8 1 1 0 0 0 0 0 0
1569 8 0 0 8 0 0 0 0 0
1570 8 0 0 8 0 0 0 0 0
1571 8 0 0 0 0 0 0 0 0
1572 8 0 0 0 0 0 0 0 0
1574 8 0 0 0 0 0 0 0 0
1575 8 0 0 0 0 0 0 0 0
1576 8 1 1 0 0 0 0 0 0
1577 8 0 0 0 0 0 0 0 0
1578 8 0 0 0 0 0 0 0 0
1579 8 0 0 0 0 0 0 0 0
1580 8 0 0 0 0 0 0 0 0
1581 2 0 0 2 0 0 0 0 0
1585 2 0 0 0 0 0 0 0 0
1586 2 0 0 0 0 0 0 0 0
1587 2 0 0 0 0 0 0 0 0
1593 2 0 0 0 0 0 0 0 0
1594 2 0 0 0 0 0 0 0 0
1595 4 0 0 0 0 0 0 0 0
1599 2 1 1 0 0 0 0 0 0
1600 2 0 0 0 0 0 0 0 0
1603 2 0 0 2 0 0 0 0 0
1604 2 0 0 2 0 0 0 0 0
1605 2 0 0 0 0 0 0 0 0
1608 2 0 0 0 0 0 0 0 0
1609 2 0 0 0 0 0 0 0 0
1610 2 0 0 0 0 0 0 0 0
1616 2 0 0 0 0 0 0 0 0
1617 2 0 0 0 0 0 0 0 0
1618 2 0 0 0 0 0 0 0 0
1619 2 0 0 0 0 0 0 0 0
1620 2 0 0 0 0 0 0 0 0
1621 2 1 1 0 0 0 0 0 0
1693 13 1 1 0 0 0 0 0 0
1694 13 0 0 13 1 1 0 0 0
1695 13 0 0 13 2 1 0 0 0
1696 13 0 0 0 0 0 0 0 0
1697 13 0 0 0 0 0 0 0 0
1699 13 0 0 0 0 0 0 0 0
1700 13 0 0 0 0 0 0 0 0
1701 13 1 1 0 0 0 0 0 0
1702 13 0 0 0 0 0 0 0 0
1703 13 0 0 0 0 0 0 0 0
1704 13 0 0 0 0 0 0 0 0
1705 13 0 0 0 0 0 0 0 0
1706 5 0 0 5 0 0 0 0 0
1710 5 0 0 0 0 0 0 0 0
1711 5 0 0 0 0 0 0 0 0
1712 5 0 0 0 0 0 0 0 0
1718 5 0 0 0 0 0 0 0 0
1719 5 0 0 0 0 0 0 0 0
1720 10 0 0 0 0 0 0 0 0
1724 5 1 1 0 0 0 0 0 0
1725 5 0 0 0 0 0 0 0 0
1728 5 0 0 5 2 2 0 0 0
1729 5 0 0 5 1 1 0 0 0
1730 5 0 0 0 0 0 0 0 0
1733 5 0 0 0 0 0 0 0 0
1734 5 0 0 0 0 0 0 0 0
1735 5 0 0 0 0 0 0 0 0
1741 5 0 0 0 0 0 0 0 0
1742 5 0 0 0 0 0 0 0 0
1743 5 0 0 0 0 0 0 0 0
1744 5 0 0 0 0 0 0 0 0
1745 5 0 0 0 0 0 0 0 0
1746 5 1 1 0 0 0 0 0 0
1818 5 1 1 0 0 0 0 0 0
1819 5 0 0 5 0 0 0 0 0
1820 5 0 0 5 1 0 0 0 0
1821 5 0 0 0 0 0 0 0 0
1822 5 0 0 0 0 0 0 0 0
1824 5 0 0 0 0 0 0 0 0
1825 5 0 0 0 0 0 0 0 0
1826 5 1 1 0 0 0 0 0 0
1827 5 0 0 0 0 0 0 0 0
1828 5 0 0 0 0 0 0 0 0
1829 5 0 0 0 0 0 0 0 0
1830 5 0 0 0 0 0 0 0 0
1831 2 0 0 2 0 0 0 0 0
1835 2 0 0 0 0 0 0 0 0
1836 2 0 0 0 0 0 0 0 0
1837 2 0 0 0 0 0 0 0 0
1843 2 0 0 0 0 0 0 0 0
1844 2 0 0 0 0 0 0 0 0
1845 4 0 0 0 0 0 0 0 0
1849 2 1 1 0 0 0 0 0 0
1850 2 0 0 0 0 0 0 0 0
1853 2 0 0 2 1 0 0 0 0
1854 2 0 0 2 0 0 0 0 0
1855 2 0 0 0 0 0 0 0 0
1858 2 0 0 0 0 0 0 0 0
1859 2 0 0 0 0 0 0 0 0
1860 2 0 0 0 0 0 0 0 0
1866 2 0 0 0 0 0 0 0 0
1867 2 0 0 0 0 0 0 0 0
1868 2 0 0 0 0 0 0 0 0
1869 2 0 0 0 0 0 0 0 0
1870 2 0 0 0 0 0 0 0 0
1871 2 1 1 0 0 0 0 0 0
1878 1 0 0 0 0 0 0 0 0
1879 1 0 0 0 0 0 0 0 0
1881 1 0 0 0 0 0 0 0 0
1882 1 0 0 0 0 0 0 0 0
1884 1 0 0 1 0 0 0 0 0
1885 1 0 0 1 0 0 0 0 0
1886 1 0 0 0 0 0 0 0 0
1889 1 0 0 0 0 0 0 0 0
1890 1 0 0 0 0 0 0 0 0
1891 1 0 0 0 0 0 0 0 0
1897 1 0 0 0 0 0 0 0 0
1898 1 0 0 0 0 0 0 0 0
1899 1 0 0 0 0 0 0 0 0
1900 1 0 0 0 0 0 0 0 0
1901 1 1 1 0 0 0 0 0 0
1902 1 0 0 0 0 0 0 0 0
1943 17 1 1 0 0 0 0 0 0
1944 17 0 0 17 0 0 0 0 0
1945 17 0 0 17 2 2 0 0 0
1946 17 0 0 0 0 0 0 0 0
1947 17 0 0 0 0 0 0 0 0
1949 17 0 0 0 0 0 0 0 0
1950 17 0 0 0 0 0 0 0 0
1951 17 2 1 0 0 0 0 0 0
1952 17 0 0 0 0 0 0 0 0
1953 17 0 0 0 0 0 0 0 0
1954 17 0 0 0 0 0 0 0 0
1955 17 0 0 0 0 0 0 0 0
1956 4 0 0 4 0 0 0 0 0
1960 4 0 0 0 0 0 0 0 0
1961 4 0 0 0 0 0 0 0 0
1962 4 0 0 0 0 0 0 0 0
1968 4 0 0 0 0 0 0 0 0
1969 4 0 0 0 0 0 0 0 0
1970 8 0 0 0 0 0 0 0 0
1974 4 2 1 0 0 0 0 0 0
1975 4 0 0 0 0 0 0 0 0
1978 4 0 0 4 1 1 0 0 0
1979 4 0 0 4 0 0 0 0 0
1980 4 0 0 0 0 0 0 0 0
1983 4 0 0 0 0 0 0 0 0
1984 4 0 0 0 0 0 0 0 0
1985 4 0 0 0 0 0 0 0 0
1991 4 0 0 0 0 0 0 0 0
1992 4 0 0 0 0 0 0 0 0
1993 4 0 0 0 0 0 0 0 0
1994 4 0 0 0 0 0 0 0 0
1995 4 0 0 0 0 0 0 0 0
1996 4 2 1 0 0 0 0 0 0
2068 54 1 1 0 0 0 0 0 0
2069 54 0 0 54 1 1 0 0 0
2070 54 0 0 54 10 6 0 0 0
2071 54 0 0 0 0 0 0 0 0
2072 54 0 0 0 0 0 0 0 0
2074 54 0 0 0 0 0 0 0 0
2075 54 0 0 0 0 0 0 0 0
2076 54 1 1 0 0 0 0 0 0
2077 54 0 0 0 0 0 0 0 0
2078 54 0 0 0 0 0 0 0 0
2079 54 0 0 0 0 0 0 0 0
2080 54 0 0 0 0 0 0 0 0
2082 16 0 0 16 0 0 0 0 0
2086 16 0 0 0 0 0 0 0 0
2087 16 0 0 0 0 0 0 0 0
2088 16 0 0 0 0 0 0 0 0
2094 16 0 0 0 0 0 0 0 0
2095 16 0 0 0 0 0 0 0 0
2097 32 0 0 0 0 0 0 0 0
2101 16 1 1 0 0 0 0 0 0
2102 16 0 0 0 0 0 0 0 0
2105 16 0 0 16 7 5 0 0 0
2106 16 0 0 16 2 2 0 0 0
2107 16 0 0 0 0 0 0 0 0
2110 16 0 0 0 0 0 0 0 0
2111 16 0 0 0 0 0 0 0 0
2112 16 0 0 0 0 0 0 0 0
2118 16 0 0 0 0 0 0 0 0
2119 16 0 0 0 0 0 0 0 0
2120 16 0 0 0 0 0 0 0 0
2121 16 0 0 0 0 0 0 0 0
2122 16 0 0 0 0 0 0 0 0
2123 16 1 1 0 0 0 0 0 0
2190 1 0 0 0 0 0 0 0 0
2191 1 0 0 0 0 0 0 0 0
2192 1 0 0 0 0 0 0 0 0
2193 2 0 0 0 0 0 0 0 0
2197 149 1 1 0 0 0 0 0 0
2199 258 1 1 0 0 0 0 0 0
2200 258 0 0 0 0 0 0 0 0
2201 258 0 0 0 0 0 0 0 0
2202 258 0 0 0 0 0 0 0 0
2203 148 0 0 0 0 0 0 0 0
2208 2447 2 2 0 0 0 0 0 0
2214 2447 0 0 2447 0 0 0 0 0
2215 2447 0 0 2447 0 0 0 0 0
2223 2447 0 0 0 0 0 0 0 0
2224 2447 0 0 2447 0 0 0 0 0
fl=./string/../sysdeps/x86_64/strcspn.S
fn=strcspn
25 1 1 1 0 0 0 0 0 0
27 1 0 0 0 0 0 0 0 0
34 1 0 0 0 0 0 0 0 0
35 1 1 1 0 0 0 0 0 0
37 1 0 0 0 0 0 0 0 0
38 1 0 0 0 0 0 0 0 0
39 1 0 0 0 0 0 0 0 0
40 1 0 0 0 0 0 0 0 0
41 33 0 0 0 0 0 32 4 4
44 3 0 0 0 0 0 0 0 0
51 1 0 0 1 1 1 0 0 0
52 1 0 0 0 0 0 0 0 0
53 1 0 0 0 0 0 0 0 0
54 1 0 0 0 0 0 1 0 0
56 1 0 0 1 0 0 0 0 0
57 1 0 0 0 0 0 0 0 0
58 1 0 0 0 0 0 0 0 0
59 1 0 0 0 0 0 1 0 0
61 1 0 0 1 0 0 0 0 0
62 1 0 0 0 0 0 0 0 0
63 1 0 0 0 0 0 0 0 0
72 3 1 1 0 0 0 0 0 0
84 13 0 0 0 0 0 0 0 0
86 13 0 0 13 0 0 0 0 0
87 13 0 0 13 0 0 0 0 0
88 13 0 0 0 0 0 0 0 0
90 13 0 0 13 0 0 0 0 0
91 13 0 0 13 0 0 0 0 0
92 13 0 0 0 0 0 0 0 0
94 13 0 0 13 0 0 0 0 0
95 13 0 0 13 0 0 0 0 0
96 13 0 0 0 0 0 0 0 0
98 13 0 0 13 1 1 0 0 0
99 13 0 0 13 0 0 0 0 0
100 13 0 0 0 0 0 0 0 0
102 1 0 0 0 0 0 0 0 0
103 1 0 0 0 0 0 0 0 0
104 1 0 0 0 0 0 0 0 0
106 1 0 0 0 0 0 0 0 0
113 1 0 0 0 0 0 0 0 0
117 1 0 0 1 0 0 0 0 0
fl=./string/./string/strdup.c
fn=strdup
40 35 1 1 0 0 0 14 0 0
41 14 0 0 0 0 0 7 0 0
44 14 0 0 0 0 0 0 0 0
47 28 0 0 0 0 0 0 0 0
48 21 0 0 14 0 0 0 0 0
fl=./sunrpc/./sunrpc/rpc_thread.c
fn=__rpc_thread_destroy
21 16 1 1 0 0 0 8 0 0
22 8 0 0 8 8 8 0 0 0
24 8 0 0 0 0 0 0 0 0
39 16 1 1 12 0 0 0 0 0
fl=./time/../sysdeps/unix/sysv/linux/clock_gettime.c
fn=clock_gettime@@GLIBC_2.17
30 2 1 1 0 0 0 0 0 0
38 4 0 0 4 2 2 0 0 0
40 4 0 0 0 0 0 0 0 0
44 2 0 0 0 0 0 0 0 0
68 4 1 1 0 0 0 0 0 0
69 4 0 0 0 0 0 0 0 0
86 2 0 0 2 0 0 0 0 0
fl=./wcsmbs/../sysdeps/x86_64/multiarch/ifunc-avx2.h
fn=wcschr
32 4 0 0 0 0 0 0 0 0
33 10 1 1 4 0 0 0 0 0
34 6 0 0 2 0 0 0 0 0
36 4 0 0 0 0 0 0 0 0
37 4 0 0 0 0 0 0 0 0
40 6 0 0 0 0 0 0 0 0
43 8 0 0 0 0 0 0 0 0
fn=wcscmp
32 2 0 0 0 0 0 0 0 0
33 5 1 1 2 0 0 0 0 0
34 3 0 0 1 0 0 0 0 0
36 2 0 0 0 0 0 0 0 0
37 2 0 0 0 0 0 0 0 0
40 3 0 0 0 0 0 0 0 0
43 4 0 0 0 0 0 0 0 0
fl=./wcsmbs/../sysdeps/x86_64/multiarch/ifunc-evex.h
fn=wmemchr
34 4 0 0 0 0 0 0 0 0
35 10 1 1 4 0 0 0 0 0
36 6 0 0 2 0 0 0 0 0
38 4 0 0 0 0 0 0 0 0
39 4 1 1 0 0 0 0 0 0
41 4 0 0 0 0 0 0 0 0
47 6 0 0 0 0 0 0 0 0
50 8 0 0 0 0 0 0 0 0
fl=./wcsmbs/../sysdeps/x86_64/multiarch/ifunc-memcmp.h
fn=wmemcmp
34 4 0 0 2 0 0 0 0 0
35 3 0 0 1 0 0 0 0 0
36 2 1 1 0 0 0 0 0 0
37 3 0 0 1 0 0 0 0 0
39 2 0 0 0 0 0 0 0 0
40 2 0 0 0 0 0 0 0 0
43 3 0 0 0 0 0 0 0 0
46 3 0 0 0 0 0 0 0 0
fl=./wcsmbs/../sysdeps/x86_64/multiarch/ifunc-wcslen.h
fn=wcslen
33 2 0 0 0 0 0 0 0 0
34 4 0 0 2 0 0 0 0 0
35 3 1 1 1 0 0 0 0 0
37 2 0 0 0 0 0 0 0 0
38 2 0 0 0 0 0 0 0 0
41 3 0 0 0 0 0 0 0 0
44 3 0 0 0 0 0 0 0 0
fn=wcsnlen
33 2 0 0 0 0 0 0 0 0
34 4 0 0 2 0 0 0 0 0
35 3 1 1 1 0 0 0 0 0
37 2 0 0 0 0 0 0 0 0
38 2 0 0 0 0 0 0 0 0
41 3 0 0 0 0 0 0 0 0
44 3 0 0 0 0 0 0 0 0
fl=./wcsmbs/../sysdeps/x86_64/multiarch/ifunc-wmemset.h
fn=wmemset
33 10 0 0 4 0 0 0 0 0
34 6 0 0 2 0 0 0 0 0
36 4 0 0 0 0 0 0 0 0
44 6 0 0 0 0 0 0 0 0
47 8 1 1 0 0 0 0 0 0
fl=./wcsmbs/../sysdeps/x86_64/multiarch/wcschr.c
fn=wcschr
31 6 2 2 2 0 0 0 0 0
fl=./wcsmbs/../sysdeps/x86_64/multiarch/wcscmp.c
fn=wcscmp
30 3 1 1 1 0 0 0 0 0
fl=./wcsmbs/../sysdeps/x86_64/multiarch/wcscpy.c
fn=wcscpy
37 5 1 1 2 0 0 0 0 0
43 2 0 0 1 0 0 0 0 0
fl=./wcsmbs/../sysdeps/x86_64/multiarch/wcslen.c
fn=wcslen
29 3 1 1 1 0 0 0 0 0
fl=./wcsmbs/../sysdeps/x86_64/multiarch/wcsnlen.c
fn=wcsnlen
29 3 2 2 1 0 0 0 0 0
fl=./wcsmbs/../sysdeps/x86_64/multiarch/wmemchr.c
fn=wmemchr
31 4 1 1 2 0 0 0 0 0
fl=./wcsmbs/../sysdeps/x86_64/multiarch/wmemcmp.c
fn=wmemcmp
29 3 2 2 1 0 0 0 0 0
fl=./wcsmbs/../sysdeps/x86_64/multiarch/wmemset.c
fn=wmemset
31 4 1 1 2 0 0 0 0 0
fl=/mnt/c/Users/giaco/Documents/Computer Architecture/progetto/Least-squares-algorithm-optimization-with-cpu-and-gpu-main/src/file definitivi/least-squares-it1_NC2.cpp
fn=compute_ata_parallel(void*)
43 32 0 0 0 0 0 28 8 8
45 8 0 0 8 0 0 0 0 0
50 19536 2 2 15008 2160 991 8 0 0
53 4512 0 0 0 0 0 0 0 0
54 3007500 0 0 1501500 0 0 0 0 0
55 10510500 2 2 3006000 754091 372391 0 0 0
57 9060 1 1 4508 1 0 1516 1500 1250
60 48092 2 2 4 0 0 32 0 0
61 36000 0 0 0 0 0 0 0 0
63 36180000 1 1 0 0 0 12000 0 0
64 36024000 1 1 0 0 0 0 0 0
66 2314542000 0 0 18012000 6 6 0 0 0
67 7898346000 0 0 2251524000 290381559 245031380 12000 0 0
69 18012000 1 1 9006000 1136708 142082 9006000 0 0
74 4501499 1 1 2999 1499 988 0 0 0
75 2276985 2 2 1136244 143873 996 1124250 1124246 1060257
79 32 1 1 28 4 4 0 0 0
fn=main
163 9 1 1 0 0 0 6 0 0
164 2 1 1 0 0 0 0 0 0
174 4 0 0 0 0 0 1 0 0
175 8 1 1 0 0 0 3 0 0
176 8017 1 1 2002 0 0 3 0 0
177 9006000 1 1 2000 0 0 0 0 0
178 42000000 1 1 0 0 0 6000000 375000 375000
182 5 0 0 0 0 0 2 1 1
183 34003 1 1 0 0 0 4000 249 249
186 5 0 0 1 0 0 3 0 0
188 251 2 2 145 47 0 3 0 0
189 14852 1 1 47 0 0 0 0 0
190 189470 1 1 47 0 0 47 0 0
191 14805 1 1 2961 0 0 0 0 0
193 510993 0 0 5922 0 0 0 0 0
194 12094500 0 0 0 0 0 0 0 0
195 6000000 0 0 3000000 469000 364787 3000000 376803 375000
202 7 1 1 1 0 0 1 0 0
203 8 0 0 2 0 0 3 0 0
204 4 0 0 0 0 0 1 0 0
206 4 0 0 1 0 0 1 0 0
207 3 1 1 0 0 0 2 0 0
210 2 0 0 0 0 0 2 0 0
212 41 1 1 13 0 0 2 1 1
213 16 1 1 8 0 0 8 2 2
217 28 0 0 4 0 0 8 0 0
221 20 0 0 0 0 0 4 0 0
224 12 0 0 0 0 0 0 0 0
225 12 1 1 4 2 2 4 0 0
228 2 0 0 0 0 0 1 0 0
231 5 0 0 2 0 0 1 0 0
236 2 0 0 1 0 0 0 0 0
240 2 0 0 1 0 0 1 0 0
241 2 0 0 1 0 0 1 0 0
242 2 0 0 0 0 0 1 0 0
243 2 1 1 1 0 0 1 0 0
244 2 0 0 0 0 0 1 0 0
245 2 0 0 1 0 0 1 0 0
246 2 0 0 0 0 0 1 0 0
247 2 0 0 1 0 0 1 0 0
249 1 0 0 0 0 0 0 0 0
250 8 0 0 7 2 2 0 0 0
fn=solve_system(double*, double*, double*, int)
84 13 1 1 0 0 0 8 1 1
86 6 0 0 0 0 0 1 0 0
87 6 1 1 0 0 0 3 0 0
89 10511 1 1 0 0 0 0 0 0
90 3379500 0 0 0 0 0 0 0 0
91 2254502 1 1 1125000 281251 281251 1125000 281250 281250
93 9 1 1 2 2 2 4 2 2
97 21 2 2 2 1 1 12 0 0
100 27006 2 2 21001 2887 988 3001 0 0
103 10500 1 1 4500 1440 466 1500 0 0
104 5636244 0 0 2999 0 0 1499 0 0
105 7869750 1 1 1124250 1118826 540914 0 0 0
110 3003 1 1 0 0 0 1 0 0
116 2998 0 0 0 0 0 0 0 0
129 1707732 3 3 8992 5334 474 0 0 0
130 2862528 3 3 1142148 1010171 515 566997 140730 186
131 2251498 1 1 563999 140247 78269 562500 0 0
136 22135 0 0 6658 5097 0 0 0 0
137 25795 0 0 0 0 0 5159 0 0
139 29696875 1 1 14845858 0 0 0 0 0
140 9890360 0 0 9890360 620495 0 0 0 0
142 1731170925 1 1 4941340 0 0 0 0 0
143 2834904164 3 3 1125581886 144529738 93771009 562790943 0 0
150 12022 2 2 4 0 0 0 0 0
151 4498 1 1 0 0 0 0 0 0
152 1147480 1 1 0 0 0 0 0 0
153 3936750 0 0 1125000 141494 76712 0 0 0
155 6000 1 1 3000 362 124 1500 189 189
158 2 0 0 1 1 0 1 0 0
159 2 0 0 0 0 0 1 0 0
160 15362 1 1 3841 1 0 0 0 0
161 7 0 0 6 2 1 0 0 0
fl=/usr/include/c++/11/chrono
fn=main
227 3 0 0 1 1 1 0 0 0
666 1 0 0 1 1 1 0 0 0
fl=/usr/include/stdlib.h
fn=main
364 17 0 0 3 0 0 5 0 0
fl=/usr/include/x86_64-linux-gnu/bits/stdio2.h
fn=main
112 12 2 2 3 0 0 2 0 0
fl=???
fn=(below main)
0 12 2 2 2 1 0 3 0 0
fn=???
0 6004961 112 111 3002328 96 45 178 15 7
fn=__cpu_indicator_init
0 367 34 34 47 4 2 13 0 0
fn=std::chrono::_V2::steady_clock::now()
0 30 2 2 12 0 0 4 0 0
fn=std::error_category::error_category()
0 10 1 1 4 1 0 2 0 0
fn=std::error_category::~error_category()
0 4 0 0 2 0 0 0 0 0
fn=std::future_category()
0 3 1 1 1 0 0 0 0 0
summary: 15212197736 1999 1986 3502187174 440759592 340672547 602442507 2302881 2095455
