desc: I1 cache:         32768 B, 64 B, 8-way associative
desc: D1 cache:         32768 B, 64 B, 8-way associative
desc: LL cache:         8388608 B, 64 B, 16-way associative
cmd: ./opt1DIV 2000 1500 4
events: Ir I1mr ILmr Dr D1mr DLmr Dw D1mw DLmw 
fl=./csu/../csu/libc-start.c
fn=__libc_start_main@@GLIBC_2.34
128 2 1 1 2 0 0 0 0 0
134 3 0 0 1 1 0 0 0 0
135 7 0 0 3 1 0 2 0 0
138 1 0 0 1 1 0 0 0 0
139 2 0 0 0 0 0 0 0 0
142 3 1 1 2 1 0 0 0 0
143 2 0 0 2 0 0 0 0 0
144 11 1 1 1 0 0 1 0 0
145 4 0 0 1 1 0 2 0 0
242 12 1 1 0 0 0 6 0 0
343 3 0 0 0 0 0 0 0 0
344 3 0 0 0 0 0 1 0 0
369 6 1 1 2 0 0 1 0 0
372 2 0 0 0 0 0 0 0 0
375 2 0 0 2 0 0 0 0 0
382 2 0 0 1 0 0 1 0 0
384 2 0 0 0 0 0 0 0 0
392 4 0 0 0 0 0 1 0 0
fl=./csu/../sysdeps/nptl/libc_start_call_main.h
fn=(below main)
29 9 1 1 1 0 0 5 0 0
44 3 1 1 0 0 0 1 0 0
46 2 0 0 0 0 0 0 0 0
51 2 0 0 1 1 0 1 0 0
52 2 0 0 1 1 0 1 0 0
55 2 0 0 0 0 0 1 0 0
58 7 1 1 5 0 0 1 0 0
74 1 0 0 0 0 0 1 0 0
fl=./csu/./csu/init-first.c
fn=_init_first
46 4 1 1 0 0 0 1 0 0
51 2 1 1 1 0 0 0 0 0
55 5 0 0 4 2 0 0 0 0
61 1 0 0 0 0 0 1 1 0
62 1 0 0 0 0 0 1 0 0
63 2 0 0 1 1 0 1 1 1
71 2 0 0 0 0 0 0 0 0
72 2 0 0 1 0 0 0 0 0
fl=./ctype/./ctype/ctype-info.c
fn=__ctype_init
29 5 1 1 0 0 0 0 0 0
31 35 0 0 25 12 4 5 0 0
33 20 0 0 10 1 0 5 0 0
35 20 2 2 10 0 0 5 0 0
36 5 0 0 5 0 0 0 0 0
fl=./debug/./debug/printf_chk.c
fn=__printf_chk
25 19 3 3 1 0 0 13 1 1
28 4 0 0 0 0 0 0 0 0
32 6 1 1 0 0 0 4 1 1
33 4 0 0 2 1 1 1 0 0
37 5 0 0 3 0 0 0 0 0
fl=./dlfcn/./dlfcn/libc_dlerror_result.c
fn=__libc_dlerror_result_free
29 8 2 1 0 0 0 4 0 0
30 16 0 0 8 1 1 0 0 0
39 8 1 1 8 0 0 0 0 0
fl=./elf/../bits/stdlib-bsearch.h
fn=intel_check_word.constprop.0
27 102 0 0 0 0 0 0 0 0
28 51 0 0 0 0 0 0 0 0
29 971 0 0 0 0 0 0 0 0
31 690 1 1 0 0 0 0 0 0
32 345 0 0 0 0 0 0 0 0
37 63 1 1 0 0 0 0 0 0
fl=./elf/../elf/dl-sysdep.c
fn=_dl_sysdep_start
85 10 1 1 0 0 0 6 1 1
86 1 0 0 0 0 0 0 0 0
87 1 0 0 0 0 0 0 0 0
109 1 0 0 0 0 0 1 0 0
110 111 1 1 35 5 5 4 3 3
113 2 0 0 0 0 0 1 0 0
114 1 0 0 0 0 0 1 0 0
119 1 1 1 0 0 0 1 1 1
121 132 4 4 31 5 5 10 1 1
122 113 1 1 17 3 3 0 0 0
125 1 0 0 1 0 0 0 0 0
126 1 0 0 0 0 0 0 0 0
128 1 0 0 1 0 0 0 0 0
131 2 1 1 1 0 0 1 0 0
132 1 0 0 0 0 0 1 0 0
134 2 1 1 1 0 0 1 0 0
135 1 0 0 0 0 0 1 0 0
150 2 1 1 1 0 0 1 0 0
151 1 0 0 0 0 0 1 0 0
153 2 0 0 1 0 0 1 0 0
154 1 0 0 0 0 0 0 0 0
156 2 1 1 1 0 0 1 0 0
157 1 0 0 0 0 0 0 0 0
162 2 1 1 1 0 0 1 0 0
163 1 0 0 0 0 0 0 0 0
178 2 1 1 1 0 0 1 1 1
179 1 0 0 0 0 0 0 0 0
224 1 0 0 0 0 0 1 0 0
227 1 0 0 0 0 0 1 0 0
238 3 0 0 1 0 0 0 0 0
239 2 1 1 0 0 0 2 0 0
241 5 0 0 0 0 0 1 0 0
253 3 0 0 1 0 0 0 0 0
256 5 0 0 1 0 0 1 0 0
258 9 1 1 8 2 0 0 0 0
fn=_dl_sysdep_start_cleanup
262 1 1 1 0 0 0 0 0 0
263 1 0 0 1 0 0 0 0 0
fl=./elf/../elf/dl-tls.c
fn=_dl_add_to_slotinfo
1015 16 1 1 0 0 0 8 0 0
1021 2 0 0 2 0 0 0 0 0
1024 2 0 0 2 2 0 0 0 0
1025 2 0 0 0 0 0 0 0 0
1029 6 1 1 2 2 0 0 0 0
1063 4 0 0 0 0 0 0 0 0
1066 6 0 0 0 0 0 2 2 0
1067 6 0 0 2 0 0 2 0 0
1070 12 0 0 10 0 0 0 0 0
fn=_dl_allocate_tls
370 4 1 1 4 0 0 0 0 0
374 4 0 0 0 0 0 0 0 0
375 4 0 0 0 0 0 0 0 0
376 8 0 0 0 0 0 0 0 0
379 4 0 0 0 0 0 4 0 0
385 16 0 0 4 0 0 8 0 0
535 8 0 0 0 0 0 0 0 0
536 4 0 0 0 0 0 4 0 0
539 8 1 1 4 1 1 4 0 0
542 16 0 0 12 0 0 0 0 0
554 4 0 0 4 0 0 0 0 0
559 72 1 1 12 1 1 0 0 0
565 24 1 1 0 0 0 0 0 0
568 24 0 0 8 1 1 0 0 0
569 16 0 0 0 0 0 0 0 0
575 24 0 0 16 0 0 0 0 0
576 32 0 0 8 0 0 8 0 0
578 48 1 1 24 3 3 8 0 0
581 16 0 0 0 0 0 0 0 0
582 16 0 0 8 1 1 0 0 0
585 16 0 0 0 0 0 0 0 0
586 32 1 1 16 0 0 0 0 0
588 16 0 0 0 0 0 0 0 0
589 16 0 0 8 0 0 0 0 0
598 8 0 0 0 0 0 8 0 0
608 64 0 0 8 0 0 16 0 0
614 8 0 0 8 0 0 0 0 0
620 8 0 0 4 0 0 4 0 0
623 12 1 1 8 0 0 4 0 0
625 4 0 0 4 0 0 0 0 0
631 36 1 1 0 0 0 28 0 0
632 8 0 0 0 0 0 0 0 0
635 32 0 0 28 0 0 0 0 0
fn=_dl_allocate_tls_init
528 10 2 2 0 0 0 8 0 0
529 2 0 0 0 0 0 0 0 0
533 2 0 0 1 1 0 1 0 0
535 1 0 0 0 0 0 1 0 0
536 1 0 0 0 0 0 0 0 0
539 2 0 0 1 1 0 1 0 0
542 3 0 0 2 1 0 0 0 0
554 1 1 1 1 0 0 0 0 0
559 23 1 1 4 0 0 0 0 0
565 6 1 1 0 0 0 0 0 0
568 6 0 0 2 0 0 0 0 0
569 4 0 0 0 0 0 0 0 0
575 6 0 0 4 0 0 0 0 0
576 4 0 0 0 0 0 0 0 0
578 15 1 1 6 2 0 2 1 1
581 4 0 0 0 0 0 0 0 0
582 4 0 0 2 1 0 0 0 0
585 4 0 0 0 0 0 0 0 0
586 8 1 1 4 0 0 0 0 0
588 4 0 0 0 0 0 0 0 0
589 4 0 0 2 0 0 0 0 0
598 2 0 0 0 0 0 2 0 0
606 4 0 0 2 0 0 0 0 0
608 16 0 0 2 0 0 4 0 0
614 2 0 0 2 0 0 0 0 0
620 2 0 0 1 1 0 1 0 0
623 2 1 1 1 0 0 1 0 0
626 9 0 0 8 0 0 0 0 0
fn=_dl_allocate_tls_storage
370 1 0 0 1 0 0 0 0 0
374 1 0 0 0 0 0 0 0 0
375 1 0 0 0 0 0 0 0 0
376 2 0 0 0 0 0 0 0 0
379 1 0 0 0 0 0 1 1 1
385 2 0 0 0 0 0 1 0 0
422 4 1 1 0 0 0 3 0 0
424 1 0 0 1 0 0 0 0 0
435 1 0 0 1 0 0 0 0 0
436 1 0 0 0 0 0 0 0 0
437 3 0 0 0 0 0 0 0 0
445 4 1 1 0 0 0 0 0 0
446 1 0 0 0 0 0 0 0 0
450 321 1 1 0 0 0 313 39 39
469 1 0 0 0 0 0 1 1 1
475 5 0 0 4 0 0 0 0 0
fn=_dl_assign_tls_modid
131 4 1 1 0 0 0 0 0 0
134 4 0 0 2 0 0 0 0 0
147 2 1 1 2 0 0 0 0 0
186 2 0 0 0 0 0 0 0 0
188 2 0 0 0 0 0 2 0 0
191 2 0 0 0 0 0 2 0 0
192 4 0 0 2 0 0 0 0 0
fn=_dl_count_modids
197 1 1 1 0 0 0 0 0 0
199 2 0 0 1 0 0 0 0 0
200 1 0 0 1 0 0 0 0 0
215 2 0 0 1 0 0 0 0 0
fn=_dl_determine_tlsoffset
221 8 2 2 0 0 0 6 0 0
222 1 0 0 0 0 0 0 0 0
223 1 0 0 0 0 0 0 0 0
224 1 0 0 0 0 0 0 0 0
227 3 0 0 1 0 0 0 0 0
230 2 0 0 1 0 0 0 0 0
264 1 0 0 0 0 0 0 0 0
266 16 0 0 3 0 0 0 0 0
268 7 2 2 3 0 0 1 0 0
270 6 0 0 2 0 0 0 0 0
271 4 0 0 2 0 0 0 0 0
273 4 1 1 0 0 0 0 0 0
275 10 0 0 2 0 0 0 0 0
286 2 0 0 0 0 0 2 0 0
291 16 0 0 0 0 0 0 0 0
293 4 0 0 0 0 0 0 0 0
294 2 0 0 0 0 0 0 0 0
306 1 0 0 0 0 0 1 0 0
307 9 1 1 1 0 0 1 0 0
309 2 0 0 0 0 0 0 0 0
360 8 1 1 7 0 0 0 0 0
fn=_dl_tls_static_surplus_init
83 3 0 0 0 0 0 0 0 0
97 6 1 1 0 0 0 3 0 0
101 6 1 1 1 0 0 1 0 0
102 6 0 0 1 0 0 1 0 0
108 2 0 0 0 0 0 0 0 0
110 4 0 0 0 0 0 0 0 0
113 1 0 0 0 0 0 0 0 0
115 1 0 0 0 0 0 1 0 0
117 3 0 0 0 0 0 1 0 0
118 5 0 0 4 0 0 0 0 0
fl=./elf/../include/list.h
fn=__tls_init_tp
43 2 1 1 1 1 0 1 0 0
44 2 0 0 0 0 0 1 0 0
45 1 0 0 0 0 0 1 0 0
47 1 0 0 0 0 0 1 0 0
fl=./elf/../include/rtld-malloc.h
fn=__minimal_calloc
56 17 0 0 17 0 0 0 0 0
fn=_dl_allocate_tls
44 8 0 0 4 1 1 4 0 0
fn=_dl_allocate_tls_storage
44 2 0 0 1 0 0 1 0 0
56 1 0 0 1 0 0 1 0 0
fn=_dl_check_map_versions
44 18 0 0 6 0 0 6 0 0
fn=_dl_find_object_init
56 2 0 0 1 0 0 1 0 0
fn=_dl_important_hwcaps
56 3 1 1 2 0 0 3 0 0
fn=_dl_init_paths
56 5 0 0 3 0 0 3 0 0
fn=_dl_map_object_deps
56 12 0 0 6 0 0 6 0 0
fn=_dl_new_object
44 24 1 1 6 0 0 12 0 0
56 15 0 0 5 0 0 5 0 0
fn=do_lookup_x
44 12 1 1 3 1 0 4 0 0
fn=fillin_rpath.isra.0
50 6 0 0 6 0 0 3 0 0
51 3 0 0 0 0 0 0 0 0
56 6 0 0 3 0 0 3 0 0
fn=init_tls
44 2 0 0 1 0 0 1 0 0
fn=open_verify.constprop.0
50 8 0 0 4 0 0 4 0 0
fn=open_verify.constprop.1
50 2 1 1 1 0 0 1 0 0
fl=./elf/../include/scratch_buffer.h
fn=_dl_map_object_deps
77 3 0 0 0 0 0 2 1 1
78 1 0 0 0 0 0 1 0 0
85 3 1 1 2 0 0 0 0 0
131 15 0 0 0 0 0 5 0 0
fl=./elf/../misc/sbrk.c
fn=sbrk
37 5 0 0 0 0 0 2 0 0
40 1 1 1 1 0 0 0 0 0
58 2 0 0 0 0 0 0 0 0
62 2 0 0 0 0 0 0 0 0
78 5 0 0 3 0 0 0 0 0
fl=./elf/../nptl/nptl-stack.h
fn=__libc_early_init
58 8 0 0 2 1 0 0 0 0
fl=./elf/../sysdeps/generic/dl-cache.h
fn=_dl_load_cache_lookup
125 20 1 1 4 0 0 0 0 0
194 1 0 0 1 0 0 0 0 0
195 5 0 0 0 0 0 0 0 0
fl=./elf/../sysdeps/generic/dl-debug.h
fn=dl_main
29 3 0 0 1 0 0 0 0 0
30 2 0 0 1 0 0 1 0 0
fl=./elf/../sysdeps/generic/dl-hash.h
fn=__rtld_malloc_init_real
43 1 0 0 0 0 0 0 0 0
44 1 0 0 0 0 0 0 0 0
45 19 2 2 6 1 1 0 0 0
48 18 0 0 0 0 0 0 0 0
62 24 0 0 0 0 0 0 0 0
67 1 0 0 0 0 0 0 0 0
72 1 0 0 0 0 0 1 0 0
fl=./elf/../sysdeps/generic/dl-protected.h
fn=do_lookup_x
29 4192 0 0 0 0 0 0 0 0
44 14777 0 0 0 0 0 4222 0 0
fl=./elf/../sysdeps/generic/ldsodefs.h
fn=_dl_relocate_object
138 10158 0 0 3386 0 0 0 0 0
fn=_dl_start
80 3 0 0 2 0 0 0 0 0
fn=do_lookup_x
137 4192 2 2 2096 0 0 0 0 0
138 6288 0 0 0 0 0 0 0 0
fl=./elf/../sysdeps/nptl/dl-mutex.c
fn=__rtld_mutex_init
30 4 1 1 0 0 0 3 0 0
37 1 0 0 1 0 0 0 0 0
40 7 1 1 0 0 0 1 0 0
44 2 0 0 0 0 0 0 0 0
45 9 0 0 3 0 0 1 0 0
47 6 1 1 0 0 0 1 0 0
51 2 0 0 0 0 0 0 0 0
52 7 0 0 3 0 0 1 0 0
53 4 0 0 4 0 0 0 0 0
fl=./elf/../sysdeps/nptl/dl-tls_init_tp.c
fn=__tls_init_tp
68 3 0 0 0 0 0 1 0 0
69 1 0 0 1 0 0 0 0 0
72 1 0 0 0 0 0 0 0 0
75 4 1 1 0 0 0 1 0 0
76 2 0 0 0 0 0 1 0 0
77 1 0 0 0 0 0 1 0 0
82 2 0 0 1 0 0 1 0 0
87 4 0 0 0 0 0 1 0 0
90 1 1 1 0 0 0 1 0 0
93 3 0 0 0 0 0 0 0 0
106 4 0 0 0 0 0 1 0 0
123 3 0 0 2 1 0 1 0 0
130 2 1 1 1 0 0 1 0 0
132 1 0 0 0 0 0 1 0 0
133 1 0 0 0 0 0 1 0 0
134 3 0 0 2 0 0 0 0 0
fn=__tls_pre_init_tp
53 3 1 1 0 0 0 0 0 0
56 10 1 1 0 0 0 3 1 1
61 2 0 0 0 0 0 1 0 0
62 1 0 0 0 0 0 1 0 0
64 1 0 0 1 0 0 0 0 0
fn=rtld_mutex_dummy
42 258 0 0 0 0 0 0 0 0
44 516 0 0 258 0 0 0 0 0
fl=./elf/../sysdeps/nptl/pthread_early_init.h
fn=__libc_early_init
33 6 0 0 0 0 0 1 0 0
34 6 0 0 1 0 0 0 0 0
45 2 1 1 2 1 0 0 0 0
46 1 0 0 0 0 0 0 0 0
52 7 1 1 0 0 0 1 0 0
53 1 0 0 0 0 0 1 0 0
54 1 0 0 0 0 0 1 1 1
57 1 0 0 0 0 0 1 0 0
fl=./elf/../sysdeps/posix/dl-fileid.h
fn=_dl_map_object_from_fd
37 25 1 1 5 0 0 5 0 0
40 20 1 1 15 0 0 5 0 0
49 69 1 1 33 1 1 0 0 0
fl=./elf/../sysdeps/unix/sysv/linux/brk.c
fn=brk
35 1 1 1 0 0 0 0 0 0
36 3 0 0 0 0 0 1 1 1
37 2 0 0 0 0 0 0 0 0
43 1 0 0 0 0 0 0 0 0
44 1 0 0 1 0 0 0 0 0
fl=./elf/../sysdeps/unix/sysv/linux/dl-osinfo.h
fn=dl_main
64 2 0 0 1 1 0 0 0 0
fl=./elf/../sysdeps/unix/sysv/linux/dl-sysdep.c
fn=_dl_discover_osversion
46 5 1 1 0 0 0 3 0 0
48 3 0 0 1 0 0 0 0 0
88 4 1 1 0 0 0 1 1 1
103 1 0 0 0 0 0 0 0 0
107 1 0 0 0 0 0 0 0 0
108 1 0 0 0 0 0 0 0 0
110 12 1 1 3 1 1 0 0 0
112 6 0 0 0 0 0 0 0 0
114 26 0 0 6 0 0 0 0 0
116 3 0 0 0 0 0 0 0 0
117 12 0 0 0 0 0 0 0 0
120 3 1 1 0 0 0 0 0 0
121 3 0 0 0 0 0 0 0 0
122 3 0 0 0 0 0 0 0 0
124 15 0 0 0 0 0 0 0 0
133 5 0 0 4 0 0 0 0 0
fn=_dl_sysdep_start
36 2 0 0 0 0 0 1 0 0
fl=./elf/../sysdeps/unix/sysv/linux/dl-vdso-setup.h
fn=dl_main
30 3 1 1 0 0 0 2 0 0
33 1 1 1 0 0 0 1 0 0
36 1 0 0 0 0 0 1 0 0
39 1 0 0 0 0 0 1 0 0
45 1 1 1 0 0 0 1 0 0
fl=./elf/../sysdeps/unix/sysv/linux/dl-vdso.h
fn=dl_main
40 1 1 1 1 0 0 0 0 0
41 2 0 0 0 0 0 0 0 0
55 2 0 0 0 0 0 0 0 0
fl=./elf/../sysdeps/unix/sysv/linux/rseq-internal.h
fn=__tls_init_tp
32 3 0 0 1 0 0 0 0 0
34 7 1 1 0 0 0 0 0 0
37 2 0 0 0 0 0 0 0 0
40 1 0 0 0 0 0 1 0 0
fl=./elf/../sysdeps/unix/sysv/linux/x86/cpu-features.c
fn=init_cpu_features.constprop.0
27 6 0 0 0 0 0 0 0 0
fl=./elf/../sysdeps/unix/sysv/linux/x86/dl-minsigstacksize.h
fn=get_common_indices.constprop.0
24 2 1 1 1 0 0 0 0 0
27 2 0 0 1 0 0 0 0 0
28 2 0 0 1 0 0 0 0 0
65 3 0 0 0 0 0 0 0 0
72 1 0 0 0 0 0 0 0 0
74 1 1 1 0 0 0 1 0 0
fl=./elf/../sysdeps/x86/cpu-features.c
fn=get_common_indices.constprop.0
325 1 1 1 0 0 0 1 0 0
329 4 0 0 0 0 0 0 0 0
332 5 1 1 0 0 0 3 0 0
336 1 0 0 0 0 0 1 0 0
337 4 0 0 0 0 0 1 0 0
338 4 0 0 0 0 0 1 0 0
339 4 0 0 0 0 0 1 0 0
340 3 0 0 0 0 0 1 0 0
341 2 0 0 1 0 0 0 0 0
348 2 1 1 1 0 0 0 0 0
350 9 0 0 0 0 0 4 1 1
355 8 0 0 0 0 0 4 1 1
362 2 1 1 1 0 0 0 0 0
363 7 1 1 0 0 0 4 1 1
369 2 0 0 1 0 0 0 0 0
384 2 0 0 2 0 0 0 0 0
fn=init_cpu_features.constprop.0
303 3 0 0 0 0 0 0 0 0
304 2 0 0 0 0 0 0 0 0
305 6 1 1 0 0 0 4 0 0
310 2 0 0 0 0 0 0 0 0
311 6 0 0 0 0 0 4 0 0
316 2 0 0 0 0 0 0 0 0
317 6 1 1 0 0 0 4 0 0
399 7 2 2 0 0 0 6 0 0
402 1 0 0 0 0 0 1 1 1
403 1 0 0 0 0 0 1 0 0
404 1 0 0 0 0 0 1 0 0
415 3 0 0 0 0 0 1 0 0
418 6 1 1 0 0 0 0 0 0
419 1 1 1 0 0 0 0 0 0
422 2 0 0 0 0 0 0 0 0
424 6 2 2 0 0 0 1 1 1
429 1 0 0 0 0 0 1 0 0
431 3 0 0 1 0 0 0 0 0
433 4 1 1 2 0 0 1 0 0
434 15 2 2 0 0 0 0 0 0
489 3 1 1 1 0 0 0 0 0
503 1 0 0 1 0 0 0 0 0
513 11 1 1 1 1 1 0 0 0
516 1 0 0 1 0 0 0 0 0
555 1 0 0 1 0 0 0 0 0
556 1 0 0 0 0 0 0 0 0
564 2 1 1 1 0 0 0 0 0
571 2 0 0 1 0 0 0 0 0
573 1 0 0 1 0 0 0 0 0
577 2 0 0 1 0 0 0 0 0
583 2 0 0 1 0 0 0 0 0
593 1 1 1 0 0 0 0 0 0
687 5 1 1 1 0 0 0 0 0
688 1 0 0 1 0 0 0 0 0
691 2 0 0 0 0 0 0 0 0
692 1 0 0 1 0 0 0 0 0
698 1 0 0 0 0 0 1 0 0
699 1 0 0 0 0 0 1 0 0
701 1 0 0 0 0 0 1 0 0
706 4 0 0 0 0 0 1 0 0
710 3 1 1 1 0 0 0 0 0
723 2 0 0 0 0 0 0 0 0
724 4 0 0 1 0 0 0 0 0
770 1 0 0 0 0 0 1 0 0
771 2 1 1 1 0 0 0 0 0
775 3 1 1 1 0 0 0 0 0
792 2 1 1 0 0 0 0 0 0
793 2 0 0 0 0 0 0 0 0
795 3 1 1 0 0 0 0 0 0
796 2 0 0 1 0 0 0 0 0
798 3 0 0 0 0 0 0 0 0
799 2 0 0 0 0 0 0 0 0
802 2 0 0 0 0 0 1 0 0
817 4 1 1 0 0 0 1 0 0
819 4 0 0 0 0 0 1 0 0
829 2 1 1 1 0 0 0 0 0
874 8 0 0 7 0 0 0 0 0
fn=update_active.constprop.0
43 7 1 1 0 0 0 6 1 1
47 1 0 0 1 0 0 0 0 0
55 3 0 0 1 0 0 0 0 0
56 3 0 0 0 0 0 0 0 0
57 1 0 0 1 0 0 0 0 0
65 4 1 1 1 0 0 1 0 0
66 1 0 0 1 0 0 0 0 0
74 4 1 1 1 0 0 1 0 0
75 1 0 0 1 0 0 0 0 0
76 3 0 0 0 0 0 1 0 0
80 4 0 0 0 0 0 1 0 0
83 3 0 0 1 0 0 0 0 0
84 1 0 0 1 0 0 0 0 0
87 3 0 0 1 0 0 0 0 0
88 2 0 0 1 0 0 1 1 1
92 8 1 1 1 0 0 2 0 0
93 3 0 0 2 0 0 0 0 0
94 3 1 1 2 0 0 0 0 0
95 1 0 0 1 0 0 0 0 0
97 4 0 0 1 0 0 1 0 0
98 3 1 1 2 1 1 0 0 0
100 2 0 0 0 0 0 0 0 0
101 4 0 0 0 0 0 1 0 0
104 4 0 0 0 0 0 1 0 0
105 4 1 1 0 0 0 1 0 0
109 2 0 0 0 0 0 0 0 0
113 2 0 0 0 0 0 0 0 0
115 4 0 0 0 0 0 0 0 0
119 2 1 1 0 0 0 0 0 0
121 1 0 0 0 0 0 0 0 0
124 2 1 1 0 0 0 0 0 0
126 2 0 0 0 0 0 1 0 0
130 1 0 0 0 0 0 0 0 0
131 1 0 0 1 1 1 0 0 0
134 4 0 0 0 0 0 1 0 0
140 4 0 0 0 0 0 1 0 0
142 4 1 1 2 0 0 1 0 0
144 3 0 0 0 0 0 1 0 0
149 4 0 0 0 0 0 0 0 0
198 3 0 0 0 0 0 0 0 0
210 2 0 0 0 0 0 1 0 0
211 1 0 0 1 0 0 0 0 0
214 4 1 1 1 0 0 1 0 0
218 2 0 0 1 0 0 0 0 0
222 3 1 1 0 0 0 0 0 0
223 2 0 0 0 0 0 0 0 0
225 1 0 0 0 0 0 0 0 0
226 1 0 0 0 0 0 0 0 0
229 2 0 0 0 0 0 1 0 0
231 1 0 0 0 0 0 1 0 0
234 2 0 0 0 0 0 0 0 0
285 3 0 0 1 0 0 0 0 0
289 3 0 0 1 0 0 0 0 0
296 1 0 0 0 0 0 1 0 0
297 8 0 0 7 0 0 0 0 0
fl=./elf/../sysdeps/x86/dl-cacheinfo.h
fn=get_common_cache_info.constprop.0
481 9 1 1 0 0 0 6 0 0
496 1 0 0 1 0 0 0 0 0
497 1 0 0 1 0 0 0 0 0
498 2 0 0 1 0 0 1 0 0
499 1 0 0 1 0 0 0 0 0
505 1 0 0 0 0 0 1 0 0
507 8 1 1 3 0 0 2 0 0
510 4 1 1 0 0 0 2 0 0
521 1 0 0 0 0 0 0 0 0
526 3 0 0 1 0 0 0 0 0
530 2 0 0 0 0 0 0 0 0
535 6 1 1 1 0 0 1 0 0
538 23 2 2 0 0 0 0 0 0
545 8 0 0 0 0 0 0 0 0
548 26 0 0 0 0 0 0 0 0
553 2 1 1 0 0 0 0 0 0
557 3 0 0 0 0 0 0 0 0
558 1 0 0 0 0 0 0 0 0
562 6 0 0 0 0 0 0 0 0
566 3 0 0 0 0 0 0 0 0
569 4 0 0 0 0 0 1 0 0
570 1 0 0 0 0 0 0 0 0
575 4 0 0 0 0 0 0 0 0
581 4 0 0 0 0 0 0 0 0
589 7 0 0 1 0 0 0 0 0
591 2 0 0 0 0 0 0 0 0
593 5 0 0 0 0 0 0 0 0
595 12 1 1 0 0 0 0 0 0
597 1 0 0 0 0 0 0 0 0
598 1 0 0 0 0 0 0 0 0
599 9 0 0 1 0 0 0 0 0
601 4 1 1 0 0 0 0 0 0
604 2 0 0 0 0 0 0 0 0
609 1 0 0 0 0 0 0 0 0
611 5 0 0 0 0 0 0 0 0
612 3 0 0 0 0 0 0 0 0
613 1 1 1 0 0 0 0 0 0
616 2 0 0 0 0 0 0 0 0
619 2 1 1 0 0 0 0 0 0
626 1 0 0 0 0 0 0 0 0
628 4 0 0 0 0 0 0 0 0
629 1 0 0 0 0 0 0 0 0
634 2 1 1 0 0 0 0 0 0
639 2 0 0 0 0 0 0 0 0
640 1 0 0 0 0 0 0 0 0
641 2 0 0 0 0 0 0 0 0
642 3 0 0 0 0 0 0 0 0
643 2 0 0 1 0 0 0 0 0
681 4 1 1 0 0 0 0 0 0
682 5 0 0 0 0 0 0 0 0
686 2 0 0 1 0 0 0 0 0
693 1 0 0 0 0 0 1 0 0
694 1 0 0 0 0 0 1 0 0
695 7 0 0 7 0 0 0 0 0
fn=handle_intel.constprop.0
250 96 0 0 0 0 0 72 0 0
255 24 1 1 12 0 0 0 0 0
261 24 0 0 0 0 0 12 0 0
263 12 0 0 0 0 0 12 0 0
264 36 1 1 0 0 0 12 0 0
266 15 0 0 1 0 0 0 0 0
272 60 0 0 0 0 0 12 0 0
277 24 0 0 0 0 0 0 0 0
279 24 0 0 0 0 0 12 0 0
280 12 0 0 0 0 0 0 0 0
284 48 1 1 0 0 0 12 1 1
286 24 0 0 0 0 0 0 0 0
289 60 0 0 0 0 0 12 0 0
291 24 0 0 0 0 0 0 0 0
294 5 0 0 0 0 0 1 0 0
296 2 0 0 0 0 0 0 0 0
299 5 0 0 1 0 0 1 0 0
301 2 0 0 0 0 0 0 0 0
305 3 0 0 0 0 0 0 0 0
310 96 1 1 84 0 0 0 0 0
fn=init_cpu_features.constprop.0
706 1 0 0 0 0 0 1 0 0
708 1 1 1 0 0 0 1 0 0
722 2 0 0 0 0 0 0 0 0
724 5 1 1 0 0 0 3 1 1
725 3 0 0 0 0 0 1 0 0
726 4 1 1 0 0 0 2 0 0
729 3 0 0 0 0 0 2 0 0
731 3 0 0 0 0 0 2 0 0
732 1 0 0 0 0 0 1 0 0
734 3 0 0 0 0 0 2 0 0
736 3 0 0 0 0 0 2 0 0
737 1 0 0 0 0 0 1 0 0
739 3 1 1 0 0 0 2 0 0
741 3 0 0 0 0 0 2 0 0
744 3 0 0 0 0 0 2 0 0
746 3 0 0 0 0 0 1 0 0
748 3 1 1 0 0 0 2 0 0
750 4 0 0 0 0 0 1 0 0
840 18 3 3 10 0 0 6 2 2
863 15 1 1 2 0 0 1 0 0
885 2 0 0 1 0 0 0 0 0
886 1 0 0 1 0 0 0 0 0
893 11 2 2 0 0 0 0 0 0
910 4 1 1 1 0 0 0 0 0
923 4 0 0 1 0 0 1 0 0
931 5 0 0 1 0 0 1 0 0
933 2 1 1 0 0 0 0 0 0
936 5 0 0 1 0 0 1 0 0
938 4 0 0 1 0 0 1 0 0
941 5 1 1 1 0 0 1 0 0
942 5 0 0 0 0 0 1 0 0
946 6 1 1 1 0 0 2 0 0
947 3 0 0 1 0 0 0 0 0
953 8 0 0 3 0 0 2 0 0
956 15 2 2 1 0 0 6 0 0
957 9 1 1 1 0 0 4 0 0
958 12 1 1 1 0 0 5 0 0
961 8 0 0 0 0 0 4 0 0
963 8 1 1 0 0 0 4 0 0
967 7 1 1 4 0 0 3 0 0
970 1 0 0 0 0 0 0 0 0
fn=intel_check_word.constprop.0
110 690 0 0 345 8 8 0 0 0
113 345 0 0 0 0 0 0 0 0
119 104 0 0 0 0 0 78 0 0
123 78 1 1 0 0 0 0 0 0
125 15 0 0 0 0 0 0 0 0
129 156 0 0 0 0 0 0 0 0
131 154 1 1 0 0 0 0 0 0
133 63 1 1 0 0 0 0 0 0
135 126 0 0 0 0 0 0 0 0
143 126 0 0 0 0 0 0 0 0
152 54 1 1 0 0 0 0 0 0
155 120 2 2 0 0 0 0 0 0
158 99 0 0 0 0 0 0 0 0
162 64 0 0 0 0 0 0 0 0
164 186 0 0 0 0 0 0 0 0
166 84 0 0 0 0 0 0 0 0
168 44 0 0 0 0 0 0 0 0
169 32 0 0 0 0 0 0 0 0
170 10 0 0 0 0 0 0 0 0
172 11 1 1 0 0 0 0 0 0
174 22 0 0 0 0 0 0 0 0
176 12 1 1 0 0 0 0 0 0
177 16 0 0 0 0 0 0 0 0
178 12 1 1 0 0 0 0 0 0
179 20 0 0 0 0 0 0 0 0
180 14 0 0 0 0 0 0 0 0
181 12 1 1 0 0 0 0 0 0
183 8 0 0 0 0 0 0 0 0
184 12 0 0 0 0 0 0 0 0
187 21 0 0 0 0 0 0 0 0
194 204 0 0 0 0 0 0 0 0
202 200 0 0 50 0 0 0 0 0
216 51 0 0 0 0 0 0 0 0
246 104 0 0 104 0 0 0 0 0
fl=./elf/../sysdeps/x86/dl-cet.c
fn=_dl_cet_check
41 2 0 0 0 0 0 0 0 0
42 1 0 0 1 1 1 0 0 0
44 1 0 0 0 0 0 0 0 0
45 1 0 0 0 0 0 0 0 0
48 4 1 1 0 0 0 0 0 0
49 2 0 0 0 0 0 0 0 0
51 1 0 0 1 0 0 0 0 0
62 2 0 0 0 0 0 0 0 0
252 8 1 1 0 0 0 6 0 0
254 8 1 1 7 0 0 0 0 0
fl=./elf/../sysdeps/x86/dl-get-cpu-features.c
fn=__x86_cpu_features
39 3 0 0 1 1 0 0 0 0
71 3 1 0 1 0 0 0 0 0
fn=_dl_x86_init_cpu_features
37 1 1 1 0 0 0 0 0 0
39 3 0 0 1 0 0 0 0 0
41 1 1 1 0 0 0 0 0 0
fl=./elf/../sysdeps/x86/dl-hwcap.h
fn=_dl_important_hwcaps
57 3 0 0 0 0 0 0 0 0
fl=./elf/../sysdeps/x86/dl-procinfo.h
fn=_dl_load_cache_lookup
39 8 1 1 0 0 0 0 0 0
42 28 0 0 0 0 0 12 1 1
fl=./elf/../sysdeps/x86/dl-prop.h
fn=_dl_map_object_from_fd
95 40 0 0 20 0 0 0 0 0
100 5 0 0 0 0 0 0 0 0
101 10 0 0 0 0 0 5 0 0
102 5 1 1 0 0 0 5 0 0
103 5 0 0 0 0 0 0 0 0
105 35 0 0 0 0 0 0 0 0
108 15 1 1 5 0 0 0 0 0
109 10 0 0 5 0 0 0 0 0
110 10 0 0 5 0 0 0 0 0
114 15 0 0 5 0 0 0 0 0
118 15 0 0 0 0 0 5 0 0
121 15 1 1 5 0 0 0 0 0
122 10 0 0 0 0 0 0 0 0
126 5 0 0 0 0 0 0 0 0
127 20 0 0 0 0 0 5 0 0
131 18 1 1 7 0 0 0 0 0
132 7 0 0 7 0 0 0 0 0
135 14 0 0 0 0 0 0 0 0
138 7 0 0 0 0 0 0 0 0
139 28 0 0 0 0 0 0 0 0
144 14 1 1 0 0 0 0 0 0
146 28 0 0 0 0 0 0 0 0
151 14 0 0 0 0 0 0 0 0
164 14 0 0 0 0 0 0 0 0
165 17 0 0 7 3 3 5 0 0
166 4 0 0 0 0 0 0 0 0
170 6 0 0 2 0 0 2 0 0
185 15 0 0 0 0 0 0 0 0
187 20 0 0 0 0 0 0 0 0
192 5 0 0 0 0 0 0 0 0
193 20 0 0 0 0 0 0 0 0
198 20 0 0 5 0 0 0 0 0
200 20 0 0 5 0 0 5 0 0
201 5 0 0 0 0 0 5 0 0
203 5 0 0 0 0 0 5 0 0
212 15 0 0 10 0 0 0 0 0
213 5 0 0 5 0 0 0 0 0
fn=dl_main
36 1 1 1 1 0 0 0 0 0
37 24 1 1 0 0 0 0 0 0
40 8 0 0 8 0 0 0 0 0
49 47 0 0 13 0 0 0 0 0
53 39 0 0 7 1 0 0 0 0
71 3 0 0 0 0 0 1 0 0
95 8 0 0 4 0 0 0 0 0
100 1 1 1 0 0 0 0 0 0
101 2 0 0 0 0 0 1 0 0
102 1 0 0 0 0 0 1 0 0
103 1 0 0 0 0 0 0 0 0
105 9 0 0 0 0 0 1 0 0
108 3 1 1 1 0 0 0 0 0
109 2 0 0 1 0 0 0 0 0
110 2 0 0 1 0 0 0 0 0
114 3 0 0 1 0 0 0 0 0
118 3 0 0 0 0 0 1 0 0
121 3 1 1 1 0 0 0 0 0
122 2 0 0 0 0 0 0 0 0
126 1 0 0 0 0 0 0 0 0
127 4 0 0 0 0 0 1 0 0
131 6 1 1 2 0 0 0 0 0
132 2 0 0 2 0 0 0 0 0
135 4 0 0 0 0 0 0 0 0
138 2 0 0 0 0 0 0 0 0
139 8 0 0 0 0 0 0 0 0
144 4 1 1 0 0 0 0 0 0
146 8 0 0 0 0 0 0 0 0
151 4 0 0 0 0 0 0 0 0
164 4 0 0 0 0 0 0 0 0
165 4 0 0 2 0 0 1 0 0
166 2 0 0 0 0 0 0 0 0
170 3 1 1 1 0 0 1 0 0
185 3 0 0 0 0 0 0 0 0
187 4 0 0 0 0 0 0 0 0
192 1 0 0 0 0 0 0 0 0
193 4 0 0 0 0 0 0 0 0
198 4 1 1 1 0 0 0 0 0
200 4 0 0 1 0 0 1 0 0
201 1 0 0 0 0 0 1 0 0
203 2 0 0 0 0 0 1 0 0
212 5 0 0 4 0 0 0 0 0
213 2 0 0 2 0 0 0 0 0
fl=./elf/../sysdeps/x86/get-isa-level.h
fn=_dl_hwcaps_subdirs_active
30 2 0 0 0 0 0 0 0 0
31 3 1 1 1 0 0 0 0 0
32 3 0 0 1 0 0 0 0 0
36 3 0 0 0 0 0 0 0 0
39 4 0 0 1 0 0 0 0 0
40 4 1 1 1 0 0 0 0 0
45 4 0 0 0 0 0 0 0 0
48 2 0 0 0 0 0 0 0 0
49 3 0 0 1 0 0 0 0 0
51 4 1 1 0 0 0 0 0 0
52 2 0 0 0 0 0 0 0 0
53 2 0 0 0 0 0 0 0 0
56 2 0 0 0 0 0 0 0 0
59 2 0 0 0 0 0 0 0 0
fn=update_active.constprop.0
28 1 0 0 0 0 0 0 0 0
30 2 0 0 0 0 0 0 0 0
31 2 1 1 0 0 0 0 0 0
32 3 0 0 0 0 0 0 0 0
36 3 0 0 0 0 0 0 0 0
38 1 0 0 0 0 0 0 0 0
39 3 1 1 1 0 0 0 0 0
40 4 0 0 1 0 0 0 0 0
45 4 1 1 0 0 0 0 0 0
47 1 0 0 0 0 0 0 0 0
48 2 0 0 0 0 0 0 0 0
49 3 0 0 1 0 0 0 0 0
51 4 1 1 0 0 0 0 0 0
52 2 0 0 0 0 0 0 0 0
53 2 0 0 0 0 0 0 0 0
55 1 0 0 0 0 0 0 0 0
56 2 0 0 0 0 0 0 0 0
59 2 0 0 0 0 0 0 0 0
fl=./elf/../sysdeps/x86_64/dl-hwcaps-subdirs.c
fn=_dl_hwcaps_subdirs_active
29 1 1 1 0 0 0 0 0 0
38 3 0 0 0 0 0 0 0 0
43 1 0 0 0 0 0 0 0 0
48 1 0 0 0 0 0 0 0 0
52 1 0 0 1 0 0 0 0 0
fl=./elf/../sysdeps/x86_64/dl-machine.h
fn=_dl_fixup
229 9 0 0 0 0 0 9 0 0
fn=_dl_relocate_object
71 24 0 0 6 0 0 0 0 0
77 16 0 0 12 3 0 0 0 0
81 12 0 0 4 4 4 0 0 0
87 4 0 0 0 0 0 4 0 0
95 12 1 1 4 0 0 0 0 0
115 8 0 0 4 0 0 0 0 0
117 8 0 0 0 0 0 4 0 0
119 20 0 0 4 2 0 0 0 0
262 6806 0 0 0 0 0 0 0 0
283 6806 0 0 0 0 0 0 0 0
287 6806 0 0 0 0 0 0 0 0
294 141402 11 11 33263 1783 1327 15976 5 0
296 27114 4 4 10170 8 0 0 0 0
299 13539 1 1 3371 0 0 0 0 0
300 4 0 0 0 0 0 0 0 0
301 5 0 0 1 0 0 0 0 0
304 2 0 0 0 0 0 0 0 0
305 3 1 1 1 0 0 0 0 0
316 4 1 1 0 0 0 2 0 0
323 4 0 0 2 0 0 1 0 0
326 20418 0 0 3403 8 3 0 0 0
360 6 1 1 0 0 0 0 0 0
361 9 0 0 6 2 0 3 1 1
368 6 0 0 2 0 0 0 0 0
370 4 0 0 4 1 1 0 0 0
379 4 0 0 2 0 0 2 1 0
422 54 1 1 18 0 0 0 0 0
426 72 0 0 18 0 0 0 0 0
431 54 0 0 36 2 2 0 0 0
440 36 0 0 18 0 0 18 6 6
450 10131 2 2 6752 422 421 3379 1169 432
474 28 0 0 0 0 0 7 0 0
484 18 0 0 0 0 0 6 0 0
490 3 1 1 1 0 0 0 0 0
494 4 1 1 1 0 0 2 0 0
495 4 0 0 2 0 0 0 0 0
496 4 0 0 3 0 0 0 0 0
497 1 0 0 0 0 0 0 0 0
507 4 0 0 4 0 0 0 0 0
508 6 1 1 2 0 0 0 0 0
509 2 0 0 0 0 0 2 0 0
510 4 0 0 2 0 0 2 1 0
529 6318 0 0 2106 263 263 0 0 0
530 2106 1 1 0 0 0 2106 476 467
534 4212 0 0 0 0 0 0 0 0
535 4212 0 0 2106 264 264 0 0 0
545 2346 0 0 1173 0 0 0 0 0
549 2232 0 0 0 0 0 0 0 0
552 3348 0 0 1116 0 0 0 0 0
553 1116 0 0 1116 145 143 0 0 0
579 114 0 0 114 0 0 0 0 0
581 57 0 0 0 0 0 57 0 0
582 57 0 0 0 0 0 57 1 1
fn=_dl_start
45 1 0 0 0 0 0 0 0 0
71 1 0 0 1 0 0 0 0 0
287 21 0 0 0 0 0 0 0 0
296 70 1 1 28 7 7 0 0 0
299 14 0 0 0 0 0 0 0 0
326 47 2 2 0 0 0 0 0 0
346 12 1 1 6 1 1 6 2 2
347 6 0 0 0 0 0 0 0 0
414 1 1 1 0 0 0 0 0 0
534 284 0 0 142 18 18 0 0 0
535 426 0 0 142 18 18 142 20 20
fn=_dl_sysdep_start
215 1 0 0 0 0 0 1 0 0
fl=./elf/../sysdeps/x86_64/dl-runtime.h
fn=_dl_fixup
28 9 0 0 0 0 0 0 0 0
fl=./elf/../sysdeps/x86_64/dl-trampoline.h
fn=_dl_runtime_resolve_xsave
67 9 1 1 0 0 0 0 0 0
72 9 0 0 0 0 0 9 0 0
75 9 0 0 0 0 0 0 0 0
77 9 0 0 0 0 0 0 0 0
87 9 0 0 9 3 3 0 0 0
93 9 0 0 0 0 0 9 4 4
94 9 0 0 0 0 0 9 0 0
95 9 2 2 0 0 0 9 0 0
96 9 0 0 0 0 0 9 0 0
97 9 0 0 0 0 0 9 0 0
98 9 0 0 0 0 0 9 0 0
99 9 0 0 0 0 0 9 0 0
103 9 0 0 0 0 0 0 0 0
104 9 0 0 0 0 0 0 0 0
107 9 0 0 0 0 0 9 3 0
108 9 0 0 0 0 0 9 0 0
110 9 0 0 0 0 0 9 0 0
111 9 0 0 0 0 0 9 0 0
112 9 1 1 0 0 0 9 0 0
113 9 0 0 0 0 0 9 0 0
114 9 0 0 0 0 0 9 0 0
115 9 0 0 0 0 0 9 0 0
117 9 0 0 9 0 0 297 28 20
124 9 0 0 9 0 0 0 0 0
125 9 0 0 9 0 0 0 0 0
126 9 0 0 0 0 0 9 4 3
127 9 0 0 0 0 0 0 0 0
132 9 0 0 0 0 0 0 0 0
133 9 0 0 0 0 0 0 0 0
134 9 0 0 324 0 0 0 0 0
136 9 1 1 9 0 0 0 0 0
137 9 0 0 9 0 0 0 0 0
138 9 0 0 9 0 0 0 0 0
139 9 0 0 9 0 0 0 0 0
140 9 0 0 9 0 0 0 0 0
141 9 0 0 9 0 0 0 0 0
142 9 0 0 9 0 0 0 0 0
144 9 0 0 0 0 0 0 0 0
146 9 0 0 9 0 0 0 0 0
150 9 0 0 0 0 0 0 0 0
152 9 0 0 0 0 0 0 0 0
fl=./elf/./dl-find_object.h
fn=_dl_find_object_from_map
95 14 1 1 7 3 0 7 2 1
96 14 1 1 7 2 0 7 0 0
97 7 0 0 0 0 0 7 3 3
103 35 0 0 14 7 0 0 0 0
104 200 0 0 0 0 0 0 0 0
105 138 1 1 69 59 8 0 0 0
107 21 0 0 14 2 0 7 0 0
112 7 0 0 7 0 0 0 0 0
fl=./elf/./dl-hwcaps.h
fn=_dl_important_hwcaps
54 12 2 2 3 0 0 6 0 0
56 8 0 0 2 0 0 6 0 0
57 1 0 0 0 0 0 0 0 0
88 9 1 1 4 0 0 5 0 0
89 8 0 0 3 0 0 5 0 0
90 6 0 0 0 0 0 0 0 0
fl=./elf/./dl-load.h
fn=_dl_map_object_from_fd
91 40 0 0 0 0 0 0 0 0
92 15 0 0 10 0 0 5 0 0
94 40 1 1 20 2 2 0 0 0
95 20 1 1 12 0 0 0 0 0
96 24 0 0 8 0 0 0 0 0
97 16 1 1 4 0 0 0 0 0
99 16 0 0 0 0 0 4 0 0
fl=./elf/./dl-main.h
fn=dl_main
109 5 1 1 4 0 0 1 0 0
fl=./elf/./dl-map-segments.h
fn=_dl_map_object_from_fd
28 15 0 0 10 0 0 0 0 0
29 45 1 1 20 0 0 10 1 0
96 10 0 0 5 0 0 0 0 0
102 5 0 0 0 0 0 5 0 0
103 15 0 0 5 0 0 0 0 0
106 15 1 1 5 0 0 5 0 0
107 10 0 0 0 0 0 5 0 0
109 10 0 0 5 0 0 0 0 0
116 16 0 0 6 0 0 2 0 0
119 14 0 0 2 0 0 2 0 0
126 5 1 1 5 0 0 0 0 0
128 5 0 0 0 0 0 0 0 0
136 100 0 0 0 0 0 0 0 0
138 60 0 0 30 0 0 0 0 0
140 165 1 1 60 0 0 30 0 0
141 15 0 0 15 0 0 0 0 0
150 80 0 0 40 0 0 0 0 0
156 5 0 0 5 0 0 0 0 0
157 5 0 0 5 0 0 0 0 0
158 25 0 0 5 0 0 0 0 0
159 10 0 0 0 0 0 0 0 0
166 10 1 1 0 0 0 0 0 0
169 10 0 0 0 0 0 0 0 0
177 35 0 0 0 0 0 15 0 0
178 10 0 0 10 0 0 0 0 0
183 10 0 0 0 0 0 0 0 0
187 16 1 1 0 0 0 2 0 0
190 4 0 0 0 0 0 0 0 0
195 20 1 1 0 0 0 0 0 0
fl=./elf/./dl-sym-post.h
fn=lookup_malloc_symbol
41 8 0 0 0 0 0 0 0 0
53 12 0 0 4 0 0 0 0 0
fl=./elf/./dl-tunable-types.h
fn=__GI___tunable_set_val
90 10 0 0 0 0 0 0 0 0
fl=./elf/./elf/dl-audit.c
fn=_dl_audit_activity_map
28 6 1 1 0 0 0 4 0 0
29 1 0 0 1 0 0 0 0 0
30 3 1 1 1 0 0 0 0 0
36 6 1 1 5 0 0 0 0 0
fn=_dl_audit_activity_nsid
40 18 2 2 0 0 0 12 0 0
44 12 0 0 3 0 0 0 0 0
45 3 0 0 3 1 1 0 0 0
46 12 2 2 0 0 0 0 0 0
50 18 0 0 15 0 0 0 0 0
fn=_dl_audit_objclose
96 7 1 1 0 0 0 0 0 0
97 28 0 0 14 0 0 0 0 0
fn=_dl_audit_objopen
76 5 1 1 0 0 0 0 0 0
77 20 0 0 10 0 0 0 0 0
fn=_dl_audit_preinit
117 1 1 1 0 0 0 0 0 0
118 4 0 0 2 1 0 0 0 0
fl=./elf/./elf/dl-cache.c
fn=_dl_cache_libcmp
370 132 1 1 0 0 0 0 0 0
371 574 1 1 44 0 0 0 0 0
373 771 0 0 0 0 0 0 0 0
375 273 1 1 0 0 0 0 0 0
381 24 0 0 0 0 0 0 0 0
382 24 0 0 0 0 0 0 0 0
383 245 0 0 221 0 0 0 0 0
385 245 0 0 221 1 1 0 0 0
387 16 0 0 0 0 0 0 0 0
393 498 0 0 0 0 0 0 0 0
395 498 0 0 0 0 0 0 0 0
396 108 1 1 36 0 0 0 0 0
399 213 0 0 0 0 0 0 0 0
400 213 0 0 0 0 0 0 0 0
403 68 0 0 52 33 33 0 0 0
fn=_dl_load_cache_lookup
194 72 0 0 0 0 0 0 0 0
208 4 0 0 4 0 0 0 0 0
212 32 2 2 4 0 0 12 0 0
218 48 1 1 16 0 0 16 0 0
219 8 0 0 0 0 0 0 0 0
221 20 0 0 0 0 0 0 0 0
228 88 1 1 20 0 0 8 0 0
230 128 0 0 40 0 0 0 0 0
231 72 0 0 36 30 30 0 0 0
235 72 0 0 36 0 0 0 0 0
239 108 1 1 0 0 0 36 0 0
240 72 0 0 0 0 0 0 0 0
248 20 1 1 0 0 0 0 0 0
250 12 0 0 6 2 2 0 0 0
253 12 0 0 0 0 0 0 0 0
255 36 0 0 0 0 0 6 0 0
257 6 0 0 0 0 0 0 0 0
267 16 0 0 0 0 0 0 0 0
271 6 0 0 2 0 0 0 0 0
272 10 0 0 2 0 0 2 0 0
277 16 1 1 8 0 0 0 0 0
278 12 0 0 4 0 0 0 0 0
294 8 0 0 0 0 0 0 0 0
303 8 0 0 4 0 0 0 0 0
306 8 0 0 4 0 0 0 0 0
308 12 0 0 4 0 0 0 0 0
309 8 0 0 4 0 0 0 0 0
314 24 1 1 4 0 0 4 0 0
315 16 0 0 4 0 0 0 0 0
322 8 0 0 0 0 0 0 0 0
343 16 0 0 4 0 0 4 0 0
355 16 0 0 4 0 0 0 0 0
359 32 0 0 0 0 0 0 0 0
360 20 0 0 0 0 0 0 0 0
362 24 0 0 0 0 0 12 0 0
416 40 1 1 0 0 0 24 0 0
418 8 0 0 4 0 0 0 0 0
421 12 1 1 4 0 0 0 0 0
424 5 1 1 0 0 0 1 0 0
432 5 1 1 1 0 0 0 0 0
433 8 0 0 3 1 1 0 0 0
436 7 1 1 0 0 0 0 0 0
437 1 0 0 1 0 0 0 0 0
444 1 1 1 0 0 0 1 0 0
445 2 0 0 0 0 0 1 0 0
490 9 0 0 3 0 0 0 0 0
495 12 0 0 4 0 0 0 0 0
498 12 0 0 4 0 0 4 0 0
513 8 0 0 4 0 0 0 0 0
525 72 2 2 8 0 0 4 0 0
526 16 0 0 4 0 0 4 0 0
527 4 0 0 0 0 0 4 0 0
528 32 0 0 28 0 0 0 0 0
fn=_dl_unload_cache
537 2 1 1 0 0 0 0 0 0
538 4 0 0 1 1 0 0 0 0
540 2 0 0 1 1 0 1 0 0
541 1 1 1 0 0 0 1 0 0
545 1 0 0 0 0 0 1 0 0
547 2 0 0 1 0 0 0 0 0
fl=./elf/./elf/dl-call-libc-early-init.c
fn=_dl_call_libc_early_init
27 4 1 1 0 0 0 2 0 0
29 2 0 0 0 0 0 0 0 0
33 7 1 1 0 0 0 1 0 0
37 2 0 0 0 0 0 0 0 0
39 4 0 0 3 0 0 0 0 0
40 2 0 0 0 0 0 0 0 0
41 3 0 0 2 0 0 0 0 0
fl=./elf/./elf/dl-debug.c
fn=_dl_debug_initialize
56 1 1 1 0 0 0 0 0 0
57 1 0 0 0 0 0 0 0 0
59 2 0 0 0 0 0 0 0 0
61 1 0 0 0 0 0 0 0 0
63 3 0 0 1 1 1 0 0 0
64 2 1 1 0 0 0 1 0 0
85 2 1 1 1 0 0 0 0 0
90 3 0 0 1 0 0 1 0 0
91 2 0 0 0 0 0 1 0 0
92 1 0 0 0 0 0 1 0 0
95 2 0 0 1 0 0 0 0 0
96 6 1 1 1 0 0 1 0 0
99 2 0 0 0 0 0 0 0 0
107 2 1 1 1 0 0 0 0 0
fn=_dl_debug_state
116 2 1 1 0 0 0 0 0 0
117 2 0 0 2 0 0 0 0 0
fn=_dl_debug_update
38 6 1 0 0 0 0 0 0 0
40 12 0 0 0 0 0 0 0 0
41 6 0 0 0 0 0 0 0 0
44 12 0 0 6 1 0 0 0 0
48 6 0 0 6 0 0 0 0 0
fl=./elf/./elf/dl-deps.c
fn=_dl_map_object_deps
144 6 1 1 0 0 0 3 2 2
145 8 0 0 0 0 0 2 0 0
146 5 1 1 0 0 0 0 0 0
148 3 0 0 0 0 0 1 0 0
152 8 0 0 2 0 0 2 0 0
159 15 2 2 0 0 0 7 1 1
160 22 2 2 1 1 1 2 0 0
176 7 0 0 0 0 0 0 0 0
177 1 0 0 1 0 0 0 0 0
180 1 0 0 0 0 0 1 0 0
198 2 0 0 1 0 0 1 0 0
199 3 0 0 1 0 0 1 0 0
200 2 1 1 0 0 0 2 0 0
202 1 0 0 0 0 0 0 0 0
204 19 1 1 13 0 0 0 0 0
206 7 0 0 0 0 0 0 0 0
209 7 0 0 0 0 0 7 0 0
213 28 0 0 7 2 0 7 0 0
214 46 2 2 20 2 1 0 0 0
217 15 0 0 0 0 0 0 0 0
221 15 1 1 5 0 0 5 0 0
224 22 1 1 11 1 0 0 0 0
226 25 2 2 15 0 0 5 0 0
231 10 0 0 5 0 0 5 0 0
232 5 0 0 0 0 0 5 1 1
233 10 1 1 5 0 0 5 0 0
237 574 0 0 151 8 0 5 0 0
238 277 0 0 0 0 0 0 0 0
244 99 2 2 22 0 0 11 0 0
246 11 0 0 0 0 0 11 0 0
248 44 1 1 0 0 0 11 0 0
249 22 1 1 11 0 0 0 0 0
258 11 0 0 11 0 0 0 0 0
260 22 0 0 11 0 0 0 0 0
265 35 1 1 5 0 0 0 0 0
268 5 0 0 0 0 0 5 0 0
269 5 0 0 0 0 0 5 0 0
270 5 0 0 0 0 0 5 0 0
271 10 0 0 5 0 0 5 0 0
273 5 0 0 5 0 0 0 0 0
275 25 1 1 5 0 0 10 0 0
279 33 0 0 11 0 0 0 0 0
280 24 0 0 0 0 0 8 0 0
282 375 1 1 0 0 0 0 0 0
298 1 0 0 0 0 0 1 0 0
380 12 1 1 0 0 0 6 0 0
433 21 0 0 7 0 0 0 0 0
435 15 0 0 0 0 0 5 0 0
438 10 1 1 0 0 0 0 0 0
439 10 0 0 0 0 0 0 0 0
445 5 0 0 0 0 0 5 2 2
446 25 0 0 5 0 0 5 0 0
447 25 0 0 0 0 0 5 0 0
450 5 0 0 0 0 0 5 0 0
451 5 0 0 5 0 0 0 0 0
455 28 1 1 14 0 0 0 0 0
457 7 0 0 7 0 0 0 0 0
458 32 0 0 6 0 0 0 0 0
464 6 1 1 2 0 0 0 0 0
465 1 0 0 0 0 0 1 0 0
468 4 0 0 1 0 0 1 0 0
479 3 1 1 1 0 0 0 0 0
481 2 0 0 0 0 0 0 0 0
486 5 0 0 2 0 0 1 0 0
487 1 0 0 0 0 0 1 0 0
488 9 0 0 1 0 0 0 0 0
490 27 1 1 7 0 0 1 0 0
494 7 0 0 7 0 0 0 0 0
499 14 1 1 0 0 0 0 0 0
501 15 0 0 0 0 0 7 1 1
506 7 0 0 7 0 0 0 0 0
509 2 0 0 1 0 0 0 0 0
560 2 1 1 0 0 0 0 0 0
561 3 1 1 1 0 0 0 0 0
598 3 1 1 1 0 0 0 0 0
599 2 0 0 0 0 0 0 0 0
602 1 0 0 1 0 0 0 0 0
613 5 0 0 0 0 0 1 0 0
618 8 1 1 1 0 0 1 0 0
619 4 1 1 2 0 0 0 0 0
623 1 0 0 0 0 0 1 0 0
625 1 0 0 0 0 0 1 0 0
626 1 0 0 1 0 0 0 0 0
627 2 0 0 0 0 0 0 0 0
634 3 0 0 1 0 0 0 0 0
637 3 0 0 1 0 0 0 0 0
640 8 0 0 7 0 0 0 0 0
fn=openaux
61 33 0 0 0 0 0 11 0 0
64 121 1 1 44 0 0 22 1 1
65 11 0 0 11 0 0 0 0 0
68 11 0 0 11 0 0 0 0 0
69 22 0 0 22 0 0 0 0 0
fl=./elf/./elf/dl-environ.c
fn=_dl_next_ld_env_entry
28 3 1 1 0 0 0 0 0 0
29 3 0 0 3 0 0 0 0 0
32 103 0 0 34 0 0 0 0 0
34 66 0 0 33 0 0 0 0 0
35 18 1 1 9 0 0 0 0 0
37 2 0 0 0 0 0 0 0 0
40 4 0 0 0 0 0 2 0 0
42 2 0 0 2 0 0 0 0 0
45 31 0 0 0 0 0 0 0 0
49 1 0 0 1 0 0 0 0 0
fl=./elf/./elf/dl-error-skeleton.c
fn=_dl_catch_error
225 10 1 1 0 0 0 3 0 0
227 2 0 0 0 0 0 1 0 0
228 2 0 0 1 0 0 1 0 0
229 2 0 0 1 0 0 1 0 0
230 2 1 1 1 0 0 1 0 0
232 5 0 0 4 0 0 0 0 0
fn=_dl_catch_exception
175 72 2 2 0 0 0 48 3 3
178 24 0 0 0 0 0 0 0 0
180 24 0 0 12 0 0 12 0 0
199 12 0 0 0 0 0 12 1 1
200 24 0 0 0 0 0 12 0 0
203 24 0 0 0 0 0 12 0 0
206 84 0 0 0 0 0 12 0 0
208 36 1 1 24 0 0 12 0 0
209 24 0 0 12 0 0 12 0 0
210 48 0 0 12 0 0 24 0 0
219 48 0 0 24 0 0 0 0 0
fn=_dl_receive_error
238 6 0 0 0 0 0 2 0 0
239 1 0 0 1 0 0 0 0 0
240 1 0 0 1 0 0 0 0 0
243 1 1 1 0 0 0 1 0 0
244 1 0 0 0 0 0 1 0 0
246 1 0 0 0 0 0 1 0 0
248 1 0 0 0 0 0 1 0 0
249 1 0 0 0 0 0 1 0 0
250 4 0 0 3 0 0 0 0 0
fl=./elf/./elf/dl-find_object.c
fn=_dl_find_object_init
561 4 1 1 0 0 0 2 0 0
564 1 1 1 1 1 0 0 0 0
566 2 0 0 1 0 0 0 0 0
567 3 1 1 0 0 0 1 0 0
579 2 0 0 0 0 0 1 0 0
580 3 0 0 1 0 0 1 0 0
582 2 1 1 0 0 0 0 0 0
585 2 1 1 0 0 0 0 0 0
590 1 0 0 0 0 0 1 0 0
591 1 0 0 0 0 0 1 0 0
594 3 0 0 1 0 0 0 0 0
596 2 1 1 0 0 0 1 0 0
599 6 0 0 3 0 0 1 0 0
601 1 0 0 0 0 0 0 0 0
604 4 0 0 3 0 0 0 0 0
fn=_dlfo_process_initial
474 4 0 0 0 0 0 2 0 0
475 2 0 0 2 0 0 0 0 0
477 2 0 0 0 0 0 0 0 0
478 4 0 0 2 0 0 0 0 0
504 24 2 2 4 1 0 0 0 0
505 34 0 0 2 0 0 0 0 0
506 14 0 0 14 0 0 0 0 0
508 52 1 1 12 0 0 0 0 0
511 48 0 0 12 0 0 0 0 0
513 36 1 1 12 1 0 0 0 0
515 12 0 0 0 0 0 6 0 0
516 12 0 0 0 0 0 0 0 0
517 24 0 0 0 0 0 0 0 0
529 2 0 0 0 0 0 2 0 0
531 8 0 0 4 0 0 0 0 0
fn=_dlfo_sort_mappings
536 1 1 1 0 0 0 0 0 0
537 2 0 0 0 0 0 0 0 0
540 24 0 0 5 0 0 0 0 0
544 10 0 0 5 0 0 0 0 0
545 70 0 0 0 0 0 0 0 0
546 83 1 1 15 0 0 0 0 0
553 20 0 0 10 0 0 0 0 0
554 25 0 0 10 0 0 10 0 0
555 10 0 0 0 0 0 10 0 0
557 1 0 0 1 0 0 0 0 0
fl=./elf/./elf/dl-fini.c
fn=_dl_fini
31 9 1 1 0 0 0 6 0 0
48 7 1 1 0 0 0 1 0 0
51 7 0 0 1 1 1 0 0 0
54 2 0 0 1 1 1 1 0 0
56 1 0 0 1 1 1 0 0 0
59 2 0 0 0 0 0 0 0 0
61 6 1 1 3 1 1 0 0 0
66 1 0 0 0 0 0 1 0 0
68 3 0 0 0 0 0 1 0 0
73 17 2 2 1 0 0 0 0 0
78 25 1 1 8 3 3 0 0 0
80 14 0 0 7 7 7 0 0 0
82 14 0 0 0 0 0 0 0 0
84 14 0 0 0 0 0 7 0 0
85 7 0 0 0 0 0 7 7 7
86 7 0 0 0 0 0 0 0 0
90 7 0 0 7 6 6 0 0 0
92 6 1 1 0 0 0 0 0 0
93 6 0 0 0 0 0 0 0 0
99 5 0 0 0 0 0 2 0 0
108 2 1 1 1 1 1 1 0 0
113 27 0 0 8 0 0 1 0 0
115 7 0 0 7 0 0 0 0 0
117 21 0 0 7 0 0 0 0 0
120 14 0 0 0 0 0 7 0 0
123 21 1 1 7 7 7 0 0 0
124 9 0 0 3 3 3 0 0 0
127 10 0 0 5 0 0 0 0 0
138 16 0 0 8 4 4 4 0 0
139 4 0 0 4 2 2 0 0 0
140 8 0 0 4 1 1 0 0 0
141 40 1 1 8 0 0 0 0 0
142 8 0 0 4 4 4 8 0 0
146 12 0 0 4 3 3 0 0 0
147 15 0 0 10 4 4 5 0 0
153 14 0 0 0 0 0 7 0 0
158 7 1 1 7 0 0 0 0 0
162 5 0 0 1 0 0 1 0 0
168 6 1 1 2 0 0 0 0 0
174 2 0 0 1 0 0 0 0 0
181 8 0 0 7 0 0 0 0 0
fl=./elf/./elf/dl-hwcaps.c
fn=_dl_important_hwcaps
55 16 2 2 0 0 0 4 0 0
57 2 0 0 0 0 0 0 0 0
58 6 0 0 2 0 0 0 0 0
59 2 0 0 0 0 0 0 0 0
80 16 2 2 0 0 0 4 0 0
82 2 0 0 0 0 0 2 1 1
83 16 0 0 4 0 0 8 1 1
87 2 0 0 0 0 0 2 0 0
89 6 0 0 2 0 0 2 0 0
90 2 0 0 0 0 0 0 0 0
91 2 0 0 0 0 0 0 0 0
103 6 0 0 0 0 0 4 0 0
105 2 1 1 0 0 0 0 0 0
108 3 0 0 2 0 0 1 0 0
111 1 0 0 0 0 0 0 0 0
115 4 1 1 0 0 0 1 0 0
128 12 1 1 0 0 0 3 0 0
130 12 1 1 5 0 0 3 0 0
131 8 0 0 2 0 0 2 0 0
132 2 0 0 0 0 0 0 0 0
133 2 0 0 0 0 0 0 0 0
136 2 0 0 1 0 0 0 0 0
145 15 1 1 6 0 0 2 0 0
146 4 0 0 0 0 0 0 0 0
154 2 0 0 2 0 0 0 0 0
158 7 1 1 2 0 0 1 0 0
159 2 0 0 0 0 0 0 0 0
160 3 0 0 0 0 0 0 0 0
164 1 0 0 1 0 0 0 0 0
165 3 0 0 1 0 0 1 0 0
166 2 0 0 0 0 0 2 0 0
175 14 2 2 0 0 0 10 2 2
176 7 0 0 1 0 0 2 1 1
178 2 0 0 1 0 0 1 0 0
179 4 0 0 1 0 0 1 0 0
204 2 0 0 0 0 0 2 0 0
205 3 1 1 0 0 0 0 0 0
215 3 0 0 1 0 0 1 0 0
216 6 1 1 2 0 0 1 0 0
220 19 0 0 3 0 0 0 0 0
221 6 0 0 0 0 0 0 0 0
222 4 0 0 0 0 0 0 0 0
225 3 0 0 0 0 0 1 0 0
228 21 3 3 1 0 0 3 0 0
230 9 1 1 2 0 0 0 0 0
231 4 1 1 2 0 0 2 1 1
233 6 0 0 0 0 0 3 0 0
234 2 0 0 0 0 0 2 1 1
235 6 0 0 0 0 0 0 0 0
236 2 0 0 1 0 0 0 0 0
238 3 0 0 1 0 0 0 0 0
240 4 0 0 0 0 0 1 0 0
241 2 1 1 1 0 0 1 0 0
242 1 0 0 0 0 0 0 0 0
245 5 0 0 1 0 0 1 0 0
246 1 0 0 0 0 0 1 0 0
249 2 0 0 1 0 0 0 0 0
252 3 0 0 1 0 0 0 0 0
253 5 1 1 3 0 0 1 0 0
256 8 0 0 6 0 0 1 0 0
257 3 0 0 1 0 0 0 0 0
259 2 1 1 0 0 0 0 0 0
260 8 2 2 1 0 0 0 0 0
261 4 1 1 2 0 0 0 0 0
262 4 1 1 1 0 0 1 0 0
272 4 0 0 1 0 0 0 0 0
276 10 1 1 3 0 0 3 1 1
282 2 0 0 0 0 0 0 0 0
283 2 0 0 0 0 0 0 0 0
291 3 0 0 1 0 0 0 0 0
304 2 0 0 1 0 0 0 0 0
306 1 0 0 0 0 0 1 0 0
315 2 0 0 1 0 0 1 0 0
328 1 1 1 0 0 0 1 0 0
331 2 0 0 1 0 0 0 0 0
338 1 0 0 1 0 0 0 0 0
341 2 0 0 0 0 0 0 0 0
344 14 1 1 7 0 0 5 0 0
347 17 0 0 4 0 0 2 0 0
348 17 2 2 1 0 0 1 0 0
349 5 0 0 2 0 0 2 0 0
352 12 0 0 4 0 0 4 0 0
354 5 1 1 1 0 0 0 0 0
359 34 1 1 3 0 0 0 0 0
360 8 0 0 0 0 0 8 1 1
364 23 0 0 1 0 0 0 0 0
367 48 0 0 0 0 0 0 0 0
368 72 0 0 0 0 0 0 0 0
369 48 1 1 24 0 0 12 0 0
371 9 0 0 0 0 0 0 0 0
374 3 0 0 1 0 0 0 0 0
375 2 1 1 0 0 0 0 0 0
376 15 0 0 2 0 0 1 0 0
378 6 0 0 0 0 0 0 0 0
379 2 0 0 2 0 0 0 0 0
381 1 1 1 1 0 0 0 0 0
382 7 1 1 0 0 0 2 0 0
389 22 0 0 6 0 0 5 0 0
390 4 0 0 0 0 0 0 0 0
392 8 0 0 0 0 0 0 0 0
395 4 0 0 2 0 0 0 0 0
401 9 0 0 8 0 0 0 0 0
fl=./elf/./elf/dl-hwcaps_split.c
fn=_dl_hwcaps_contains
66 6 1 1 0 0 0 0 0 0
67 12 0 0 0 0 0 0 0 0
68 6 0 0 0 0 0 0 0 0
77 6 0 0 6 0 0 0 0 0
fn=_dl_hwcaps_split
25 4 1 1 0 0 0 2 0 0
26 3 0 0 1 0 0 0 0 0
27 1 0 0 0 0 0 0 0 0
47 4 1 1 3 0 0 0 0 0
fn=_dl_hwcaps_split_masked
26 42 0 0 14 0 0 0 0 0
30 24 0 0 12 0 0 12 0 0
34 72 1 1 18 1 1 0 0 0
35 12 0 0 0 0 0 6 0 0
36 24 0 0 0 0 0 0 0 0
41 27 0 0 0 0 0 9 0 0
42 18 0 0 0 0 0 0 0 0
43 9 0 0 0 0 0 3 0 0
45 6 0 0 0 0 0 0 0 0
51 55 1 1 0 0 0 22 0 0
55 5 1 1 0 0 0 0 0 0
56 18 0 0 9 0 0 9 0 0
57 27 0 0 0 0 0 9 0 0
58 54 0 0 6 0 0 6 0 0
62 44 0 0 33 0 0 0 0 0
fl=./elf/./elf/dl-init.c
fn=_dl_init
31 48 2 2 16 0 0 0 0 0
33 44 0 0 8 0 0 7 0 0
77 12 1 1 0 0 0 6 0 0
78 1 0 0 1 1 0 0 0 0
79 1 0 0 1 0 0 0 0 0
82 3 1 1 1 0 0 0 0 0
85 2 1 1 0 0 0 1 0 0
90 2 0 0 0 0 0 0 0 0
115 1 0 0 1 0 0 0 0 0
116 26 0 0 0 0 0 0 0 0
117 14 0 0 14 1 0 0 0 0
123 8 1 1 7 0 0 0 0 0
fn=call_init.part.0
26 63 1 1 0 0 0 35 1 0
39 21 1 1 7 0 0 7 0 0
42 21 0 0 14 5 0 0 0 0
43 2 0 0 0 0 0 0 0 0
47 12 0 0 6 0 0 0 0 0
55 18 0 0 6 5 0 0 0 0
56 24 0 0 8 4 0 4 0 0
59 6 1 1 6 4 0 0 0 0
60 12 0 0 0 0 0 0 0 0
66 12 0 0 8 2 0 0 0 0
68 8 0 0 8 0 0 0 0 0
69 100 0 0 0 0 0 0 0 0
70 80 0 0 20 5 0 20 0 0
72 42 1 1 42 0 0 0 0 0
fl=./elf/./elf/dl-load.c
fn=_dl_dst_count
238 66 1 1 0 0 0 55 0 0
241 22 0 0 0 0 0 11 1 1
244 22 0 0 0 0 0 0 0 0
245 11 1 1 0 0 0 0 0 0
264 77 0 0 66 0 0 0 0 0
fn=_dl_init_paths
706 13 1 1 0 0 0 8 0 0
720 4 1 1 0 0 0 2 1 1
725 1 0 0 0 0 0 1 0 0
727 2 0 0 0 0 0 0 0 0
734 5 0 0 0 0 0 0 0 0
735 2 1 1 1 0 0 0 0 0
739 4 0 0 0 0 0 1 1 1
741 4 0 0 2 0 0 0 0 0
747 1 0 0 0 0 0 1 0 0
748 1 1 1 0 0 0 1 0 0
756 8 0 0 0 0 0 4 0 0
758 8 0 0 0 0 0 4 1 1
759 4 0 0 0 0 0 4 1 1
761 5 0 0 0 0 0 4 0 0
762 7 0 0 3 1 1 4 1 1
763 7 1 1 0 0 0 0 0 0
766 9 0 0 3 1 1 0 0 0
767 10 0 0 5 0 0 1 0 0
768 18 0 0 0 0 0 4 0 0
770 26 3 3 6 0 0 6 0 0
776 1 0 0 0 0 0 1 0 0
777 1 0 0 0 0 0 1 0 0
782 1 0 0 1 0 0 0 0 0
785 3 0 0 0 0 0 0 0 0
787 4 0 0 1 0 0 0 0 0
789 3 1 1 1 0 0 0 0 0
806 1 0 0 0 0 0 1 0 0
808 3 2 2 1 0 0 0 0 0
822 2 1 1 0 0 0 1 0 0
825 5 1 1 2 0 0 0 0 0
827 23 1 1 2 0 0 2 0 0
831 2 0 0 0 0 0 0 0 0
832 188 1 1 47 0 0 0 0 0
833 46 0 0 0 0 0 0 0 0
834 92 0 0 0 0 0 0 0 0
836 1 0 0 0 0 0 1 0 0
837 1 0 0 0 0 0 0 0 0
838 2 1 1 0 0 0 0 0 0
844 6 0 0 1 0 0 1 0 0
847 3 0 0 2 0 0 0 0 0
853 1 0 0 0 0 0 1 0 0
857 8 0 0 7 0 0 0 0 0
fn=_dl_map_object
682 39 1 1 13 0 0 0 0 0
685 4 0 0 0 0 0 0 0 0
688 6 2 2 2 0 0 0 0 0
691 2 1 1 0 0 0 2 0 0
692 2 0 0 0 0 0 0 0 0
696 20 0 0 4 0 0 8 0 0
2022 120 1 1 0 0 0 96 3 3
2024 5 0 0 0 0 0 5 1 1
2030 24 0 0 0 0 0 0 0 0
2031 48 1 1 12 1 1 0 0 0
2034 222 0 0 54 0 0 0 0 0
2039 343 1 1 98 0 0 0 0 0
2041 245 0 0 0 0 0 49 1 1
2045 84 0 0 42 0 0 0 0 0
2046 126 0 0 42 0 0 0 0 0
2049 110 0 0 66 0 0 0 0 0
2050 66 1 1 22 0 0 0 0 0
2051 88 0 0 0 0 0 22 0 0
2068 35 2 2 10 0 0 5 0 0
2069 15 0 0 0 0 0 5 0 0
2077 15 0 0 5 0 0 0 0 0
2092 5 0 0 0 0 0 5 1 1
2094 25 0 0 0 0 0 5 0 0
2098 16 1 1 0 0 0 8 0 0
2100 8 0 0 4 0 0 0 0 0
2107 16 0 0 4 0 0 0 0 0
2111 8 1 1 4 0 0 4 0 0
2112 4 1 1 0 0 0 0 0 0
2116 15 0 0 5 0 0 0 0 0
2117 5 0 0 0 0 0 0 0 0
2131 20 1 1 8 0 0 0 0 0
2132 40 1 1 8 0 0 4 0 0
2133 4 0 0 0 0 0 0 0 0
2142 8 1 1 0 0 0 0 0 0
2157 12 1 1 4 0 0 0 0 0
2158 56 1 1 4 0 0 16 0 0
2164 20 1 1 4 0 0 0 0 0
2165 4 0 0 0 0 0 0 0 0
2173 4 1 1 0 0 0 4 0 0
2187 8 0 0 0 0 0 0 0 0
2189 12 0 0 4 0 0 0 0 0
2193 12 1 1 0 0 0 4 0 0
2195 8 0 0 0 0 0 0 0 0
2199 8 0 0 0 0 0 0 0 0
2207 12 0 0 4 0 0 0 0 0
2230 28 1 1 0 0 0 8 0 0
2234 12 0 0 4 0 0 0 0 0
2235 8 0 0 0 0 0 4 0 0
2252 8 1 1 4 0 0 0 0 0
2258 1 0 0 0 0 0 1 0 0
2259 4 1 1 0 0 0 1 0 0
2260 2 0 0 0 0 0 0 0 0
2261 3 0 0 0 0 0 0 0 0
2265 6 0 0 0 0 0 2 0 0
2268 3 1 1 1 0 0 0 0 0
2280 20 0 0 5 0 0 0 0 0
2282 16 1 1 0 0 0 0 0 0
2326 10 0 0 5 0 0 5 0 0
2327 75 1 1 15 0 0 25 0 0
2329 108 0 0 84 0 0 0 0 0
fn=_dl_map_object_from_fd
944 70 1 1 0 0 0 55 2 2
954 15 0 0 5 0 0 10 1 1
961 20 0 0 5 0 0 5 0 0
999 95 0 0 30 0 0 0 0 0
1000 40 0 0 20 0 0 0 0 0
1018 10 1 1 5 0 0 0 0 0
1046 20 1 1 5 0 0 5 0 0
1056 10 0 0 5 0 0 0 0 0
1063 40 1 1 25 0 0 5 0 0
1064 10 0 0 0 0 0 0 0 0
1075 15 0 0 10 0 0 5 1 1
1076 20 0 0 10 0 0 10 0 0
1077 10 1 1 5 0 0 5 0 0
1079 15 0 0 0 0 0 0 0 0
1080 20 0 0 10 0 0 0 0 0
1081 8 0 0 0 0 0 4 0 0
1084 17 3 3 1 0 0 1 0 0
1085 6 0 0 1 0 0 1 1 1
1096 10 0 0 0 0 0 5 0 0
1098 5 0 0 0 0 0 5 0 0
1100 110 2 2 10 0 0 5 0 0
1101 5 0 0 0 0 0 0 0 0
1102 5 0 0 0 0 0 5 0 0
1103 5 1 1 0 0 0 5 0 0
1104 5 0 0 0 0 0 0 0 0
1110 202 1 1 5 0 0 0 0 0
1111 504 2 2 59 1 1 0 0 0
1117 10 1 1 5 0 0 0 0 0
1124 12 0 0 7 0 0 5 0 0
1125 15 0 0 5 0 0 5 0 0
1126 50 1 1 10 0 0 5 0 0
1131 2 0 0 1 0 0 1 0 0
1132 1 0 0 0 0 0 0 0 0
1137 135 0 0 45 0 0 5 0 0
1145 40 0 0 0 0 0 0 0 0
1146 150 0 0 0 0 0 25 6 5
1147 60 1 1 20 0 0 0 0 0
1148 60 0 0 0 0 0 20 0 0
1149 40 1 1 20 0 0 20 0 0
1151 140 0 0 20 0 0 0 0 0
1153 40 0 0 20 0 0 20 2 2
1157 40 0 0 0 0 0 0 0 0
1158 75 0 0 30 0 0 15 0 0
1162 40 1 1 0 0 0 0 0 0
1163 160 0 0 20 0 0 20 2 2
1173 20 0 0 0 0 0 0 0 0
1176 6 0 0 2 0 0 0 0 0
1180 8 0 0 0 0 0 2 2 2
1181 2 0 0 2 0 0 0 0 0
1185 10 1 1 0 0 0 2 0 0
1186 4 0 0 2 0 0 2 0 0
1189 2 0 0 0 0 0 2 0 0
1194 8 0 0 2 0 0 0 0 0
1195 10 0 0 5 0 0 5 0 0
1201 25 1 1 5 0 0 5 0 0
1209 10 1 1 5 0 0 5 0 0
1210 5 0 0 0 0 0 0 0 0
1213 20 0 0 10 0 0 5 1 1
1218 15 0 0 0 0 0 0 0 0
1228 90 0 0 0 0 0 0 0 0
1229 40 0 0 0 0 0 20 0 0
1235 10 1 1 0 0 0 0 0 0
1245 20 0 0 10 0 0 0 0 0
1252 35 1 1 15 0 0 5 0 0
1268 20 2 2 10 0 0 0 0 0
1269 15 0 0 5 0 0 5 0 0
1275 18 2 2 4 0 0 0 0 0
1276 10 0 0 0 0 0 0 0 0
1278 10 1 1 0 0 0 0 0 0
1288 15 0 0 5 0 0 0 0 0
1307 15 0 0 5 0 0 5 0 0
1309 25 1 1 10 0 0 0 0 0
1361 15 0 0 5 3 3 0 0 0
1362 4 0 0 2 0 0 2 0 0
1368 183 1 1 74 0 0 15 0 0
1369 275 0 0 59 49 49 0 0 0
1375 79 1 1 5 0 0 5 0 0
1380 20 1 1 5 0 0 5 0 0
1393 10 0 0 5 0 0 0 0 0
1395 20 0 0 10 0 0 5 0 0
1397 10 1 1 5 0 0 0 0 0
1413 10 0 0 0 0 0 5 0 0
1417 10 0 0 5 0 0 0 0 0
1418 10 0 0 5 0 0 0 0 0
1435 10 0 0 5 0 0 0 0 0
1436 1 0 0 0 0 0 1 0 0
1439 10 1 1 5 0 0 5 0 0
1444 10 0 0 5 0 0 0 0 0
1454 10 0 0 5 0 0 0 0 0
1461 30 0 0 10 0 0 0 0 0
1462 12 1 1 4 0 0 0 0 0
1463 27 0 0 9 0 0 3 0 0
1464 9 0 0 3 0 0 0 0 0
1465 5 0 0 1 0 0 1 0 0
1471 10 1 1 5 0 0 0 0 0
1472 8 0 0 2 0 0 0 0 0
1477 4 0 0 0 0 0 2 0 0
1484 15 0 0 5 0 0 5 0 0
1487 20 0 0 10 0 0 0 0 0
1506 25 2 2 10 0 0 0 0 0
1510 35 1 1 15 0 0 0 0 0
1511 20 0 0 5 0 0 5 0 0
1515 45 1 1 35 0 0 0 0 0
fn=_dl_process_pt_gnu_property
868 12 1 1 0 0 0 0 0 0
869 12 1 1 12 0 0 0 0 0
870 6 0 0 6 0 0 0 0 0
876 12 0 0 6 0 0 0 0 0
882 30 0 0 0 0 0 0 0 0
885 18 0 0 6 5 5 0 0 0
886 12 0 0 6 1 1 0 0 0
887 12 1 1 6 0 0 0 0 0
930 6 0 0 6 0 0 0 0 0
fn=expand_dynamic_string_token
241 9 1 1 0 0 0 3 0 0
244 6 0 0 0 0 0 0 0 0
385 27 1 1 0 0 0 18 0 0
399 6 0 0 0 0 0 0 0 0
410 21 0 0 18 0 0 0 0 0
fn=fillin_rpath.isra.0
468 15 2 2 0 0 0 11 0 0
472 1 0 0 0 0 0 0 0 0
474 24 0 0 4 0 0 4 0 0
477 1 0 0 0 0 0 1 0 0
478 1 0 0 0 0 0 0 0 0
481 6 0 0 3 0 0 0 0 0
483 8 0 0 2 0 0 2 0 0
487 4 0 0 0 0 0 0 0 0
492 6 1 1 0 0 0 2 0 0
493 4 0 0 0 0 0 0 0 0
500 10 0 0 2 0 0 0 0 0
505 8 1 1 0 0 0 4 0 0
509 54 1 1 18 0 0 0 0 0
510 30 0 0 15 0 0 0 0 0
528 18 2 2 3 0 0 3 0 0
532 9 1 1 6 0 0 0 0 0
534 6 0 0 0 0 0 0 0 0
538 3 0 0 0 0 0 3 1 1
539 6 0 0 3 0 0 0 0 0
540 12 0 0 0 0 0 6 1 1
541 3 0 0 0 0 0 3 0 0
543 6 1 1 3 0 0 0 0 0
544 1 0 0 0 0 0 1 0 0
549 12 0 0 3 0 0 0 0 0
550 84 2 2 3 0 0 0 0 0
551 27 0 0 0 0 0 12 0 0
553 6 0 0 3 0 0 3 0 0
554 9 0 0 3 0 0 0 0 0
555 3 0 0 0 0 0 3 0 0
561 6 0 0 3 0 0 3 0 0
562 6 0 0 0 0 0 3 0 0
565 6 1 1 0 0 0 3 0 0
571 1 0 0 0 0 0 1 0 0
574 8 0 0 7 0 0 0 0 0
fn=open_path
1870 56 2 2 4 0 0 44 3 3
1871 8 0 0 4 0 0 4 0 0
1874 4 0 0 0 0 0 4 0 0
1875 8 1 1 0 0 0 8 0 0
1877 8 0 0 0 0 0 0 0 0
1882 84 2 2 12 0 0 0 0 0
1885 24 0 0 24 0 0 0 0 0
1889 12 0 0 0 0 0 12 0 0
1894 72 1 1 12 0 0 12 1 1
1901 60 0 0 24 0 0 12 1 1
1902 702 2 2 78 0 0 0 0 0
1905 240 0 0 120 0 0 0 0 0
1910 792 1 1 330 0 0 132 0 0
1913 132 0 0 0 0 0 66 0 0
1919 198 0 0 66 0 0 0 0 0
1922 462 1 1 198 0 0 66 0 0
1924 198 0 0 66 0 0 0 0 0
1926 40 0 0 0 0 0 0 0 0
1931 40 1 1 0 0 0 0 0 0
1932 140 0 0 60 0 0 0 0 0
1938 60 1 1 40 0 0 20 0 0
1940 120 0 0 20 0 0 20 0 0
1941 4 0 0 2 0 0 0 0 0
1943 76 1 1 2 0 0 22 0 0
1950 184 0 0 46 0 0 0 0 0
1952 92 0 0 0 0 0 0 0 0
1960 60 0 0 0 0 0 12 0 0
1988 4 0 0 0 0 0 0 0 0
1991 96 2 2 24 0 0 0 0 0
1996 24 0 0 24 0 0 0 0 0
1998 48 0 0 36 0 0 0 0 0
2001 12 0 0 4 0 0 0 0 0
2015 36 0 0 28 0 0 0 0 0
fn=open_verify.constprop.0
1568 770 1 1 0 0 0 420 1 1
1607 210 0 0 70 0 0 0 0 0
1612 132 1 1 0 0 0 0 0 0
1626 350 0 0 0 0 0 70 1 1
1628 140 1 1 0 0 0 0 0 0
1633 4 0 0 0 0 0 0 0 0
1639 4 0 0 0 0 0 4 0 0
1640 4 0 0 0 0 0 4 0 0
1645 40 0 0 4 0 0 8 0 0
1647 8 1 1 0 0 0 0 0 0
1649 8 0 0 4 0 0 4 0 0
1651 8 0 0 0 0 0 0 0 0
1657 8 0 0 0 0 0 0 0 0
1674 65 3 3 23 1 1 0 0 0
1748 8 1 1 4 0 0 0 0 0
1753 8 0 0 4 0 0 0 0 0
1755 16 0 0 4 0 0 0 0 0
1761 8 0 0 4 0 0 0 0 0
1767 20 1 1 4 0 0 0 0 0
1768 16 0 0 4 0 0 0 0 0
1769 6 0 0 3 0 0 0 0 0
1772 16 3 3 1 0 0 0 0 0
1773 9 1 1 1 0 0 2 0 0
1789 243 0 0 1 0 0 0 0 0
1790 102 0 0 47 12 12 0 0 0
1791 32 1 1 8 1 1 0 0 0
1795 32 0 0 16 0 0 0 0 0
1796 18 0 0 6 0 0 0 0 0
1801 4 0 0 0 0 0 0 0 0
1802 32 1 1 2 0 0 0 0 0
1812 28 1 1 6 0 0 8 1 1
1820 72 2 2 20 2 2 0 0 0
1822 8 0 0 0 0 0 0 0 0
1823 72 2 2 24 0 0 0 0 0
1826 24 0 0 0 0 0 0 0 0
1831 2 0 0 0 0 0 0 0 0
1832 16 0 0 6 0 0 0 0 0
1835 4 0 0 0 0 0 0 0 0
1838 6 0 0 2 0 0 0 0 0
1839 10 0 0 2 0 0 0 0 0
1840 4 0 0 2 0 0 0 0 0
1841 6 0 0 2 0 0 0 0 0
1842 6 0 0 2 0 0 0 0 0
1856 630 1 1 490 0 0 0 0 0
fn=open_verify.constprop.1
1568 11 1 1 0 0 0 6 0 0
1607 3 1 1 1 0 0 0 0 0
1626 5 0 0 0 0 0 1 1 1
1628 2 0 0 0 0 0 0 0 0
1633 1 0 0 0 0 0 0 0 0
1639 1 0 0 0 0 0 1 0 0
1640 1 0 0 0 0 0 1 1 1
1645 10 1 1 1 0 0 2 0 0
1647 2 0 0 0 0 0 0 0 0
1649 2 0 0 1 0 0 1 0 0
1651 2 0 0 0 0 0 0 0 0
1657 2 0 0 0 0 0 0 0 0
1674 14 2 2 5 0 0 0 0 0
1748 2 0 0 1 0 0 0 0 0
1753 2 0 0 1 0 0 0 0 0
1755 4 1 1 1 0 0 0 0 0
1761 2 0 0 1 1 1 0 0 0
1767 5 0 0 1 0 0 0 0 0
1768 4 0 0 1 0 0 0 0 0
1769 2 0 0 1 0 0 0 0 0
1789 70 1 1 0 0 0 0 0 0
1790 28 1 1 13 9 9 0 0 0
1791 8 0 0 2 0 0 0 0 0
1795 8 0 0 4 0 0 0 0 0
1796 6 1 1 2 0 0 0 0 0
1820 15 1 1 4 1 1 0 0 0
1822 2 0 0 0 0 0 0 0 0
1823 18 1 1 6 0 0 0 0 0
1826 6 0 0 0 0 0 0 0 0
1832 4 1 1 2 0 0 0 0 0
1856 9 0 0 7 0 0 0 0 0
fl=./elf/./elf/dl-lookup-direct.c
fn=_dl_lookup_direct
32 15 1 1 9 0 0 0 0 0
33 9 0 0 0 0 0 0 0 0
35 6 0 0 3 3 3 0 0 0
36 6 0 0 3 0 0 0 0 0
48 12 0 0 3 0 0 6 0 0
51 6 1 1 6 0 0 0 0 0
53 18 0 0 3 0 0 3 0 0
57 9 0 0 9 2 1 0 0 0
58 21 1 1 9 0 0 0 0 0
59 15 0 0 6 0 0 3 0 0
74 36 2 2 0 0 0 24 0 0
76 6 0 0 3 0 0 0 0 0
78 21 0 0 9 2 0 0 0 0
79 6 1 1 0 0 0 0 0 0
81 12 0 0 3 0 0 3 0 0
84 25 0 0 5 4 3 0 0 0
86 9 0 0 3 0 0 0 0 0
93 6 1 1 0 0 0 0 0 0
115 3 0 0 0 0 0 0 0 0
116 27 0 0 21 0 0 0 0 0
fl=./elf/./elf/dl-lookup.c
fn=_dl_lookup_symbol_x
204 12666 0 0 4222 0 0 4222 0 0
580 4222 0 0 0 0 0 0 0 0
581 370052 0 0 92513 1838 1582 0 0 0
582 361608 2 2 0 0 0 0 0 0
583 2111 0 0 0 0 0 0 0 0
840 29554 4 4 0 0 0 21110 14 6
842 4222 0 0 0 0 0 2111 0 0
843 4222 0 0 0 0 0 2111 0 0
846 2111 0 0 2111 6 3 0 0 0
850 16834 2 2 6315 0 0 2111 7 3
852 12666 2 2 2111 0 0 2111 0 0
853 4222 0 0 2111 0 0 0 0 0
855 4222 0 0 4222 3 0 0 0 0
859 4297 0 0 15 0 0 0 0 0
860 35887 2 2 12666 0 0 14777 7 4
865 6333 0 0 2111 0 0 0 0 0
867 90 1 1 15 0 0 0 0 0
884 2111 2 2 0 0 0 2111 0 0
885 45 1 1 0 0 0 0 0 0
888 4222 0 0 2111 0 0 0 0 0
889 14656 0 0 2092 0 0 0 0 0
896 2096 2 2 2096 0 0 0 0 0
929 8384 0 0 2096 0 0 0 0 0
943 6288 0 0 2096 15 2 0 0 0
944 2 1 1 0 0 0 1 0 0
946 6288 0 0 2096 0 0 0 0 0
953 18999 0 0 14777 0 0 0 0 0
1008 4192 0 0 2096 0 0 0 0 0
fn=check_match
70 27339 2 2 4206 0 0 10515 0 0
73 14721 1 1 4206 272 201 0 0 0
78 2095 1 1 0 0 0 0 0 0
86 10490 0 0 0 0 0 0 0 0
89 4526 0 0 110 0 0 55 4 2
93 2098 0 0 2098 13 2 0 0 0
94 4196 0 0 0 0 0 0 0 0
96 4190 1 1 0 0 0 0 0 0
115 4190 0 0 4190 37 16 0 0 0
116 16760 0 0 6285 15 2 0 0 0
117 10465 2 2 4186 12 1 2093 4 2
118 4 0 0 2 0 0 0 0 0
119 4 0 0 0 0 0 0 0 0
144 6 0 0 0 0 0 0 0 0
146 18 0 0 6 3 1 0 0 0
147 12 0 0 0 0 0 0 0 0
150 2 0 0 0 0 0 0 0 0
151 7 0 0 3 0 0 1 0 0
153 3 0 0 1 0 0 1 0 0
155 13 0 0 0 0 0 0 0 0
162 12618 0 0 12618 0 0 0 0 0
fn=do_lookup_x
170 301 0 0 0 0 0 0 0 0
171 613 2 2 216 0 0 4 0 0
172 940 2 2 250 47 47 0 0 0
174 98 0 0 0 0 0 0 0 0
175 294 0 0 0 0 0 0 0 0
176 528 1 1 0 0 0 0 0 0
179 152 0 0 0 0 0 152 0 0
180 152 0 0 0 0 0 152 0 0
182 152 0 0 0 0 0 152 43 35
183 70 0 0 0 0 0 0 0 0
222 488 1 1 122 0 0 122 0 0
224 1342 1 1 244 2 0 488 0 0
226 366 0 0 122 2 1 122 0 0
227 122 0 0 122 0 0 0 0 0
228 366 0 0 122 0 0 0 0 0
230 2684 2 2 308 0 0 484 0 0
231 726 0 0 0 0 0 0 0 0
234 759 0 0 253 67 25 0 0 0
235 413 0 0 293 0 0 40 0 0
237 200 1 1 120 0 0 0 0 0
247 40 0 0 40 0 0 0 0 0
248 80 0 0 80 0 0 0 0 0
250 160 0 0 80 0 0 120 0 0
251 40 0 0 0 0 0 0 0 0
254 426 0 0 0 0 0 0 0 0
257 132 0 0 0 0 0 0 0 0
258 396 0 0 0 0 0 0 0 0
259 132 1 1 0 0 0 0 0 0
262 1134 0 0 405 0 0 0 0 0
269 10 1 1 0 0 0 4 0 0
272 4 0 0 0 0 0 0 0 0
279 286 1 1 2 0 0 0 0 0
280 276 0 0 92 4 1 0 0 0
281 350 1 1 210 7 0 0 0 0
285 16 0 0 6 0 0 4 0 0
286 2 0 0 0 0 0 2 0 0
288 2 0 0 0 0 0 2 0 0
289 6 1 1 4 0 0 2 0 0
305 3 1 1 0 0 0 1 0 0
313 2 0 0 1 0 0 0 0 0
315 2 0 0 0 0 0 0 0 0
318 1 0 0 0 0 0 1 0 0
319 1 1 1 0 0 0 1 0 0
320 2 0 0 1 0 0 1 0 0
323 574 0 0 246 0 0 0 0 0
324 492 1 1 164 0 0 0 0 0
331 328 0 0 82 0 0 0 0 0
342 410 1 1 164 0 0 0 0 0
347 164 0 0 164 1 0 82 0 0
349 328 0 0 164 0 0 82 0 0
363 27443 3 3 4222 0 0 18999 14 7
364 2111 0 0 2111 6 3 0 0 0
370 2111 0 0 2111 0 0 0 0 0
374 13266 2 2 13266 36 13 0 0 0
377 13266 0 0 0 0 0 0 0 0
381 25942 2 2 2116 0 0 6333 7 4
385 13264 0 0 6632 28 9 0 0 0
389 13264 2 2 6632 3 0 0 0 0
395 19896 2 2 6632 11 4 0 0 0
399 6632 0 0 0 0 0 6632 0 0
400 6632 0 0 0 0 0 6632 0 0
403 33160 0 0 19896 64 20 0 0 0
404 19896 2 2 13264 14 2 6632 0 0
407 6632 0 0 6632 0 0 0 0 0
408 13264 0 0 0 0 0 0 0 0
410 6632 0 0 6632 780 130 0 0 0
411 6333 0 0 0 0 0 2111 0 0
412 13264 0 0 13264 0 0 0 0 0
415 33160 0 0 13264 0 0 0 0 0
418 46424 0 0 0 0 0 0 0 0
421 4284 0 0 4284 1055 197 0 0 0
422 8568 2 2 0 0 0 0 0 0
423 4284 0 0 0 0 0 0 0 0
425 25644 2 2 6411 0 0 10685 0 0
428 26410 1 1 5282 1588 463 0 0 0
430 6309 0 0 2103 0 0 0 0 0
431 29442 2 2 10515 0 0 12618 8 4
432 4206 0 0 0 0 0 0 0 0
435 6309 0 0 0 0 0 0 0 0
438 9577 0 0 8 0 0 0 0 0
452 16760 2 2 10475 0 0 0 0 0
469 85 1 1 43 0 0 0 0 0
471 2 0 0 0 0 0 0 0 0
477 4192 2 2 2096 0 0 0 0 0
528 4192 0 0 0 0 0 0 0 0
535 10756 0 0 2096 0 0 0 0 0
539 4326 1 1 1442 3 0 0 0 0
551 3948 0 0 1974 0 0 1974 0 0
552 1974 0 0 0 0 0 1974 0 0
553 4192 0 0 0 0 0 0 0 0
570 13611 0 0 0 0 0 0 0 0
573 15 0 0 0 0 0 0 0 0
574 16888 1 1 14777 0 0 0 0 0
fl=./elf/./elf/dl-minimal-malloc.c
fn=__minimal_calloc
78 85 2 2 0 0 0 0 0 0
82 17 0 0 0 0 0 0 0 0
85 17 0 0 0 0 0 0 0 0
86 51 0 0 0 0 0 0 0 0
fn=__minimal_free
95 10 0 0 0 0 0 0 0 0
97 40 2 1 20 0 0 0 0 0
fn=__minimal_malloc
35 225 1 1 0 0 0 90 0 0
36 135 0 0 45 4 1 0 0 0
41 3 0 0 0 0 0 1 0 0
42 2 1 1 1 0 0 0 0 0
43 2 0 0 0 0 0 0 0 0
47 180 1 1 45 0 0 45 0 0
50 303 0 0 0 0 0 0 0 0
55 12 1 1 3 0 0 0 0 0
56 12 0 0 0 0 0 0 0 0
58 3 0 0 0 0 0 0 0 0
59 24 0 0 0 0 0 3 1 1
61 6 0 0 0 0 0 0 0 0
63 6 0 0 3 0 0 0 0 0
65 8 0 0 0 0 0 3 0 0
68 46 0 0 1 0 0 45 4 1
69 49 0 0 0 0 0 45 0 0
71 180 0 0 135 0 0 0 0 0
fl=./elf/./elf/dl-minimal.c
fn=__rtld_malloc_init_real
76 8 1 1 0 0 0 5 0 0
86 2 0 0 0 0 0 1 0 0
87 1 0 0 0 0 0 1 0 0
89 1 0 0 0 0 0 1 0 0
91 6 0 0 0 0 0 1 0 0
92 5 1 1 0 0 0 1 0 0
93 5 0 0 0 0 0 1 0 0
94 4 0 0 0 0 0 1 0 0
99 1 0 0 0 0 0 1 0 0
100 1 0 0 0 0 0 1 0 0
101 1 1 1 0 0 0 1 0 0
102 1 0 0 0 0 0 1 0 0
103 7 0 0 6 0 0 0 0 0
fn=__rtld_malloc_init_stubs
42 1 1 1 0 0 0 0 0 0
43 2 0 0 0 0 0 1 1 1
44 2 0 0 0 0 0 1 0 0
45 2 1 1 0 0 0 1 0 0
46 2 0 0 0 0 0 1 0 0
47 1 0 0 1 0 0 0 0 0
fn=lookup_malloc_symbol
61 28 1 1 0 0 0 12 0 0
63 4 0 0 0 0 0 4 0 0
64 28 1 1 4 0 0 12 0 0
68 28 0 0 16 0 0 0 0 0
69 28 0 0 12 0 0 0 0 0
71 4 1 1 0 0 0 4 0 0
72 20 0 0 16 0 0 0 0 0
fn=strsep
239 4 1 1 0 0 0 0 0 0
242 8 0 0 4 1 1 0 0 0
244 4 0 0 4 0 0 0 0 0
245 8 0 0 0 0 0 0 0 0
249 241 1 1 47 0 0 0 0 0
254 180 0 0 90 0 0 0 0 0
256 264 0 0 88 1 1 0 0 0
260 4 0 0 0 0 0 2 0 0
264 44 0 0 0 0 0 0 0 0
267 3 0 0 0 0 0 3 0 0
271 8 0 0 4 0 0 0 0 0
fl=./elf/./elf/dl-misc.c
fn=_dl_higher_prime_number
87 2 1 1 0 0 0 0 0 0
124 2 0 0 0 0 0 0 0 0
125 2 0 0 0 0 0 0 0 0
127 26 1 1 0 0 0 0 0 0
129 80 0 0 0 0 0 0 0 0
130 37 0 0 10 4 2 0 0 0
131 6 0 0 0 0 0 0 0 0
145 2 0 0 2 0 0 0 0 0
146 2 0 0 2 0 0 0 0 0
fn=_dl_name_match_p
68 630 1 1 0 0 0 210 0 0
69 420 0 0 105 0 0 105 1 1
70 18 0 0 0 0 0 0 0 0
72 105 0 0 105 0 0 0 0 0
74 416 0 0 0 0 0 0 0 0
75 605 1 1 121 0 0 121 0 0
80 103 0 0 103 0 0 0 0 0
82 87 0 0 0 0 0 0 0 0
83 420 0 0 315 0 0 0 0 0
fn=_dl_sysdep_read_whole_file
36 9 1 1 0 0 0 4 0 0
39 3 0 0 0 0 0 1 0 0
40 2 0 0 0 0 0 0 0 0
42 6 1 1 0 0 0 1 0 0
44 2 0 0 1 0 0 1 1 1
47 2 0 0 0 0 0 0 0 0
49 8 0 0 0 0 0 1 0 0
60 3 0 0 0 0 0 1 0 0
63 7 0 0 5 0 0 0 0 0
fl=./elf/./elf/dl-object.c
fn=_dl_add_to_namespace_list
31 36 2 2 0 0 0 18 1 1
33 18 0 0 6 0 0 6 0 0
35 47 0 0 6 0 0 0 0 0
38 80 0 0 20 0 0 0 0 0
40 5 0 0 0 0 0 5 0 0
42 5 0 0 0 0 0 5 0 0
45 2 0 0 0 0 0 1 0 0
46 18 1 1 6 0 0 0 0 0
47 12 0 0 6 0 0 6 0 0
48 12 0 0 0 0 0 6 0 0
50 12 0 0 6 0 0 0 0 0
51 18 0 0 18 0 0 0 0 0
fn=_dl_new_object
59 84 1 1 0 0 0 48 3 3
62 12 1 1 0 0 0 0 0 0
64 2 2 2 0 0 0 0 0 0
66 3 0 0 1 0 0 0 0 0
67 2 1 1 0 0 0 0 0 0
71 2 0 0 0 0 0 0 0 0
77 5 0 0 0 0 0 1 1 1
80 10 0 0 5 0 0 5 0 0
83 20 0 0 0 0 0 5 0 0
87 10 0 0 0 0 0 0 0 0
92 11 0 0 0 0 0 6 0 0
95 12 0 0 0 0 0 0 0 0
98 6 0 0 0 0 0 6 4 4
99 6 0 0 0 0 0 6 6 6
100 12 0 0 6 0 0 0 0 0
103 12 0 0 0 0 0 6 2 2
104 42 1 1 12 0 0 18 3 3
106 6 0 0 0 0 0 6 0 0
119 22 0 0 11 0 0 0 0 0
125 1 0 0 0 0 0 0 0 0
127 42 1 1 12 6 6 12 0 0
130 12 0 0 6 0 0 0 0 0
131 17 1 1 0 0 0 6 6 6
132 6 0 0 0 0 0 6 0 0
136 6 0 0 0 0 0 6 0 0
139 75 1 1 7 0 0 0 0 0
141 16 0 0 0 0 0 16 4 4
149 12 1 1 0 0 0 6 0 0
150 6 0 0 0 0 0 6 6 6
153 1 1 1 0 0 0 0 0 0
155 36 0 0 6 1 1 0 0 0
157 20 0 0 0 0 0 5 1 1
160 14 0 0 0 0 0 0 0 0
164 24 0 0 6 0 0 0 0 0
168 30 1 1 5 0 0 0 0 0
176 2 1 1 0 0 0 1 0 0
179 12 0 0 0 0 0 6 3 3
189 18 0 0 6 0 0 0 0 0
191 25 1 1 0 0 0 15 0 0
195 15 0 0 0 0 0 0 0 0
200 20 0 0 0 0 0 0 0 0
208 5 0 0 0 0 0 0 0 0
212 5 0 0 0 0 0 0 0 0
245 20 0 0 5 0 0 5 0 0
250 168 0 0 0 0 0 0 0 0
251 168 0 0 84 0 0 0 0 0
253 10 0 0 0 0 0 0 0 0
256 5 0 0 0 0 0 5 0 0
259 5 0 0 0 0 0 5 4 4
263 54 1 1 42 0 0 0 0 0
fl=./elf/./elf/dl-reloc.c
fn=_dl_relocate_object
194 91 1 1 0 0 0 56 1 0
204 12 0 0 0 0 0 0 0 0
205 21 0 0 0 0 0 14 0 0
208 14 0 0 0 0 0 7 0 0
210 21 1 1 0 0 0 0 0 0
212 7 0 0 7 0 0 0 0 0
213 21 0 0 7 3 0 0 0 0
232 14 1 1 7 0 0 0 0 0
238 35 0 0 14 0 0 0 0 0
239 14 1 1 7 7 0 0 0 0
240 2 0 0 0 0 0 0 0 0
242 14 0 0 0 0 0 0 0 0
249 28 2 2 7 1 0 7 0 0
288 410 7 7 177 33 0 52 1 0
291 42 0 0 14 0 0 0 0 0
308 3218 1 1 0 0 0 0 0 0
315 7 0 0 7 1 0 0 0 0
318 14 0 0 7 0 0 0 0 0
335 21 0 0 7 5 0 0 0 0
337 56 0 0 49 3 0 0 0 0
343 42 2 2 21 2 0 0 0 0
346 14 0 0 0 0 0 0 0 0
350 14 0 0 0 0 0 0 0 0
351 42 0 0 0 0 0 7 1 0
fl=./elf/./elf/dl-runtime.c
fn=_dl_fixup
46 72 3 3 0 0 0 36 0 0
48 45 0 0 36 10 10 0 0 0
49 27 0 0 18 2 2 0 0 0
54 9 0 0 9 3 2 0 0 0
55 36 2 2 9 5 3 0 0 0
56 63 0 0 9 9 3 9 0 0
58 18 0 0 9 0 0 0 0 0
63 18 0 0 0 0 0 0 0 0
67 18 0 0 9 9 7 0 0 0
69 36 0 0 9 6 3 0 0 0
71 27 2 2 9 6 3 0 0 0
75 27 0 0 18 11 6 0 0 0
76 36 0 0 9 2 2 0 0 0
84 9 0 0 0 0 0 0 0 0
85 27 0 0 9 0 0 0 0 0
87 1 1 1 0 0 0 1 0 0
88 1 0 0 0 0 0 0 0 0
95 99 1 1 18 4 3 27 4 3
99 45 2 2 27 0 0 0 0 0
100 4 1 1 2 0 0 0 0 0
109 90 0 0 36 1 1 9 0 0
124 36 0 0 9 0 0 0 0 0
133 27 2 2 9 2 2 0 0 0
159 27 0 0 9 3 3 0 0 0
163 54 0 0 45 0 0 0 0 0
fl=./elf/./elf/dl-setup_hash.c
fn=_dl_setup_hash
25 14 1 1 0 0 0 0 0 0
28 21 1 1 7 0 0 0 0 0
31 21 0 0 14 0 0 0 0 0
32 14 0 0 7 5 5 7 1 1
33 7 0 0 7 0 0 0 0 0
34 7 0 0 7 0 0 0 0 0
36 21 0 0 0 0 0 0 0 0
37 7 0 0 0 0 0 7 0 0
38 21 0 0 7 0 0 7 0 0
40 28 1 1 0 0 0 7 0 0
41 14 0 0 0 0 0 0 0 0
45 21 0 0 0 0 0 7 0 0
50 7 0 0 7 0 0 0 0 0
fl=./elf/./elf/dl-sort-maps.c
fn=_dl_sort_maps
145 58 0 0 14 0 0 10 1 0
186 2 0 0 0 0 0 0 0 0
187 50 0 0 0 0 0 0 0 0
188 28 0 0 28 0 0 0 0 0
223 38 6 6 2 1 1 0 0 0
228 4 0 0 0 0 0 2 0 0
230 2 0 0 0 0 0 2 0 0
231 16 0 0 0 0 0 0 0 0
233 36 0 0 0 0 0 0 0 0
235 14 2 2 14 0 0 0 0 0
238 28 0 0 14 0 0 0 0 0
256 4 0 0 2 0 0 0 0 0
269 2 2 2 0 0 0 0 0 0
276 10 2 2 0 0 0 2 0 0
290 22 4 3 0 0 0 14 0 0
298 6 0 0 2 2 1 0 0 0
302 18 4 4 14 0 0 0 0 0
fn=_dl_sort_maps_init
281 2 1 1 0 0 0 0 0 0
282 4 0 0 0 0 0 1 0 0
283 1 0 0 0 0 0 1 0 0
284 3 0 0 1 0 0 0 0 0
285 2 0 0 1 0 0 0 0 0
fn=dfs_traversal.part.0
140 112 2 2 0 0 0 56 2 0
145 20 2 2 4 0 0 4 0 0
148 14 2 2 14 0 0 0 0 0
150 42 0 0 14 5 5 0 0 0
152 184 0 0 48 6 6 0 0 0
155 66 0 0 33 0 0 0 0 0
161 49 0 0 7 0 0 0 0 0
176 42 0 0 14 0 0 14 0 0
177 14 0 0 0 0 0 14 0 0
178 84 0 0 70 0 0 0 0 0
fl=./elf/./elf/dl-tunables.c
fn=__GI___tunable_set_val
102 45 1 1 5 0 0 0 0 0
111 5 0 0 5 0 0 0 0 0
112 25 0 0 10 0 0 0 0 0
113 40 1 1 10 0 0 0 0 0
116 15 0 0 0 0 0 0 0 0
119 10 0 0 0 0 0 0 0 0
123 10 0 0 0 0 0 0 0 0
130 10 1 1 0 0 0 0 0 0
131 10 0 0 0 0 0 0 0 0
134 30 0 0 0 0 0 5 0 0
135 5 0 0 0 0 0 5 0 0
136 5 0 0 0 0 0 5 0 0
137 5 0 0 0 0 0 5 0 0
157 25 1 1 0 0 0 0 0 0
161 5 0 0 5 0 0 0 0 0
fn=__GI___tunables_init
71 170 0 0 34 0 0 0 0 0
74 66 0 0 0 0 0 0 0 0
77 2492 1 1 356 16 16 0 0 0
81 66 1 1 0 0 0 0 0 0
86 132 0 0 0 0 0 0 0 0
273 7 0 0 1 0 0 0 0 0
282 9 2 2 0 0 0 6 1 1
305 4620 0 0 0 0 0 0 0 0
311 7260 1 1 2310 35 35 0 0 0
323 132 0 0 33 0 0 0 0 0
357 8 0 0 7 0 0 0 0 0
fn=__tunable_get_val
405 36 1 1 0 0 0 0 0 0
408 390 1 1 36 28 17 0 0 0
417 46 0 0 36 3 0 10 0 0
427 26 0 0 0 0 0 26 0 0
428 26 0 0 0 0 0 0 0 0
434 180 0 0 36 7 0 0 0 0
436 36 1 1 36 0 0 0 0 0
fl=./elf/./elf/dl-tunables.h
fn=__GI___tunable_set_val
121 10 0 0 0 0 0 0 0 0
122 5 0 0 0 0 0 0 0 0
131 20 1 1 0 0 0 0 0 0
fn=__GI___tunables_init
140 580 0 0 388 1 1 0 0 0
141 1436 1 1 0 0 0 0 0 0
fl=./elf/./elf/dl-version.c
fn=_dl_check_all_versions
361 6 1 1 0 0 0 4 0 0
363 2 0 0 0 0 0 0 0 0
365 26 0 0 7 0 0 0 0 0
366 7 0 0 0 0 0 0 0 0
367 63 1 1 7 0 0 7 0 0
370 7 0 0 5 0 0 0 0 0
fn=_dl_check_map_versions
36 167 1 1 22 0 0 0 0 0
37 45 0 0 45 0 0 0 0 0
38 280 1 1 0 0 0 56 0 0
56 152 0 0 114 0 0 0 0 0
64 114 1 1 38 0 0 0 0 0
70 114 0 0 38 1 0 0 0 0
86 38 0 0 38 1 0 0 0 0
87 76 0 0 0 0 0 0 0 0
89 38 0 0 38 0 0 0 0 0
94 1290 1 1 512 29 29 76 0 0
108 1024 0 0 512 7 7 0 0 0
110 38 1 1 38 1 1 0 0 0
113 315 0 0 49 1 0 38 0 0
120 1422 0 0 474 7 7 0 0 0
124 474 0 0 0 0 0 0 0 0
142 22 0 0 0 0 0 22 0 0
155 70 2 2 0 0 0 56 1 0
156 7 0 0 0 0 0 7 0 0
164 7 1 1 0 0 0 0 0 0
170 21 0 0 7 0 0 0 0 0
172 35 0 0 14 1 0 7 0 0
174 14 0 0 7 2 0 7 0 0
175 14 1 1 7 0 0 7 0 0
177 14 0 0 0 0 0 0 0 0
180 15 0 0 10 0 0 5 0 0
184 15 0 0 5 4 4 0 0 0
197 6 0 0 0 0 0 0 0 0
198 6 0 0 0 0 0 0 0 0
200 22 0 0 22 0 0 0 0 0
208 33 0 0 11 0 0 0 0 0
213 44 0 0 22 1 1 0 0 0
217 334 1 1 278 0 0 0 0 0
219 38 0 0 38 5 5 0 0 0
221 103 0 0 38 5 5 38 0 0
224 152 1 1 38 0 0 0 0 0
227 114 0 0 38 0 0 0 0 0
232 27 0 0 0 0 0 0 0 0
236 44 1 1 22 0 0 0 0 0
241 12 0 0 0 0 0 6 0 0
250 15 2 2 7 0 0 0 0 0
253 20 0 0 15 0 0 0 0 0
256 484 0 0 121 15 15 0 0 0
259 363 0 0 121 8 8 0 0 0
263 116 0 0 0 0 0 0 0 0
267 12 1 1 0 0 0 0 0 0
272 6 0 0 0 0 0 6 1 0
273 12 0 0 0 0 0 0 0 0
274 12 0 0 0 0 0 0 0 0
284 6 0 0 0 0 0 6 0 0
287 30 1 1 18 1 0 6 1 0
289 18 0 0 6 0 0 0 0 0
292 20 0 0 15 0 0 0 0 0
294 6 0 0 0 0 0 0 0 0
296 33 0 0 11 0 0 0 0 0
299 114 2 2 38 0 0 0 0 0
301 152 0 0 0 0 0 0 0 0
303 190 0 0 38 0 0 38 0 0
304 76 0 0 0 0 0 38 14 14
305 114 0 0 38 0 0 38 4 4
306 114 0 0 38 0 0 38 1 1
309 114 0 0 38 0 0 0 0 0
314 27 0 0 0 0 0 0 0 0
317 33 0 0 11 0 0 0 0 0
322 6 0 0 0 0 0 0 0 0
327 18 1 1 6 0 0 0 0 0
330 20 0 0 15 0 0 0 0 0
334 116 0 0 116 0 0 0 0 0
336 242 0 0 121 0 0 0 0 0
340 116 0 0 116 0 0 0 0 0
341 580 0 0 116 0 0 116 30 30
342 348 0 0 116 0 0 116 0 0
343 116 0 0 0 0 0 116 14 14
346 363 0 0 121 0 0 0 0 0
350 116 0 0 0 0 0 0 0 0
356 63 1 1 56 0 0 0 0 0
fl=./elf/./elf/do-rel.h
fn=_dl_relocate_object
49 42 0 0 14 0 0 14 0 0
50 14 1 1 7 0 0 0 0 0
52 10 0 0 0 0 0 6 0 0
53 12 1 1 0 0 0 8 2 0
60 42 0 0 14 0 0 0 0 0
63 3551 1 1 4 0 0 0 0 0
65 4692 1 1 1173 439 439 0 0 0
67 171 0 0 0 0 0 0 0 0
76 24 0 0 0 0 0 0 0 0
77 193 0 0 2 0 0 0 0 0
78 114 0 0 57 0 0 0 0 0
86 60 1 1 30 1 0 10 0 0
88 20 0 0 0 0 0 0 0 0
100 30 1 1 0 0 0 0 0 0
110 16 0 0 0 0 0 0 0 0
113 6340 0 0 0 0 0 0 0 0
114 4212 0 0 2106 267 265 0 0 0
120 40 0 0 10 7 0 10 2 0
124 32 0 0 16 4 0 8 0 0
126 10213 1 1 3407 0 0 0 0 0
128 16995 0 0 10197 2035 1090 0 0 0
129 13596 0 0 3399 0 0 3399 2 0
130 10197 1 1 6798 0 0 3399 0 0
131 13596 0 0 3399 2 0 0 0 0
133 10197 1 1 0 0 0 0 0 0
135 10 1 1 2 0 0 4 1 0
138 2 0 0 0 0 0 0 0 0
142 3397 0 0 0 0 0 3397 0 0
145 10248 2 2 3397 0 0 0 0 0
146 57 1 1 19 0 0 0 0 0
158 30 1 1 12 0 0 0 0 0
159 16 1 1 2 0 0 0 0 0
160 6 1 1 2 0 0 0 0 0
163 6 0 0 4 0 0 0 0 0
165 8 0 0 2 0 0 2 0 0
166 2 0 0 2 0 0 0 0 0
167 6 0 0 4 0 0 2 0 0
175 25 0 0 8 0 0 1 0 0
177 42 1 1 12 1 1 6 0 0
178 12 0 0 12 0 0 0 0 0
180 18 0 0 0 0 0 0 0 0
188 6 0 0 0 0 0 6 0 0
191 18 0 0 6 0 0 0 0 0
205 4 0 0 1 0 0 0 0 0
fn=_dl_start
49 4 0 0 2 0 0 0 0 0
50 1 0 0 1 0 0 0 0 0
86 10 0 0 4 0 0 0 0 0
88 4 0 0 0 0 0 0 0 0
113 431 0 0 0 0 0 0 0 0
114 284 1 1 142 18 18 0 0 0
118 4 0 0 2 0 0 0 0 0
126 28 0 0 0 0 0 0 0 0
128 21 1 1 7 2 2 0 0 0
129 14 0 0 0 0 0 0 0 0
130 14 0 0 7 0 0 0 0 0
fl=./elf/./elf/get-dynamic-info.h
fn=_dl_map_object_from_fd
39 10 0 0 0 0 0 0 0 0
43 5 0 0 0 0 0 0 0 0
45 499 0 0 126 36 36 0 0 0
49 242 0 0 0 0 0 0 0 0
54 129 1 1 0 0 0 0 0 0
55 88 0 0 0 0 0 0 0 0
56 25 0 0 0 0 0 0 0 0
58 5 0 0 0 0 0 0 0 0
59 25 1 1 0 0 0 0 0 0
61 5 0 0 0 0 0 0 0 0
62 25 2 2 0 0 0 0 0 0
64 25 0 0 0 0 0 0 0 0
68 121 0 0 0 0 0 121 28 28
72 20 0 0 5 0 0 0 0 0
82 17 1 1 7 0 0 0 0 0
83 20 0 0 10 0 0 0 0 0
84 20 0 0 10 0 0 0 0 0
85 20 0 0 10 0 0 0 0 0
87 20 0 0 10 0 0 0 0 0
92 19 1 1 9 1 1 0 0 0
93 19 0 0 9 1 1 0 0 0
94 20 0 0 10 0 0 0 0 0
97 15 0 0 5 0 0 0 0 0
102 8 0 0 4 0 0 0 0 0
109 10 1 1 5 0 0 0 0 0
110 15 0 0 10 0 0 0 0 0
132 15 0 0 5 1 1 0 0 0
137 4 0 0 2 0 0 2 0 0
139 4 0 0 0 0 0 0 0 0
141 4 0 0 0 0 0 0 0 0
143 4 0 0 0 0 0 0 0 0
147 15 1 1 5 0 0 0 0 0
149 3 0 0 1 0 0 1 0 0
150 2 0 0 0 0 0 0 0 0
159 2 1 1 1 0 0 0 0 0
160 3 1 1 0 0 0 0 0 0
165 2 0 0 0 0 0 0 0 0
169 10 0 0 5 0 0 0 0 0
fl=./elf/./elf/libc_early_init.c
fn=__libc_early_init
33 7 1 1 1 0 0 2 0 0
35 1 0 0 0 0 0 1 0 0
38 2 1 1 1 1 0 1 1 1
41 1 0 0 0 0 0 1 1 1
47 4 0 0 2 0 0 0 0 0
49 2 0 0 1 0 0 0 0 0
fl=./elf/./elf/rtld.c
fn=_dl_start
85 8 1 1 0 0 0 2 1 1
488 3 0 0 0 0 0 1 0 0
489 1 0 0 0 0 0 1 0 0
490 6 0 0 0 0 0 1 0 0
492 2 1 1 0 0 0 1 1 1
501 1 0 0 0 0 0 1 0 0
507 4 1 0 1 0 0 1 0 0
509 2 0 0 1 0 0 0 0 0
527 10 2 2 0 0 0 7 2 2
553 1 0 0 0 0 0 1 1 1
556 2 1 1 0 0 0 1 1 1
557 1 0 0 1 1 1 0 0 0
573 56 3 3 12 0 0 8 1 1
575 1 1 1 1 0 0 0 0 0
588 1 0 0 0 0 0 1 0 0
592 2 0 0 0 0 0 1 0 0
607 9 0 0 7 2 0 0 0 0
fn=dl_main
85 16 3 3 0 0 0 1 0 0
92 12 1 1 0 0 0 0 0 0
93 2 0 0 1 0 0 1 0 0
101 7 0 0 3 0 0 0 0 0
205 2 0 0 0 0 0 1 0 0
207 1 1 1 0 0 0 1 0 0
232 2 1 1 2 1 1 0 0 0
233 4 1 1 3 0 0 0 0 0
234 4 0 0 0 0 0 0 0 0
304 3 0 0 0 0 0 3 0 0
310 1 0 0 0 0 0 1 0 0
311 2 0 0 0 0 0 1 0 0
862 1 0 0 1 0 0 0 0 0
864 1 1 1 0 0 0 1 0 0
870 1 0 0 1 0 0 0 0 0
873 1 0 0 0 0 0 1 0 0
875 1 0 0 0 0 0 1 0 0
880 1 0 0 0 0 0 1 0 0
1140 2 0 0 1 0 0 1 0 0
1143 1 0 0 0 0 0 1 0 0
1146 1 0 0 0 0 0 1 0 0
1148 2 0 0 1 1 1 1 1 1
1150 1 0 0 1 0 0 0 0 0
1151 1 0 0 1 0 0 0 0 0
1166 1 0 0 0 0 0 0 0 0
1169 46 4 4 2 0 0 0 0 0
1170 117 1 1 22 7 7 0 0 0
1174 3 1 1 2 0 0 1 0 0
1179 3 1 1 2 0 0 1 0 0
1180 9 0 0 2 0 0 1 0 0
1189 2 0 0 0 0 0 1 0 0
1190 2 0 0 2 1 1 0 0 0
1192 1 0 0 0 0 0 1 0 0
1199 3 1 1 1 0 0 0 0 0
1211 1 0 0 0 0 0 0 0 0
1217 1 0 0 0 0 0 1 0 0
1225 8 0 0 4 0 0 0 0 0
1226 18 2 2 5 1 1 0 0 0
1227 8 0 0 4 0 0 0 0 0
1228 1 0 0 0 0 0 1 0 0
1230 12 0 0 4 0 0 0 0 0
1231 14 1 1 0 0 0 0 0 0
1235 8 0 0 4 3 3 0 0 0
1236 8 0 0 4 0 0 0 0 0
1237 4 0 0 0 0 0 4 0 0
1238 10 0 0 5 0 0 0 0 0
1239 1 0 0 0 0 0 1 0 0
1243 12 1 1 0 0 0 0 0 0
1271 2 0 0 1 0 0 1 1 1
1275 4 0 0 2 1 1 1 0 0
1277 1 0 0 0 0 0 0 0 0
1281 26 0 0 13 0 0 0 0 0
1282 61 1 1 13 0 0 0 0 0
1288 17 0 0 0 0 0 1 0 0
1294 3 0 0 1 1 1 0 0 0
1297 4 0 0 2 0 0 0 0 0
1299 3 1 1 1 0 0 0 0 0
1301 2 0 0 1 0 0 0 0 0
1320 14 2 2 0 0 0 10 1 1
1325 1 0 0 0 0 0 0 0 0
1326 1 0 0 0 0 0 1 0 0
1332 1 0 0 0 0 0 1 1 1
1348 3 0 0 2 0 0 1 0 0
1349 4 1 1 2 0 0 0 0 0
1627 10 2 2 0 0 0 2 0 0
1629 2 0 0 0 0 0 0 0 0
1630 2 0 0 1 0 0 1 0 0
1631 2 0 0 1 0 0 1 0 0
1632 3 1 1 2 0 0 1 0 0
1636 3 0 0 0 0 0 1 0 0
1637 2 0 0 1 0 0 0 0 0
1662 3 0 0 1 0 0 0 0 0
1663 6 0 0 2 0 0 1 0 0
1664 3 1 1 2 0 0 0 0 0
1665 3 0 0 3 0 0 0 0 0
1668 1 0 0 0 0 0 1 0 0
1670 1 0 0 0 0 0 1 1 1
1671 1 1 1 0 0 0 1 1 1
1673 2 0 0 1 0 0 0 0 0
1674 2 0 0 0 0 0 1 0 0
1678 2 0 0 1 0 0 0 0 0
1680 2 0 0 1 0 0 0 0 0
1688 3 0 0 1 0 0 0 0 0
1695 2 1 1 0 0 0 1 0 0
1698 2 0 0 1 0 0 0 0 0
1723 9 0 0 1 0 0 2 0 0
1731 4 0 0 1 0 0 2 0 0
1733 1 0 0 0 0 0 1 0 0
1738 2 0 0 1 0 0 0 0 0
1741 4 1 1 2 0 0 1 0 0
1742 4 0 0 1 0 0 1 0 0
1743 2 0 0 0 0 0 1 0 0
1744 1 0 0 0 0 0 1 0 0
1745 1 1 1 1 0 0 0 0 0
1746 1 0 0 1 0 0 0 0 0
1751 2 0 0 1 0 0 0 0 0
1752 3 1 1 1 0 0 1 0 0
1764 2 0 0 1 1 1 0 0 0
1765 2 0 0 1 0 0 0 0 0
1767 2 0 0 1 0 0 0 0 0
1769 1 0 0 0 0 0 1 0 0
1770 3 1 1 1 0 0 1 0 0
1775 5 0 0 0 0 0 0 0 0
1776 5 0 0 1 1 1 0 0 0
1778 4 1 1 2 1 1 1 1 1
1784 2 0 0 1 1 1 0 0 0
1786 3 1 1 2 0 0 0 0 0
1793 2 1 1 1 0 0 0 0 0
1797 1 1 1 0 0 0 1 0 0
1798 2 0 0 1 0 0 0 0 0
1822 2 0 0 0 0 0 2 0 0
1828 2 0 0 1 0 0 1 0 0
1829 1 0 0 0 0 0 1 0 0
1830 1 1 1 0 0 0 0 0 0
1834 3 0 0 0 0 0 1 0 0
1839 3 0 0 2 0 0 0 0 0
1841 1 0 0 0 0 0 0 0 0
1843 2 0 0 1 0 0 0 0 0
1847 5 0 0 1 0 0 1 0 0
1852 2 0 0 1 0 0 0 0 0
1868 6 1 1 0 0 0 1 0 0
1944 4 0 0 2 0 0 0 0 0
1948 19 3 3 1 0 0 0 0 0
1949 1 0 0 0 0 0 0 0 0
1952 3 0 0 0 0 0 1 0 0
1953 1 0 0 1 0 0 0 0 0
1954 2 0 0 0 0 0 0 0 0
1955 2 0 0 0 0 0 0 0 0
1960 3 0 0 1 0 0 0 0 0
1970 8 0 0 1 0 0 1 0 0
1976 31 1 1 1 0 0 0 0 0
1977 17 0 0 15 0 0 0 0 0
1980 4 0 0 3 0 0 1 0 0
1981 3 1 1 1 0 0 0 0 0
1982 1 0 0 0 0 0 1 0 0
1984 19 0 0 0 0 0 0 0 0
1985 19 1 1 6 0 0 0 0 0
1995 1 0 0 0 0 0 1 0 0
1997 3 0 0 1 0 0 1 0 0
1998 2 0 0 0 0 0 0 0 0
2000 2 0 0 0 0 0 1 0 0
2002 4 0 0 1 0 0 0 0 0
2004 3 0 0 1 1 0 0 0 0
2005 1 0 0 1 0 0 0 0 0
2006 2 1 1 0 0 0 0 0 0
2018 2 0 0 0 0 0 0 0 0
2019 2 0 0 0 0 0 1 0 0
2020 3 0 0 1 0 0 0 0 0
2022 2 1 1 1 0 0 0 0 0
2023 2 0 0 0 0 0 1 0 0
2031 4 0 0 0 0 0 1 1 1
2032 4 0 0 0 0 0 1 0 0
2033 5 1 1 0 0 0 1 0 0
2043 2 0 0 1 1 0 1 0 0
2044 2 0 0 0 0 0 0 0 0
2045 4 1 1 0 0 0 1 0 0
2047 2 0 0 1 0 0 0 0 0
2052 3 0 0 1 0 0 0 0 0
2282 3 0 0 1 1 0 0 0 0
2331 1 0 0 1 0 0 0 0 0
2338 2 0 0 0 0 0 1 0 0
2342 2 1 1 1 0 0 1 0 0
2348 2 0 0 1 0 0 1 0 0
2351 2 0 0 0 0 0 0 0 0
2359 2 0 0 2 0 0 0 0 0
2361 2 0 0 0 0 0 0 0 0
2415 3 1 1 1 0 0 0 0 0
2418 1 1 1 1 0 0 0 0 0
2422 1 0 0 1 0 0 0 0 0
2423 35 2 2 1 1 0 1 0 0
2425 14 0 0 14 4 0 0 0 0
2430 14 0 0 14 7 0 0 0 0
2432 16 0 0 0 0 0 0 0 0
2434 1 1 1 0 0 0 1 0 0
2435 1 0 0 1 0 0 0 0 0
2438 7 0 0 7 2 0 0 0 0
2440 21 1 1 0 0 0 0 0 0
2441 48 0 0 12 7 0 6 0 0
2445 18 0 0 9 4 0 0 0 0
2446 6 0 0 0 0 0 2 0 0
2454 2 1 1 1 0 0 0 0 0
2459 4 0 0 2 0 0 0 0 0
2461 1 0 0 1 0 0 0 0 0
2468 3 0 0 0 0 0 1 0 0
2471 2 1 1 1 0 0 0 0 0
2481 3 1 1 2 1 0 0 0 0
2483 4 0 0 1 0 0 0 0 0
2493 1 0 0 0 0 0 1 0 0
2498 2 0 0 0 0 0 1 0 0
2501 1 0 0 0 0 0 1 0 0
2507 1 0 0 1 0 0 0 0 0
2508 5 0 0 1 0 0 1 0 0
2516 3 0 0 1 0 0 1 0 0
2523 1 0 0 0 0 0 1 0 0
2527 3 1 1 0 0 0 1 0 0
2532 3 0 0 0 0 0 1 0 0
2533 1 0 0 0 0 0 1 0 0
2534 1 0 0 0 0 0 1 0 0
2535 1 0 0 0 0 0 0 0 0
2539 1 0 0 0 0 0 1 0 0
2544 8 0 0 7 2 0 0 0 0
2677 3 0 0 1 0 0 2 0 0
2679 1 0 0 0 0 0 0 0 0
2683 6 1 1 1 0 0 1 1 1
2685 16 0 0 0 0 0 3 0 0
2687 2 0 0 0 0 0 0 0 0
2689 107 0 0 21 0 0 0 0 0
2690 19 1 1 0 0 0 0 0 0
2698 13 0 0 2 1 1 0 0 0
2719 2 1 1 1 0 0 0 0 0
2726 6 1 1 3 0 0 0 0 0
2728 2 0 0 0 0 0 1 0 0
2729 1 0 0 0 0 0 0 0 0
2774 3 1 1 1 0 0 0 0 0
2775 5 1 1 2 0 0 0 0 0
2777 2 1 1 0 0 0 1 0 0
2778 2 0 0 0 0 0 1 0 0
2779 1 0 0 0 0 0 0 0 0
2818 1 0 0 0 0 0 0 0 0
2829 1 0 0 0 0 0 0 0 0
2845 4 1 1 1 0 0 0 0 0
2877 2 0 0 0 0 0 0 0 0
fn=handle_preload_list
191 3 1 1 1 0 0 0 0 0
831 1 1 1 0 0 0 1 0 0
835 1 0 0 0 0 0 1 0 0
836 2 0 0 1 0 0 1 0 0
837 1 0 0 0 0 0 1 0 0
839 1 0 0 1 0 0 0 0 0
841 7 0 0 0 0 0 1 0 0
842 3 0 0 1 0 0 0 0 0
850 3 0 0 1 0 0 0 0 0
894 12 1 1 1 1 1 8 1 1
895 3 1 1 0 0 0 0 0 0
899 5 0 0 2 0 0 0 0 0
902 4 0 0 0 0 0 1 0 0
903 3 0 0 0 0 0 0 0 0
905 5 1 1 0 0 0 1 0 0
906 2 0 0 0 0 0 1 0 0
912 1 0 0 0 0 0 0 0 0
914 2 0 0 1 0 0 0 0 0
916 2 0 0 1 0 0 0 0 0
917 1 0 0 0 0 0 0 0 0
920 9 0 0 7 0 0 0 0 0
fn=init_tls
756 3 1 1 0 0 0 2 0 0
758 2 0 0 1 0 0 1 0 0
762 3 0 0 1 0 0 0 0 0
768 2 1 1 0 0 0 1 0 0
771 1 0 0 0 0 0 1 0 0
772 1 0 0 0 0 0 0 0 0
773 1 0 0 0 0 0 0 0 0
777 1 0 0 0 0 0 0 0 0
779 1 0 0 0 0 0 1 0 0
783 2 0 0 1 1 1 0 0 0
784 2 0 0 0 0 0 0 0 0
785 18 1 1 1 0 0 0 0 0
786 7 1 1 7 0 0 0 0 0
787 14 0 0 7 4 0 0 0 0
791 6 0 0 0 0 0 2 1 1
793 2 0 0 0 0 0 0 0 0
795 3 0 0 1 0 0 0 0 0
798 2 1 1 0 0 0 1 0 0
801 1 0 0 0 0 0 1 0 0
808 2 0 0 0 0 0 1 0 0
809 2 0 0 0 0 0 0 0 0
815 2 0 0 1 0 0 1 0 0
818 8 0 0 0 0 0 2 0 0
821 1 0 0 0 0 0 1 0 0
822 1 0 0 0 0 0 1 0 0
825 5 0 0 3 0 0 0 0 0
fn=map_doit
663 3 1 1 0 0 0 1 0 0
665 4 0 0 1 0 0 0 0 0
666 6 1 1 2 0 0 2 0 0
668 2 0 0 2 0 0 0 0 0
fn=version_check_doit
696 3 1 1 0 0 0 1 0 0
698 6 1 1 2 0 0 1 0 0
702 2 0 0 2 0 0 0 0 0
fl=./elf/./get-dynamic-info.h
fn=_dl_start
45 75 0 0 19 5 5 0 0 0
49 36 1 1 0 0 0 0 0 0
54 21 0 0 0 0 0 0 0 0
55 14 0 0 0 0 0 0 0 0
56 5 0 0 0 0 0 0 0 0
58 1 0 0 0 0 0 0 0 0
59 5 1 1 0 0 0 0 0 0
61 1 0 0 0 0 0 0 0 0
62 5 1 1 0 0 0 0 0 0
64 5 0 0 0 0 0 0 0 0
68 19 0 0 0 0 0 18 6 6
72 3 0 0 0 0 0 0 0 0
82 4 1 1 2 0 0 0 0 0
83 4 0 0 2 0 0 0 0 0
84 4 0 0 2 0 0 0 0 0
85 4 0 0 2 0 0 0 0 0
87 4 1 1 2 0 0 0 0 0
92 4 0 0 2 0 0 0 0 0
93 4 0 0 2 0 0 0 0 0
94 4 0 0 2 0 0 0 0 0
97 3 1 1 1 0 0 0 0 0
102 2 0 0 1 0 0 0 0 0
109 3 0 0 1 0 0 0 0 0
110 3 0 0 2 0 0 0 0 0
118 2 0 0 1 1 1 0 0 0
119 2 1 1 1 0 0 0 0 0
124 3 0 0 1 0 0 0 0 0
127 3 0 0 1 0 0 0 0 0
fn=dl_main
39 3 1 1 1 0 0 0 0 0
43 1 0 0 0 0 0 0 0 0
45 115 0 0 29 8 8 0 0 0
49 56 1 1 0 0 0 0 0 0
54 25 0 0 0 0 0 0 0 0
55 17 0 0 0 0 0 0 0 0
56 5 0 0 0 0 0 0 0 0
58 1 0 0 0 0 0 0 0 0
59 5 1 1 0 0 0 0 0 0
61 1 0 0 0 0 0 0 0 0
62 5 0 0 0 0 0 0 0 0
64 5 0 0 0 0 0 0 0 0
68 28 0 0 0 0 0 28 6 6
72 5 2 2 2 0 0 0 0 0
82 3 0 0 1 0 0 0 0 0
83 4 0 0 2 0 0 0 0 0
84 4 1 1 2 0 0 0 0 0
85 4 0 0 2 0 0 0 0 0
87 4 0 0 2 0 0 0 0 0
92 4 0 0 2 0 0 0 0 0
93 4 1 1 2 0 0 0 0 0
94 5 0 0 2 0 0 0 0 0
97 3 0 0 1 0 0 0 0 0
102 2 0 0 1 0 0 0 0 0
109 2 0 0 1 0 0 0 0 0
110 3 0 0 2 0 0 0 0 0
132 3 1 1 1 0 0 0 0 0
137 2 0 0 1 0 0 1 0 0
139 2 0 0 0 0 0 0 0 0
141 2 0 0 0 0 0 0 0 0
143 2 0 0 0 0 0 0 0 0
144 1 0 0 0 0 0 1 0 0
147 3 1 1 1 0 0 0 0 0
149 3 0 0 1 0 0 1 0 0
150 2 0 0 0 0 0 0 0 0
159 2 0 0 1 0 0 0 0 0
160 3 1 1 0 0 0 0 0 0
165 2 0 0 0 0 0 0 0 0
166 2 0 0 1 0 0 1 0 0
169 2 1 1 1 0 0 0 0 0
fl=./elf/./setup-vdso.h
fn=dl_main
24 2 0 0 1 1 1 0 0 0
fl=./io/../sysdeps/unix/sysv/linux/access.c
fn=access
25 1 1 1 0 0 0 0 0 0
27 7 0 0 0 0 0 1 0 0
31 1 0 0 1 0 0 0 0 0
fl=./io/../sysdeps/unix/sysv/linux/close_nocancel.c
fn=__GI___close_nocancel
25 6 1 1 0 0 0 0 0 0
26 24 0 0 0 0 0 0 0 0
27 6 0 0 6 0 0 0 0 0
fl=./io/../sysdeps/unix/sysv/linux/fstat64.c
fn=fstat
29 14 2 2 0 0 0 0 0 0
30 14 0 0 0 0 0 0 0 0
35 21 0 0 0 0 0 0 0 0
fl=./io/../sysdeps/unix/sysv/linux/fstatat64.c
fn=fstatat
98 54 0 0 0 0 0 0 0 0
153 54 2 2 0 0 0 0 0 0
167 36 0 0 0 0 0 18 0 0
168 99 1 1 18 0 0 0 0 0
169 9 0 0 9 0 0 0 0 0
fl=./io/../sysdeps/unix/sysv/linux/open64_nocancel.c
fn=__open_nocancel
28 288 1 1 0 0 0 72 1 1
31 504 1 1 0 0 0 0 0 0
39 702 0 0 0 0 0 66 0 0
41 72 0 0 72 0 0 0 0 0
fl=./io/../sysdeps/unix/sysv/linux/pread64_nocancel.c
fn=__pread64_nocancel
25 8 1 1 0 0 0 0 0 0
26 16 0 0 0 0 0 0 0 0
27 4 0 0 4 0 0 0 0 0
fl=./io/../sysdeps/unix/sysv/linux/read_nocancel.c
fn=__read_nocancel
25 5 1 1 0 0 0 0 0 0
26 20 0 0 0 0 0 0 0 0
27 5 0 0 5 0 0 0 0 0
fl=./io/../sysdeps/unix/sysv/linux/stat64.c
fn=stat
28 40 1 1 0 0 0 0 0 0
29 80 0 0 0 0 0 0 0 0
fl=./io/../sysdeps/unix/sysv/linux/write.c
fn=write
25 5 2 2 0 0 0 3 0 0
26 16 1 1 5 0 0 3 0 0
27 2 0 0 1 0 0 0 0 0
fl=./libio/../include/sys/sysmacros.h
fn=_IO_file_doallocate
47 6 0 0 0 0 0 0 0 0
fl=./libio/./libio/filedoalloc.c
fn=_IO_file_doallocate
78 9 1 1 1 0 0 4 0 0
84 9 1 1 3 2 2 1 1 1
86 4 1 1 1 1 1 0 0 0
89 2 0 0 0 0 0 0 0 0
91 2 1 1 1 0 0 0 0 0
94 2 0 0 1 0 0 0 0 0
97 4 0 0 1 0 0 0 0 0
101 3 0 0 0 0 0 1 0 0
102 2 0 0 0 0 0 0 0 0
104 4 0 0 0 0 0 1 0 0
105 1 1 1 0 0 0 0 0 0
106 8 0 0 6 0 0 0 0 0
fl=./libio/./libio/fileops.c
fn=_IO_do_write@@GLIBC_2.2.5
423 11 2 2 0 0 0 6 0 0
425 10 0 0 0 0 0 0 0 0
426 9 0 0 8 0 0 0 0 0
433 2 0 0 1 0 0 0 0 0
440 4 1 1 2 0 0 0 0 0
443 1 0 0 1 0 0 0 0 0
448 5 0 0 1 0 0 1 0 0
449 5 0 0 1 0 0 0 0 0
451 3 0 0 1 0 0 2 0 0
452 2 0 0 0 0 0 1 0 0
453 1 0 0 0 0 0 1 0 0
454 2 1 1 1 0 0 0 0 0
455 4 1 1 1 0 0 0 0 0
fn=_IO_file_overflow@@GLIBC_2.2.5
731 165 1 1 0 0 0 99 0 0
732 132 0 0 33 0 0 0 0 0
739 163 0 0 33 0 0 0 0 0
742 2 1 1 0 0 0 0 0 0
744 2 1 1 0 0 0 1 0 0
745 6 0 0 1 0 0 2 0 0
754 3 1 1 1 0 0 0 0 0
763 3 0 0 1 0 0 0 0 0
765 1 0 0 0 0 0 1 0 0
766 1 0 0 0 0 0 1 0 0
767 2 0 0 0 0 0 1 0 0
768 3 0 0 1 0 0 2 0 0
770 3 0 0 0 0 0 1 0 0
771 5 1 1 1 0 0 0 0 0
772 1 0 0 0 0 0 1 0 0
774 66 0 0 0 0 0 0 0 0
775 4 0 0 0 0 0 0 0 0
776 34 0 0 32 0 0 0 0 0
777 62 0 0 31 0 0 0 0 0
780 93 0 0 0 0 0 62 1 1
781 93 0 0 31 0 0 0 0 0
782 124 0 0 0 0 0 0 0 0
786 31 0 0 0 0 0 0 0 0
787 130 0 0 130 0 0 0 0 0
fn=_IO_file_setbuf@@GLIBC_2.2.5
381 3 1 1 0 0 0 1 0 0
382 3 0 0 0 0 0 1 0 0
385 1 0 0 1 0 0 0 0 0
387 3 1 1 0 0 0 3 0 0
389 2 0 0 0 0 0 0 0 0
390 2 0 0 2 0 0 0 0 0
fn=_IO_file_stat
1146 1 1 1 0 0 0 0 0 0
1147 2 0 0 1 0 0 0 0 0
fn=_IO_file_sync@@GLIBC_2.2.5
792 10 1 1 0 0 0 4 0 0
797 8 1 1 4 0 0 0 0 0
799 2 0 0 2 0 0 0 0 0
800 4 0 0 2 0 0 0 0 0
811 4 1 1 0 0 0 2 0 0
815 8 0 0 6 0 0 0 0 0
fn=_IO_file_write@@GLIBC_2.2.5
1173 7 1 1 0 0 0 4 0 0
1175 8 0 0 0 0 0 0 0 0
1179 3 1 1 1 0 0 0 0 0
1180 3 0 0 1 0 0 1 0 0
1181 2 0 0 0 0 0 0 0 0
1186 1 0 0 0 0 0 0 0 0
1187 1 0 0 0 0 0 0 0 0
1189 3 1 1 0 0 0 0 0 0
1190 3 0 0 1 0 0 0 0 0
1193 6 0 0 5 0 0 0 0 0
fn=_IO_file_xsputn@@GLIBC_2.2.5
443 2 1 1 0 0 0 0 0 0
1197 16 1 1 0 0 0 12 0 0
1203 8 0 0 0 0 0 0 0 0
1204 2 0 0 0 0 0 0 0 0
1210 8 0 0 2 0 0 0 0 0
1212 6 0 0 3 0 0 0 0 0
1213 2 0 0 0 0 0 0 0 0
1216 3 1 1 0 0 0 0 0 0
1218 3 0 0 1 0 0 0 0 0
1220 1 1 1 0 0 0 0 0 0
1227 3 0 0 1 0 0 0 0 0
1231 4 1 1 0 0 0 0 0 0
1233 1 0 0 0 0 0 0 0 0
1235 4 0 0 0 0 0 2 0 0
1236 1 0 0 0 0 0 0 0 0
1237 3 0 0 0 0 0 0 0 0
1239 2 0 0 0 0 0 0 0 0
1243 12 0 0 4 0 0 2 1 1
1249 4 0 0 4 0 0 0 0 0
1250 14 0 0 0 0 0 0 0 0
1252 4 0 0 0 0 0 0 0 0
1263 6 1 1 0 0 0 0 0 0
1264 4 0 0 0 0 0 1 0 0
1266 3 0 0 0 0 0 0 0 0
1267 18 1 1 14 0 0 0 0 0
fl=./libio/./libio/genops.c
fn=_IO_cleanup
786 6 1 1 0 0 0 3 0 0
787 11 1 1 4 0 0 2 0 0
790 12 0 0 4 0 0 0 0 0
799 9 1 1 3 1 1 0 0 0
801 6 0 0 2 0 0 0 0 0
807 13 1 1 5 1 1 2 0 0
815 5 1 1 2 1 1 0 0 0
817 2 0 0 0 0 0 1 0 0
819 4 2 2 2 0 0 1 0 0
820 1 0 0 0 0 0 1 0 0
824 5 0 0 2 1 1 1 0 0
826 3 0 0 1 0 0 0 0 0
830 5 1 1 1 0 0 0 0 0
831 8 0 0 3 0 0 2 0 0
838 3 0 0 0 0 0 3 0 0
842 9 1 1 3 0 0 2 0 0
843 2 0 0 0 0 0 1 0 0
863 11 1 1 1 0 0 7 0 0
866 3 0 0 0 0 0 1 0 0
878 12 0 0 9 0 0 0 0 0
fn=_IO_default_setbuf
330 5 1 1 1 0 0 0 0 0
332 4 0 0 0 0 0 1 0 0
337 2 0 0 0 0 0 1 0 0
452 9 2 2 0 0 0 4 0 0
453 5 0 0 2 0 0 1 0 0
455 4 0 0 0 0 0 0 0 0
457 3 1 1 1 0 0 1 0 0
458 2 0 0 0 0 0 0 0 0
462 1 0 0 0 0 0 0 0 0
466 4 0 0 0 0 0 3 0 0
467 1 0 0 0 0 0 0 0 0
468 6 0 0 5 0 0 0 0 0
fn=_IO_default_xsputn
371 13 1 1 0 0 0 6 0 0
374 2 0 0 0 0 0 0 0 0
375 1 0 0 0 0 0 0 0 0
379 114 1 1 46 0 0 0 0 0
399 200 1 1 66 0 0 22 0 0
401 22 0 0 0 0 0 0 0 0
404 8 2 2 7 0 0 0 0 0
fn=_IO_doallocbuf
343 4 1 1 0 0 0 3 1 1
344 2 0 0 1 0 0 0 0 0
346 4 0 0 1 0 0 0 0 0
347 5 0 0 2 1 1 1 0 0
350 4 1 1 4 0 0 0 0 0
fn=_IO_enable_locks
518 1 1 1 0 0 0 0 0 0
521 3 0 0 1 1 1 0 0 0
523 1 0 0 0 0 0 1 0 0
524 9 1 1 0 0 0 0 0 0
525 3 0 0 3 3 3 0 0 0
526 1 0 0 1 0 0 0 0 0
1067 1 0 0 1 1 1 0 0 0
1081 3 0 0 3 0 0 0 0 0
fn=_IO_flush_all_lockp
686 12 2 2 1 0 0 7 0 0
687 1 0 0 0 0 0 0 0 0
691 6 0 0 0 0 0 3 0 0
692 11 1 1 4 1 1 2 0 0
695 12 0 0 4 4 4 0 0 0
697 3 1 1 0 0 0 3 0 0
698 6 0 0 0 0 0 0 0 0
701 21 2 2 9 6 6 0 0 0
709 6 1 1 0 0 0 0 0 0
711 3 0 0 0 0 0 3 0 0
715 9 0 0 3 0 0 2 0 0
716 2 1 1 0 0 0 1 0 0
720 12 0 0 9 0 0 0 0 0
fn=_IO_setb
329 9 1 1 0 0 0 2 0 0
330 4 1 1 2 0 0 0 0 0
332 1 0 0 0 0 0 1 0 0
335 6 0 0 0 0 0 1 0 0
338 4 0 0 3 0 0 0 0 0
fn=__overflow
199 27 1 1 0 0 0 9 0 0
201 27 0 0 9 0 0 0 0 0
203 27 1 1 18 0 0 0 0 0
204 18 0 0 9 0 0 0 0 0
fl=./libio/./libio/iofflush.c
fn=fflush
32 4 2 2 0 0 0 3 0 0
33 2 0 0 0 0 0 0 0 0
39 14 1 1 7 0 0 1 0 0
40 5 0 0 2 0 0 1 0 0
44 5 0 0 4 0 0 0 0 0
fl=./libio/./libio/libioP.h
fn=_IO_cleanup
940 4 0 0 0 0 0 0 0 0
942 2 0 0 0 0 0 0 0 0
943 2 0 0 0 0 0 0 0 0
fn=_IO_default_setbuf
940 3 0 0 0 0 0 0 0 0
942 2 0 0 0 0 0 0 0 0
943 2 0 0 0 0 0 0 0 0
fn=_IO_default_xsputn
940 3 0 0 0 0 0 0 0 0
942 44 0 0 0 0 0 0 0 0
943 44 0 0 0 0 0 0 0 0
fn=_IO_do_write@@GLIBC_2.2.5
940 4 0 0 0 0 0 0 0 0
942 2 1 1 0 0 0 0 0 0
943 2 0 0 0 0 0 0 0 0
fn=_IO_doallocbuf
940 3 1 1 0 0 0 0 0 0
942 2 0 0 0 0 0 0 0 0
943 2 0 0 0 0 0 0 0 0
fn=_IO_file_doallocate
940 3 0 0 0 0 0 0 0 0
942 2 0 0 0 0 0 0 0 0
943 2 0 0 0 0 0 0 0 0
fn=_IO_file_xsputn@@GLIBC_2.2.5
940 6 0 0 0 0 0 0 0 0
942 4 1 1 0 0 0 0 0 0
943 4 0 0 0 0 0 0 0 0
fn=_IO_flush_all_lockp
940 4 1 1 0 0 0 0 0 0
fn=__overflow
940 27 0 0 0 0 0 0 0 0
942 18 0 0 0 0 0 0 0 0
943 18 0 0 0 0 0 0 0 0
fn=fflush
883 2 0 0 1 0 0 0 0 0
884 9 1 1 4 0 0 2 0 0
940 3 0 0 0 0 0 0 0 0
942 2 0 0 0 0 0 0 0 0
943 2 0 0 0 0 0 0 0 0
fl=./libio/./libio/vtables.c
fn=check_stdfiles_vtables
83 1 1 1 0 0 0 0 0 0
84 4 0 0 2 1 0 0 0 0
85 3 1 1 2 0 0 0 0 0
86 3 0 0 2 2 0 0 0 0
88 1 0 0 1 0 0 0 0 0
fl=./malloc/../sysdeps/unix/sysv/linux/tls-internal.h
fn=__libc_thread_freeres
34 12 0 0 8 3 3 4 0 0
35 12 0 0 8 4 4 4 0 0
fl=./malloc/./malloc/arena.c
fn=__malloc_arena_thread_freeres
162 1 1 1 0 0 0 0 0 0
999 32 2 2 0 0 0 24 0 0
1005 8 1 1 8 0 0 0 0 0
1006 4 0 0 0 0 0 4 0 0
1008 8 0 0 0 0 0 0 0 0
1010 4 1 1 1 0 0 0 0 0
1013 3 0 0 1 0 0 0 0 0
1014 3 0 0 0 0 0 1 0 0
1016 2 0 0 1 0 0 1 0 0
1017 1 0 0 0 0 0 1 0 0
1019 4 0 0 2 0 0 0 0 0
1021 32 1 1 28 0 0 0 0 0
fn=alloc_new_heap
51 4 1 1 1 0 0 0 0 0
61 2 0 0 0 0 0 0 0 0
484 8 1 1 0 0 0 6 1 1
491 3 0 0 0 0 0 0 0 0
493 3 0 0 0 0 0 0 0 0
499 7 1 1 0 0 0 1 0 0
506 3 0 0 1 0 0 0 0 0
508 2 0 0 0 0 0 0 0 0
518 8 2 2 0 0 0 1 0 0
519 2 0 0 0 0 0 0 0 0
521 2 0 0 0 0 0 0 0 0
522 3 0 0 0 0 0 0 0 0
524 3 0 0 0 0 0 0 0 0
525 5 1 1 1 0 0 2 0 0
527 1 0 0 0 0 0 0 0 0
528 4 1 1 0 0 0 1 0 0
545 6 0 0 0 0 0 1 0 0
554 2 0 0 1 0 0 1 0 0
556 1 0 0 0 0 0 1 1 1
557 1 0 0 0 0 0 0 0 0
559 9 1 1 7 0 0 0 0 0
fn=arena_get2.part.0
565 3 1 1 1 0 0 0 0 0
576 8 0 0 2 0 0 1 0 0
725 2 0 0 0 0 0 0 0 0
744 2 1 1 1 0 0 0 0 0
746 2 0 0 0 0 0 0 0 0
755 3 1 1 0 0 0 1 0 0
757 1 0 0 0 0 0 1 0 0
759 3 0 0 1 0 0 2 1 1
762 1 0 0 0 0 0 0 0 0
763 1 1 1 0 0 0 0 0 0
764 2 0 0 0 0 0 0 0 0
765 2 0 0 0 0 0 0 0 0
766 1 1 1 0 0 0 1 0 0
767 4 0 0 0 0 0 1 0 0
769 1 0 0 0 0 0 0 0 0
770 2 0 0 2 0 0 0 0 0
771 1 0 0 0 0 0 1 0 0
772 1 0 0 0 0 0 1 0 0
774 4 0 0 1 0 0 0 0 0
777 2 1 1 1 1 1 1 0 0
782 1 0 0 0 0 0 1 0 0
784 4 0 0 2 0 0 0 0 0
786 4 0 0 1 0 0 0 0 0
788 4 1 1 2 0 0 0 0 0
800 4 0 0 1 0 0 0 0 0
924 7 0 0 0 0 0 5 1 1
934 3 2 2 1 0 0 0 0 0
936 3 0 0 1 1 1 0 0 0
938 3 1 1 2 1 1 0 0 0
959 3 0 0 0 0 0 0 0 0
961 7 1 1 2 0 0 0 0 0
971 7 1 1 6 0 0 0 0 0
fn=calloc
162 12 0 0 0 0 0 0 0 0
fn=free
61 1 0 0 1 0 0 0 0 0
156 5 1 1 0 0 0 0 0 0
162 12023 0 0 1 0 0 0 0 0
fn=get_free_list
809 3 1 1 0 0 0 3 0 0
810 2 0 0 2 0 0 0 0 0
811 1 1 1 0 0 0 0 0 0
812 2 0 0 1 0 0 0 0 0
837 5 0 0 4 0 0 0 0 0
fn=malloc
61 1 0 0 1 0 0 0 0 0
156 5 0 0 0 0 0 0 0 0
162 8019 1 1 1 0 0 0 0 0
315 1 1 1 0 0 0 1 0 0
fn=ptmalloc_init.part.0
313 6 1 1 1 0 0 3 0 0
318 1 0 0 0 0 0 1 0 0
343 2 2 2 1 0 0 0 0 0
347 3 0 0 1 1 0 1 0 0
352 4 0 0 0 0 0 1 0 0
353 4 1 1 0 0 0 1 0 0
354 4 0 0 0 0 0 1 0 0
355 4 0 0 0 0 0 1 0 0
356 4 1 1 0 0 0 1 0 0
357 4 0 0 0 0 0 1 0 0
358 4 0 0 0 0 0 1 0 0
360 4 1 1 0 0 0 1 0 0
361 4 0 0 0 0 0 1 0 0
362 4 0 0 0 0 0 1 0 0
365 4 0 0 0 0 0 1 0 0
366 4 1 1 0 0 0 1 0 0
367 2 0 0 1 1 1 0 0 0
430 7 0 0 5 0 0 0 0 0
fn=sysmalloc
565 354 1 1 0 0 0 354 0 0
fn=tcache_init.part.0
930 2 0 0 0 0 0 1 0 0
931 5 1 1 0 0 0 1 0 0
fl=./malloc/./malloc/malloc.c
fn=__malloc_arena_thread_freeres
3206 8 0 0 8 0 0 0 0 0
3208 8 0 0 4 0 0 4 0 0
3210 8 0 0 0 0 0 0 0 0
3214 3 0 0 0 0 0 1 0 0
3218 193 0 0 64 0 0 1 0 0
3220 192 0 0 64 0 0 0 0 0
3231 3 0 0 0 0 0 1 0 0
fn=_int_free
2012 12906 0 0 4302 1 1 0 0 0
4421 47322 4 4 4302 1 1 30114 1 1
4431 12906 0 0 4302 0 0 0 0 0
4437 21510 0 0 0 0 0 0 0 0
4438 8604 0 0 0 0 0 0 0 0
4442 17208 0 0 0 0 0 0 0 0
4449 8602 0 0 0 0 0 0 0 0
4450 30112 2 2 12905 1 1 0 0 0
4493 8604 1 1 4302 1 1 0 0 0
4569 8604 1 1 4302 0 0 0 0 0
4572 4302 0 0 4302 0 0 0 0 0
4575 17503 0 0 0 0 0 295 181 0
4576 20035 1 1 4007 1 1 4007 0 0
4578 4302 1 1 0 0 0 0 0 0
4582 12906 0 0 4302 1 1 0 0 0
4585 8604 0 0 4302 0 0 0 0 0
4590 12906 0 0 4302 295 165 0 0 0
4593 8604 0 0 0 0 0 0 0 0
4594 8604 0 0 0 0 0 0 0 0
4595 8604 2 2 4302 1 1 0 0 0
4601 8604 0 0 4302 0 0 0 0 0
4602 3707 0 0 3707 0 0 0 0 0
4603 3707 0 0 0 0 0 0 0 0
4604 3707 0 0 0 0 0 0 0 0
4605 14828 0 0 3707 0 0 0 0 0
4607 7414 0 0 0 0 0 3707 1 1
4610 8604 2 2 4302 0 0 0 0 0
4615 8602 0 0 4301 3715 2958 0 0 0
4616 594 1 1 0 0 0 297 0 0
4617 594 0 0 0 0 0 0 0 0
4619 4004 0 0 4004 0 0 0 0 0
4627 4301 0 0 0 0 0 0 0 0
4628 17204 0 0 4301 0 0 0 0 0
4629 8602 0 0 4301 1 1 0 0 0
4631 4301 0 0 0 0 0 4301 2 2
4633 8602 2 2 0 0 0 0 0 0
4635 12900 1 1 0 0 0 4300 1 0
4638 4301 0 0 0 0 0 4301 0 0
4639 4301 0 0 0 0 0 4301 0 0
4641 12903 0 0 0 0 0 4301 0 0
4642 4301 0 0 0 0 0 4301 0 0
4653 1 0 0 0 0 0 0 0 0
4654 3 0 0 0 0 0 1 0 0
4655 2 0 0 0 0 0 1 0 0
4672 8604 0 0 0 0 0 0 0 0
4673 7572 1 1 2524 0 0 0 0 0
4676 7572 1 1 0 0 0 0 0 0
4678 12620 1 1 7572 2 2 0 0 0
4680 4305 1 1 1435 0 0 1435 0 0
4692 12906 0 0 4302 0 0 0 0 0
4693 16028 1 1 8014 0 0 0 0 0
4702 47322 1 1 38718 0 0 0 0 0
fn=_int_malloc
1343 8028 1 1 0 0 0 0 0 0
1362 20070 1 1 0 0 0 0 0 0
2005 12042 1 1 4014 0 0 0 0 0
3181 894 0 0 298 0 0 298 0 0
3183 596 0 0 0 0 0 298 0 0
3771 36126 1 1 0 0 0 24084 0 0
3811 8028 1 1 0 0 0 0 0 0
3838 8028 0 0 4014 103 2 0 0 0
3901 8028 0 0 0 0 0 0 0 0
3903 6 0 0 0 0 0 6 1 1
3904 30 2 2 0 0 0 0 0 0
3906 18 0 0 6 1 1 0 0 0
3963 156308 4 4 0 0 0 48095 1 0
3964 12024 0 0 4008 0 0 0 0 0
3982 20064 0 0 4012 1 0 8026 0 0
3983 12042 0 0 0 0 0 0 0 0
3984 12042 0 0 8028 0 0 0 0 0
3988 4014 0 0 0 0 0 4014 0 0
3993 298 0 0 0 0 0 0 0 0
3994 16941 0 0 4309 0 0 0 0 0
3996 298 0 0 298 0 0 0 0 0
3997 1192 0 0 298 0 0 0 0 0
3998 298 0 0 0 0 0 0 0 0
4000 596 1 1 0 0 0 0 0 0
4001 894 0 0 298 13 0 0 0 0
4003 298 0 0 298 0 0 0 0 0
4004 1192 0 0 0 0 0 0 0 0
4006 1192 0 0 298 0 0 0 0 0
4008 596 1 1 298 0 0 0 0 0
4009 596 0 0 298 0 0 0 0 0
4011 596 0 0 0 0 0 0 0 0
4022 1192 0 0 0 0 0 0 0 0
4023 6 1 1 3 0 0 0 0 0
4024 6 0 0 3 0 0 0 0 0
4025 596 0 0 0 0 0 298 0 0
4028 6 0 0 3 0 0 0 0 0
4029 3 0 0 0 0 0 0 0 0
4030 3 0 0 0 0 0 3 0 0
4031 9 0 0 0 0 0 3 0 0
4032 3 0 0 0 0 0 3 3 3
4033 6 0 0 0 0 0 0 0 0
4035 6 1 1 0 0 0 3 1 1
4039 24 0 0 0 0 0 3 0 0
4041 9 0 0 0 0 0 3 1 1
4042 3 0 0 0 0 0 3 0 0
4045 3 0 0 0 0 0 0 0 0
4053 295 0 0 0 0 0 295 0 0
4054 295 0 0 0 0 0 295 0 0
4058 590 0 0 0 0 0 0 0 0
4061 16056 1 1 0 0 0 8028 0 0
4067 894 1 1 596 0 0 298 0 0
4087 590 1 1 0 0 0 0 0 0
4095 4410 2 2 0 0 0 0 0 0
4096 1180 1 1 0 0 0 0 0 0
4097 295 0 0 295 179 2 0 0 0
4100 590 0 0 0 0 0 0 0 0
4103 584 1 1 0 0 0 292 0 0
4105 1168 0 0 584 291 0 0 0 0
4106 584 0 0 292 0 0 0 0 0
4118 1460 1 1 584 176 0 0 0 0
4119 1304 0 0 0 0 0 0 0 0
4121 360 0 0 360 180 0 0 0 0
4122 1080 0 0 360 360 0 0 0 0
4125 292 0 0 0 0 0 0 0 0
4128 580 1 1 290 0 0 0 0 0
4131 6 0 0 2 0 0 2 0 0
4133 6 0 0 4 1 1 0 0 0
4135 2 0 0 0 0 0 2 0 0
4136 6 0 0 2 0 0 2 0 0
4138 292 0 0 292 288 0 0 0 0
4139 584 0 0 292 0 0 0 0 0
4144 9 1 1 0 0 0 3 0 0
4147 1770 1 1 295 10 0 0 0 0
4149 1180 0 0 0 0 0 295 0 0
4150 295 0 0 0 0 0 295 0 0
4151 295 0 0 0 0 0 295 0 0
4156 590 0 0 590 0 0 0 0 0
4157 590 0 0 0 0 0 0 0 0
4158 894 0 0 298 0 0 298 0 0
4166 885 0 0 0 0 0 0 0 0
4183 8022 1 1 0 0 0 0 0 0
4185 16032 0 0 4008 0 0 0 0 0
4188 12024 0 0 4008 1768 0 0 0 0
4189 6432 0 0 3216 1768 0 0 0 0
4256 8022 1 1 4011 0 0 0 0 0
4257 8022 0 0 0 0 0 0 0 0
4258 8022 0 0 0 0 0 0 0 0
4259 8022 0 0 4011 88 1 0 0 0
4260 12033 0 0 0 0 0 0 0 0
4265 8022 1 1 0 0 0 0 0 0
4269 12049 1 1 0 0 0 0 0 0
4272 29 2 2 7 0 0 0 0 0
4274 4 0 0 0 0 0 0 0 0
4275 2 0 0 0 0 0 0 0 0
4279 62 0 0 0 0 0 0 0 0
4281 30 0 0 0 0 0 0 0 0
4283 60 0 0 0 0 0 0 0 0
4287 1 0 0 1 1 1 0 0 0
4290 2 0 0 0 0 0 0 0 0
4299 3 1 1 2 1 1 0 0 0
4302 2 0 0 0 0 0 0 0 0
4304 2 0 0 0 0 0 0 0 0
4307 4 0 0 0 0 0 3 1 1
4310 4 0 0 2 0 0 0 0 0
4320 1 0 0 0 0 0 0 0 0
4325 4 1 1 1 0 0 0 0 0
4326 2 0 0 1 0 0 0 0 0
4329 1 0 0 0 0 0 1 1 1
4330 1 0 0 0 0 0 1 0 0
4331 1 0 0 0 0 0 1 0 0
4334 2 0 0 0 0 0 0 0 0
4335 1 0 0 0 0 0 1 0 0
4336 2 0 0 0 0 0 0 0 0
4338 2 1 1 0 0 0 1 0 0
4341 8 0 0 0 0 0 1 0 0
4343 3 0 0 0 0 0 1 0 0
4344 1 0 0 0 0 0 1 0 0
4347 1 0 0 0 0 0 0 0 0
4369 4010 0 0 4010 0 0 0 0 0
4370 8020 0 0 4010 0 0 0 0 0
4372 8020 0 0 4010 89 1 0 0 0
4375 12738 1 1 0 0 0 708 0 0
4377 3656 0 0 0 0 0 0 0 0
4378 7312 1 1 3656 0 0 0 0 0
4379 3656 0 0 0 0 0 3656 0 0
4380 29248 1 1 0 0 0 3656 0 0
4382 7312 0 0 0 0 0 3656 3656 3656
4385 3656 0 0 0 0 0 0 0 0
4392 1062 0 0 354 0 0 0 0 0
4397 8028 0 0 0 0 0 0 0 0
4399 90 3 3 0 0 0 54 0 0
4407 1770 1 1 354 0 0 354 181 0
4408 708 0 0 0 0 0 0 0 0
4413 36126 2 2 28098 0 0 0 0 0
fn=alloc_new_heap
2028 4 0 0 1 0 0 0 0 0
fn=arena_get2.part.0
1966 383 0 0 0 0 0 0 0 0
1969 381 0 0 0 0 0 127 33 33
1973 3 0 0 0 0 0 0 0 0
1975 1 0 0 1 0 0 0 0 0
1978 1 0 0 0 0 0 1 0 0
fn=calloc
3624 24 1 1 0 0 0 16 0 0
3634 36 1 1 0 0 0 0 0 0
3642 8 0 0 4 0 0 0 0 0
3645 12 0 0 8 0 0 0 0 0
3647 12 0 0 4 0 0 0 0 0
3650 24 1 1 9 1 1 0 0 0
3657 4 1 1 4 1 1 0 0 0
3658 9 1 1 4 0 0 0 0 0
3665 10 0 0 0 0 0 0 0 0
3679 12 1 1 0 0 0 4 0 0
3681 28 1 1 4 0 0 0 0 0
3684 12 0 0 4 0 0 0 0 0
3686 6 0 0 0 0 0 0 0 0
3693 6 1 1 0 0 0 0 0 0
3694 12 0 0 6 0 0 0 0 0
3698 8 1 1 0 0 0 0 0 0
3701 16 1 1 0 0 0 0 0 0
3709 8 0 0 4 0 0 0 0 0
3712 8 0 0 0 0 0 0 0 0
3714 4 0 0 4 0 0 0 0 0
3721 16 0 0 0 0 0 0 0 0
3732 4 0 0 0 0 0 0 0 0
3734 8 0 0 0 0 0 0 0 0
3736 8 0 0 0 0 0 0 0 0
3737 12 0 0 0 0 0 0 0 0
3762 20 1 1 16 0 0 0 0 0
fn=free
3241 4 0 0 2 0 0 1 0 0
3352 16036 1 1 0 0 0 8014 0 0
3356 8030 0 0 0 0 0 0 0 0
3364 8014 0 0 8014 2 2 0 0 0
3366 4007 0 0 0 0 0 0 0 0
3368 12021 1 1 4007 297 296 0 0 0
3385 12021 0 0 8014 2 2 0 0 0
3391 8014 0 0 0 0 0 4007 1 1
3394 4007 0 0 0 0 0 4007 0 0
3395 16036 1 1 12029 0 0 0 0 0
fn=malloc
1343 8016 0 0 0 0 0 0 0 0
1362 20040 2 2 0 0 0 0 0 0
3241 8 0 0 4 0 0 2 1 1
3287 24048 1 1 0 0 0 12024 0 0
3294 8016 0 0 4008 2 2 0 0 0
3304 12024 1 1 0 0 0 0 0 0
3306 16032 0 0 8016 1 1 0 0 0
3309 8016 0 0 4008 1768 1 0 0 0
3310 4 0 0 1 0 0 0 0 0
3311 3 1 1 1 0 0 0 0 0
3319 12024 2 2 4008 0 0 0 0 0
3321 16028 1 1 0 0 0 4007 0 0
3322 20035 0 0 4007 0 0 0 0 0
3327 8 0 0 3 0 0 0 0 0
3329 3 0 0 0 0 0 1 0 0
3332 2 1 1 0 0 0 0 0 0
3340 4 0 0 2 0 0 0 0 0
3344 8 0 0 1 0 0 0 0 0
3347 20040 0 0 16032 0 0 0 0 0
fn=ptmalloc_init.part.0
1966 385 1 1 0 0 0 0 0 0
1969 381 0 0 0 0 0 127 33 32
1977 1 0 0 0 0 0 1 1 1
1978 1 0 0 0 0 0 1 1 1
1980 1 0 0 0 0 0 1 0 0
3162 7 1 1 0 0 0 1 0 0
fn=sysmalloc
2028 240 0 0 60 0 0 0 0 0
2548 3186 1 1 0 0 0 2124 171 0
2568 1416 0 0 1062 704 0 354 181 0
2579 708 1 1 0 0 0 0 0 0
2580 1062 0 0 354 354 1 354 171 0
2606 354 0 0 354 0 0 0 0 0
2607 1062 0 0 354 0 0 0 0 0
2608 354 0 0 0 0 0 0 0 0
2610 118 1 1 0 0 0 0 0 0
2617 3887 0 0 0 0 0 0 0 0
2623 1062 1 1 0 0 0 0 0 0
2626 1062 0 0 0 0 0 0 0 0
2687 708 1 1 354 0 0 0 0 0
2696 1416 0 0 354 0 0 0 0 0
2709 1062 0 0 354 353 0 0 0 0
2713 3 1 1 0 0 0 1 0 0
2717 1770 0 0 0 0 0 354 0 0
2725 708 1 1 0 0 0 0 0 0
2727 708 1 1 0 0 0 354 1 0
2728 1062 0 0 354 0 0 0 0 0
2729 708 0 0 354 0 0 0 0 0
2730 354 0 0 0 0 0 0 0 0
2733 708 0 0 0 0 0 0 0 0
2746 1180 0 0 295 0 0 0 0 0
2752 2360 0 0 0 0 0 590 0 0
2754 885 0 0 295 0 0 0 0 0
2758 295 0 0 295 0 0 0 0 0
2762 590 0 0 0 0 0 0 0 0
2764 708 1 1 354 1 0 0 0 0
2765 2 1 1 0 0 0 1 0 0
2766 1180 0 0 413 0 0 354 0 0
2772 2299 1 1 0 0 0 0 0 0
2773 232 0 0 0 0 0 58 0 0
2775 594 2 2 296 0 0 0 0 0
2802 295 0 0 0 0 0 0 0 0
2815 3 1 1 0 0 0 0 0 0
2837 2 0 0 0 0 0 0 0 0
2838 7 0 0 0 0 0 0 0 0
2840 2 1 1 0 0 0 0 0 0
2841 4 0 0 0 0 0 2 0 0
2853 3 0 0 1 0 0 0 0 0
2867 590 0 0 0 0 0 0 0 0
2886 590 0 0 0 0 0 0 0 0
2895 296 0 0 0 0 0 296 0 0
2896 1184 0 0 0 0 0 296 296 296
2897 300 1 1 2 0 0 296 0 0
2908 592 1 1 0 0 0 0 0 0
2915 590 0 0 0 0 0 0 0 0
2916 885 0 0 0 0 0 295 0 0
2924 295 0 0 0 0 0 295 295 295
2926 295 0 0 0 0 0 295 0 0
2931 590 0 0 0 0 0 0 0 0
2933 1475 1 1 0 0 0 295 0 0
2941 1003 1 1 649 0 0 0 0 0
2942 354 0 0 0 0 0 354 0 0
2946 648 0 0 353 0 0 0 0 0
2947 708 0 0 354 0 0 0 0 0
2950 708 0 0 0 0 0 0 0 0
2952 354 0 0 0 0 0 0 0 0
2953 354 0 0 0 0 0 0 0 0
2954 354 0 0 0 0 0 354 0 0
2955 2832 1 1 0 0 0 354 0 0
2956 708 0 0 0 0 0 354 354 354
2958 708 0 0 0 0 0 0 0 0
2964 3894 1 1 3186 0 0 0 0 0
fn=sysmalloc_mmap_fallback.constprop.0
2028 1180 1 1 295 0 0 0 0 0
2508 2655 1 1 0 0 0 1475 0 0
2512 295 0 0 295 0 0 0 0 0
2515 590 0 0 295 0 0 0 0 0
2516 5 0 0 0 0 0 0 0 0
2519 590 0 0 0 0 0 0 0 0
2523 590 1 1 0 0 0 0 0 0
2524 295 0 0 0 0 0 0 0 0
2526 2655 0 0 0 0 0 295 0 0
2529 590 0 0 0 0 0 0 0 0
2533 590 0 0 0 0 0 0 0 0
2540 295 0 0 295 0 0 0 0 0
2542 295 0 0 0 0 0 295 0 0
2544 2065 0 0 1770 0 0 0 0 0
fn=systrim.constprop.0
2977 4305 0 0 0 0 0 4305 0 0
2986 4305 2 2 2870 0 0 0 0 0
2988 1435 0 0 0 0 0 0 0 0
2989 2870 0 0 0 0 0 0 0 0
2990 1435 0 0 0 0 0 0 0 0
2994 4305 0 0 1435 1 1 0 0 0
2995 1435 0 0 0 0 0 0 0 0
2998 7175 0 0 2870 2 2 0 0 0
3000 2870 0 0 0 0 0 0 0 0
3007 4305 1 1 0 0 0 1435 0 0
3008 5740 0 0 1435 0 0 0 0 0
3040 5740 0 0 5740 0 0 0 0 0
fn=tcache_init.part.0
3235 6 1 1 0 0 0 4 0 0
3244 12 0 0 5 0 0 0 0 0
3245 9 1 1 0 0 0 2 0 0
3246 4 0 0 0 0 0 0 0 0
3253 3 1 1 0 0 0 0 0 0
3254 8 0 0 4 0 0 0 0 0
3261 4 0 0 0 0 0 0 0 0
3263 4 0 0 2 0 0 2 0 0
3264 176 1 1 0 0 0 162 18 18
3267 8 0 0 6 0 0 0 0 0
fn=unlink_chunk.constprop.0
1626 4005 2 2 0 0 0 0 0 0
1628 20025 0 0 8010 1 1 0 0 0
1631 20025 1 1 8010 1 1 0 0 0
1632 4005 0 0 4005 0 0 0 0 0
1634 16020 0 0 8010 299 202 0 0 0
1637 4005 0 0 0 0 0 4005 0 0
1638 4005 0 0 0 0 0 4005 0 0
1639 20025 0 0 4005 1 0 0 0 0
1641 12 0 0 6 0 0 0 0 0
1642 36 1 1 12 1 1 0 0 0
1645 12 0 0 6 1 1 0 0 0
1647 2 0 0 0 0 0 0 0 0
1648 2 1 1 0 0 0 1 0 0
1659 5 0 0 0 0 0 5 0 0
1660 10 0 0 5 0 0 5 0 0
1663 8010 0 0 4005 0 0 0 0 0
fl=./malloc/./malloc/morecore.c
fn=__glibc_morecore
25 3580 3 3 0 0 0 0 0 0
26 3580 0 0 1790 0 0 0 0 0
27 295 0 0 0 0 0 0 0 0
29 1790 0 0 0 0 0 1790 182 1
30 3580 0 0 0 0 0 0 0 0
34 3580 0 0 1790 0 0 0 0 0
fl=./malloc/./malloc/scratch_buffer_set_array_size.c
fn=__libc_scratch_buffer_set_array_size
30 50 2 2 0 0 0 15 0 0
34 5 0 0 0 0 0 0 0 0
35 10 0 0 0 0 0 0 0 0
45 10 0 0 5 0 0 0 0 0
46 5 0 0 0 0 0 0 0 0
63 20 1 1 20 0 0 0 0 0
fl=./malloc/./malloc/thread-freeres.c
fn=__libc_thread_freeres
34 8 1 1 0 0 0 0 0 0
36 4 0 0 0 0 0 4 0 0
38 4 0 0 0 0 0 4 0 0
40 4 2 1 0 0 0 4 0 0
44 4 0 0 0 0 0 0 0 0
45 4 0 0 0 0 0 0 0 0
fl=./math/../sysdeps/x86_64/fpu/multiarch/e_asin.c
fn=__acos_finite@GLIBC_2.15
35 1 1 1 0 0 0 0 0 0
fn=__asin_finite@GLIBC_2.15
27 2 1 1 1 0 0 0 0 0
fl=./math/../sysdeps/x86_64/fpu/multiarch/e_atan2.c
fn=__atan2_finite@GLIBC_2.15
26 2 1 1 1 0 0 0 0 0
fl=./math/../sysdeps/x86_64/fpu/multiarch/e_exp.c
fn=__exp_finite@GLIBC_2.15
27 2 2 2 1 0 0 0 0 0
fl=./math/../sysdeps/x86_64/fpu/multiarch/e_exp2f.c
fn=exp2f@@GLIBC_2.27
27 2 1 1 1 0 0 0 0 0
fl=./math/../sysdeps/x86_64/fpu/multiarch/e_expf.c
fn=expf@@GLIBC_2.27
27 2 1 1 1 0 0 0 0 0
fl=./math/../sysdeps/x86_64/fpu/multiarch/e_log.c
fn=__log_finite@GLIBC_2.15
27 2 2 2 1 0 0 0 0 0
fl=./math/../sysdeps/x86_64/fpu/multiarch/e_log2f.c
fn=log2f@@GLIBC_2.27
27 2 1 1 1 0 0 0 0 0
fl=./math/../sysdeps/x86_64/fpu/multiarch/e_logf.c
fn=logf@@GLIBC_2.27
27 2 1 1 1 0 0 0 0 0
fl=./math/../sysdeps/x86_64/fpu/multiarch/e_pow.c
fn=__pow_finite@GLIBC_2.15
27 2 1 1 1 0 0 0 0 0
fl=./math/../sysdeps/x86_64/fpu/multiarch/e_powf.c
fn=powf@@GLIBC_2.27
30 1 1 1 0 0 0 0 0 0
fl=./math/../sysdeps/x86_64/fpu/multiarch/ifunc-avx-fma4.h
fn=__atan2_finite@GLIBC_2.15
32 5 1 1 2 0 0 0 0 0
33 2 0 0 1 0 0 0 0 0
fn=__exp_finite@GLIBC_2.15
32 5 0 0 2 0 0 0 0 0
33 2 0 0 1 0 0 0 0 0
fn=__log_finite@GLIBC_2.15
32 5 0 0 2 0 0 0 0 0
33 2 0 0 1 0 0 0 0 0
fn=cos
32 5 1 1 2 0 0 0 0 0
33 2 0 0 1 0 0 0 0 0
fn=sin
32 5 0 0 2 0 0 0 0 0
33 2 0 0 1 0 0 0 0 0
fl=./math/../sysdeps/x86_64/fpu/multiarch/ifunc-fma.h
fn=cosf
29 4 1 1 2 0 0 0 0 0
30 3 0 0 1 0 0 0 0 0
fn=exp2f@@GLIBC_2.27
29 4 0 0 2 0 0 0 0 0
30 3 1 1 1 0 0 0 0 0
fn=expf@@GLIBC_2.27
29 4 1 1 2 0 0 0 0 0
30 3 0 0 1 0 0 0 0 0
fn=log2f@@GLIBC_2.27
29 4 0 0 2 0 0 0 0 0
30 3 1 1 1 0 0 0 0 0
fn=logf@@GLIBC_2.27
29 4 0 0 2 0 0 0 0 0
30 3 0 0 1 0 0 0 0 0
fn=powf@@GLIBC_2.27
29 4 0 0 2 0 0 0 0 0
30 4 0 0 2 0 0 0 0 0
fn=sincosf
29 4 1 1 2 0 0 0 0 0
30 3 0 0 1 0 0 0 0 0
fn=sinf
29 4 0 0 2 0 0 0 0 0
30 3 0 0 1 0 0 0 0 0
fl=./math/../sysdeps/x86_64/fpu/multiarch/ifunc-fma4.h
fn=__acos_finite@GLIBC_2.15
31 4 0 0 2 0 0 0 0 0
32 2 1 1 1 0 0 0 0 0
35 1 0 0 1 0 0 0 0 0
fn=__asin_finite@GLIBC_2.15
31 4 0 0 2 0 0 0 0 0
32 2 0 0 1 0 0 0 0 0
fn=__pow_finite@GLIBC_2.15
31 4 0 0 2 0 0 0 0 0
32 2 0 0 1 0 0 0 0 0
fl=./math/../sysdeps/x86_64/fpu/multiarch/s_cosf.c
fn=cosf
26 2 1 1 1 0 0 0 0 0
fl=./math/../sysdeps/x86_64/fpu/multiarch/s_fma.c
fn=fma
49 6 1 1 3 0 0 0 0 0
fl=./math/../sysdeps/x86_64/fpu/multiarch/s_sin.c
fn=cos
34 2 1 1 1 0 0 0 0 0
fn=sin
27 2 1 1 1 0 0 0 0 0
fl=./math/../sysdeps/x86_64/fpu/multiarch/s_sincosf.c
fn=sincosf
26 2 1 1 1 0 0 0 0 0
fl=./math/../sysdeps/x86_64/fpu/multiarch/s_sinf.c
fn=sinf
26 2 1 1 1 0 0 0 0 0
fl=./misc/../sysdeps/unix/syscall-template.S
fn=madvise
117 20 2 2 0 0 0 0 0 0
122 4 0 0 4 0 0 0 0 0
fn=mprotect
117 70 2 2 0 0 0 0 0 0
122 14 0 0 14 0 0 0 0 0
fn=munmap
117 15 2 2 0 0 0 0 0 0
122 3 0 0 3 0 0 0 0 0
fl=./misc/../sysdeps/unix/sysv/linux/brk.c
fn=brk
35 355 1 1 0 0 0 0 0 0
36 1420 0 0 355 0 0 355 0 0
37 710 0 0 0 0 0 0 0 0
39 590 0 0 295 295 1 295 295 0
40 590 0 0 295 0 0 0 0 0
43 60 0 0 0 0 0 0 0 0
44 60 0 0 60 0 0 0 0 0
fl=./misc/../sysdeps/unix/sysv/linux/clone-internal.c
fn=__clone_internal
49 36 2 2 0 0 0 20 0 0
53 8 0 0 8 1 0 0 0 0
54 16 0 0 0 0 0 4 0 0
55 16 0 0 4 0 0 0 0 0
60 4 1 1 0 0 0 4 0 0
66 8 0 0 8 0 0 0 0 0
81 8 0 0 8 0 0 0 0 0
83 32 0 0 12 0 0 8 0 0
88 8 0 0 8 0 0 0 0 0
89 24 0 0 24 0 0 0 0 0
fl=./misc/../sysdeps/unix/sysv/linux/getpagesize.c
fn=getpagesize
27 8 1 1 0 0 0 0 0 0
28 32 0 0 16 3 1 0 0 0
30 8 0 0 8 0 0 0 0 0
fl=./misc/../sysdeps/unix/sysv/linux/mmap64.c
fn=mmap
47 652 2 2 0 0 0 0 0 0
50 652 0 0 0 0 0 0 0 0
58 1304 0 0 0 0 0 0 0 0
60 326 0 0 326 0 0 0 0 0
fl=./misc/../sysdeps/unix/sysv/linux/x86_64/clone.S
fn=clone
52 4 1 1 0 0 0 0 0 0
54 4 0 0 0 0 0 0 0 0
55 4 0 0 0 0 0 0 0 0
56 4 0 0 0 0 0 0 0 0
59 4 0 0 0 0 0 0 0 0
60 4 0 0 0 0 0 0 0 0
63 4 0 0 0 0 0 4 4 4
65 4 0 0 0 0 0 0 0 0
69 4 0 0 0 0 0 4 0 0
72 4 0 0 0 0 0 0 0 0
73 4 0 0 0 0 0 0 0 0
74 4 0 0 0 0 0 0 0 0
75 4 0 0 4 0 0 0 0 0
76 4 0 0 0 0 0 0 0 0
81 4 0 0 0 0 0 0 0 0
83 8 0 0 0 0 0 0 0 0
84 8 0 0 0 0 0 0 0 0
85 8 0 0 0 0 0 0 0 0
87 4 0 0 4 0 0 0 0 0
95 4 0 0 0 0 0 0 0 0
98 4 1 1 4 2 0 0 0 0
99 4 0 0 4 0 0 0 0 0
100 4 0 0 0 0 0 4 0 0
fl=./misc/../sysdeps/unix/sysv/linux/x86_64/clone3.S
fn=clone3
42 4 1 1 0 0 0 0 0 0
44 4 0 0 0 0 0 0 0 0
45 4 0 0 0 0 0 0 0 0
46 4 0 0 0 0 0 0 0 0
47 4 0 0 0 0 0 0 0 0
48 4 0 0 0 0 0 0 0 0
52 4 0 0 0 0 0 0 0 0
55 4 0 0 0 0 0 0 0 0
60 4 0 0 0 0 0 0 0 0
62 4 0 0 0 0 0 0 0 0
63 4 0 0 0 0 0 0 0 0
89 20 0 0 8 0 0 4 0 0
fl=./misc/./misc/init-misc.c
fn=__init_misc
30 5 2 2 0 0 0 2 0 0
31 5 0 0 1 0 0 0 0 0
33 3 0 0 0 0 0 1 0 0
37 5 0 0 1 0 0 1 1 0
38 3 0 0 2 0 0 1 0 0
40 4 0 0 3 0 0 0 0 0
fl=./misc/./misc/sbrk.c
fn=sbrk
37 8950 2 2 0 0 0 5370 172 1
40 3580 0 0 3580 708 2 0 0 0
43 3580 0 0 1790 354 1 0 0 0
58 3580 2 2 0 0 0 0 0 0
59 4 0 0 0 0 0 1 0 0
60 295 0 0 0 0 0 0 0 0
62 3580 0 0 0 0 0 0 0 0
63 1437 0 0 1437 0 0 0 0 0
66 1416 1 1 0 0 0 0 0 0
74 1062 0 0 0 0 0 354 0 0
78 8950 1 1 7160 0 0 0 0 0
fl=./nptl/../include/list.h
fn=__nptl_deallocate_stack
43 4 0 0 0 0 0 4 0 0
44 8 1 1 0 0 0 4 0 0
45 4 0 0 0 0 0 4 0 0
47 4 0 0 0 0 0 4 0 0
55 12 1 1 8 0 0 4 1 1
56 4 0 0 0 0 0 4 3 3
fn=__nptl_stack_list_add
45 4 0 0 0 0 0 4 0 0
47 4 0 0 0 0 0 4 0 0
fl=./nptl/../sysdeps/nptl/futex-internal.h
fn=pthread_barrier_wait@@GLIBC_2.34
146 93000 2 2 9000 0 0 0 0 0
147 30000 0 0 0 0 0 0 0 0
209 33000 1 1 3000 0 0 0 0 0
fl=./nptl/../sysdeps/unix/sysv/linux/internal-signals.h
fn=pthread_create@@GLIBC_2.34
76 28 1 1 0 0 0 0 0 0
110 24 0 0 0 0 0 0 0 0
fn=start_thread
110 20 1 1 0 0 0 0 0 0
fl=./nptl/../sysdeps/unix/sysv/linux/rseq-internal.h
fn=start_thread
32 12 1 1 0 0 0 0 0 0
40 4 0 0 0 0 0 4 4 4
fl=./nptl/../sysdeps/unix/sysv/linux/sigsetops.h
fn=pthread_create@@GLIBC_2.34
54 1 0 0 0 0 0 1 1 0
104 2 0 0 1 0 0 0 0 0
112 4 1 1 4 0 0 0 0 0
113 4 0 0 0 0 0 0 0 0
fn=start_thread
112 12 1 1 4 0 0 4 4 4
fl=./nptl/../sysdeps/unix/sysv/linux/x86/elision-conf.c
fn=__lll_elision_init
96 6 1 1 1 0 0 2 0 0
101 5 1 1 0 0 0 1 0 0
103 4 0 0 0 0 0 1 0 0
105 4 0 0 0 0 0 1 0 0
107 4 0 0 0 0 0 1 0 0
109 4 1 1 0 0 0 1 0 0
113 3 0 0 1 1 1 0 0 0
114 1 0 0 0 0 0 1 1 1
115 6 0 0 4 0 0 0 0 0
fl=./nptl/../sysdeps/x86/nptl/tls-setup.h
fn=pthread_create@@GLIBC_2.34
22 8 0 0 4 1 1 4 4 4
fl=./nptl/./nptl-stack.h
fn=pthread_create@@GLIBC_2.34
58 40 1 1 12 1 1 4 0 0
fl=./nptl/./nptl/alloca_cutoff.c
fn=__libc_alloca_cutoff
27 1 1 1 0 0 0 0 0 0
28 9 0 0 1 1 1 0 0 0
35 1 0 0 1 0 0 0 0 0
fl=./nptl/./nptl/allocatestack.c
fn=pthread_create@@GLIBC_2.34
63 16 0 0 4 1 1 0 0 0
71 16 1 1 4 1 1 0 0 0
96 16 1 1 8 0 0 0 0 0
167 8 0 0 0 0 0 0 0 0
171 28 0 0 8 0 0 8 0 0
220 16 1 1 0 0 0 4 0 0
224 8 0 0 0 0 0 0 0 0
229 12 0 0 4 0 0 0 0 0
239 8 0 0 4 0 0 0 0 0
332 8 0 0 0 0 0 4 0 0
333 24 0 0 8 2 2 0 0 0
337 8 0 0 0 0 0 0 0 0
347 24 1 1 4 0 0 4 0 0
351 16 0 0 0 0 0 0 0 0
355 8 0 0 0 0 0 0 0 0
356 12 0 0 4 0 0 0 0 0
357 4 0 0 0 0 0 0 0 0
370 52 1 1 12 0 0 20 0 0
373 20 0 0 12 0 0 0 0 0
378 8 0 0 4 0 0 0 0 0
383 8 0 0 4 0 0 0 0 0
384 4 0 0 0 0 0 0 0 0
393 12 1 1 4 0 0 0 0 0
405 8 0 0 4 0 0 4 4 4
406 4 0 0 0 0 0 4 0 0
414 8 0 0 0 0 0 4 4 4
417 4 0 0 0 0 0 4 4 4
419 4 0 0 0 0 0 4 1 1
427 4 1 1 0 0 0 4 4 4
430 16 0 0 0 0 0 4 0 0
443 16 1 1 4 0 0 0 0 0
446 20 0 0 0 0 0 8 0 0
448 16 0 0 8 0 0 0 0 0
455 28 1 1 8 0 0 4 0 0
478 12 1 1 8 0 0 0 0 0
507 20 1 1 12 0 0 0 0 0
545 8 0 0 4 0 0 4 0 0
550 4 1 1 0 0 0 4 0 0
555 4 0 0 0 0 0 4 0 0
558 4 0 0 0 0 0 4 0 0
560 16 1 1 0 0 0 4 0 0
571 12 0 0 4 0 0 0 0 0
576 8 0 0 4 0 0 0 0 0
fn=start_thread
190 8 0 0 0 0 0 4 0 0
192 20 1 1 0 0 0 0 0 0
193 8 0 0 4 0 0 0 0 0
194 8 0 0 0 0 0 0 0 0
195 20 1 1 0 0 0 4 0 0
fl=./nptl/./nptl/cancellation.c
fn=__pthread_disable_asynccancel
56 3 1 1 0 0 0 0 0 0
59 6 0 0 0 0 0 0 0 0
63 6 0 0 3 1 1 3 1 1
64 3 0 0 3 0 0 0 0 0
fn=__pthread_enable_asynccancel
31 3 1 1 0 0 0 0 0 0
32 3 0 0 3 0 0 0 0 0
34 9 1 1 3 1 1 0 0 0
35 3 0 0 0 0 0 3 0 0
37 3 0 0 3 2 2 0 0 0
39 6 0 0 3 0 0 0 0 0
42 9 0 0 0 0 0 0 0 0
49 3 0 0 3 0 0 0 0 0
fl=./nptl/./nptl/cleanup_compat.c
fn=_pthread_cleanup_pop@@GLIBC_2.34
40 4 1 1 0 0 0 0 0 0
43 8 0 0 4 1 1 4 1 1
47 8 0 0 0 0 0 0 0 0
49 4 0 0 4 0 0 0 0 0
fn=_pthread_cleanup_push@@GLIBC_2.34
25 4 1 1 0 0 0 0 0 0
28 4 0 0 0 0 0 4 0 0
29 4 0 0 0 0 0 4 0 0
30 8 0 0 4 0 0 4 0 0
32 4 0 0 0 0 0 4 0 0
33 4 0 0 4 0 0 0 0 0
fl=./nptl/./nptl/futex-internal.c
fn=__futex_abstimed_wait_cancelable64
57 38 3 3 8 0 0 6 1 1
77 4 1 1 0 0 0 0 0 0
80 4 0 0 0 0 0 0 0 0
83 6 0 0 0 0 0 0 0 0
84 4 0 0 0 0 0 0 0 0
103 16 0 0 2 0 0 2 1 1
113 2 0 0 0 0 0 0 0 0
138 12 1 1 0 0 0 6 0 0
141 14 1 1 8 1 1 4 0 0
fl=./nptl/./nptl/libc-cleanup.c
fn=__libc_cleanup_pop_restore
39 3 1 1 0 0 0 0 0 0
42 6 0 0 3 0 0 3 0 0
44 6 0 0 3 0 0 3 0 0
45 6 0 0 0 0 0 0 0 0
47 3 0 0 3 0 0 0 0 0
fn=__libc_cleanup_push_defer
24 3 2 2 0 0 0 0 0 0
27 6 0 0 3 1 1 3 0 0
30 12 0 0 3 2 2 3 0 0
31 3 0 0 0 0 0 3 0 0
33 3 0 0 0 0 0 3 0 0
34 3 0 0 3 0 0 0 0 0
fl=./nptl/./nptl/nptl-stack.c
fn=__nptl_deallocate_stack
28 4 0 0 0 0 0 4 0 0
36 4 0 0 0 0 0 4 0 0
43 16 0 0 4 0 0 4 0 0
51 4 0 0 0 0 0 4 0 0
103 12 0 0 8 0 0 4 0 0
104 12 1 1 4 0 0 0 0 0
111 20 1 1 0 0 0 8 0 0
112 20 0 0 8 2 2 0 0 0
116 4 0 0 0 0 0 0 0 0
122 8 0 0 4 0 0 0 0 0
128 16 0 0 8 0 0 0 0 0
129 16 0 0 12 0 0 0 0 0
fn=__nptl_stack_list_add
42 4 1 1 0 0 0 0 0 0
43 36 1 1 8 0 0 8 4 4
51 4 0 0 0 0 0 4 0 0
52 4 0 0 4 0 0 0 0 0
fl=./nptl/./nptl/nptl_deallocate_tsd.c
fn=__nptl_deallocate_tsd
23 4 1 1 0 0 0 0 0 0
28 16 1 1 4 0 0 0 0 0
110 4 1 1 4 0 0 0 0 0
fl=./nptl/./nptl/nptl_free_tcb.c
fn=__nptl_free_tcb
25 12 1 1 0 0 0 4 0 0
27 16 0 0 8 0 0 0 0 0
30 12 0 0 4 0 0 0 0 0
41 8 0 0 0 0 0 0 0 0
43 4 0 0 4 0 0 0 0 0
fl=./nptl/./nptl/pthread_attr_copy.c
fn=__pthread_attr_copy
25 44 2 2 4 0 0 20 1 1
29 32 0 0 16 1 1 16 1 1
32 4 1 1 0 0 0 4 0 0
38 12 0 0 4 0 0 0 0 0
61 32 1 1 16 0 0 16 1 0
62 4 0 0 0 0 0 0 0 0
63 40 0 0 28 0 0 0 0 0
fl=./nptl/./nptl/pthread_attr_destroy.c
fn=pthread_attr_destroy
26 4 1 1 0 0 0 0 0 0
36 12 0 0 4 0 0 0 0 0
44 8 0 0 4 0 0 0 0 0
fl=./nptl/./nptl/pthread_barrier_destroy.c
fn=pthread_barrier_destroy@@GLIBC_2.34
26 1 1 1 0 0 0 0 0 0
38 1 0 0 0 0 0 0 0 0
39 4 0 0 1 1 1 0 0 0
42 1 0 0 1 0 0 0 0 0
44 4 0 0 2 0 0 0 0 0
60 2 1 1 1 0 0 0 0 0
fl=./nptl/./nptl/pthread_barrier_init.c
fn=pthread_barrier_init@@GLIBC_2.34
33 1 1 1 0 0 0 0 0 0
43 3 0 0 0 0 0 0 0 0
49 2 0 0 0 0 0 0 0 0
54 1 0 0 0 0 0 1 0 0
55 1 0 0 0 0 0 1 0 0
56 1 0 0 0 0 0 1 0 0
58 1 0 0 0 0 0 1 0 0
59 1 0 0 0 0 0 0 0 0
61 2 0 0 1 0 0 0 0 0
fl=./nptl/./nptl/pthread_barrier_wait.c
fn=pthread_barrier_wait@@GLIBC_2.34
96 84000 1 1 0 0 0 60000 5291 52
110 36000 0 0 24000 5857 1 0 0 0
113 12000 1 1 12000 0 0 0 0 0
116 24000 0 0 0 0 0 0 0 0
117 48000 0 0 0 0 0 0 0 0
119 36000 0 0 0 0 0 0 0 0
142 24000 1 1 12000 0 0 0 0 0
147 36000 0 0 0 0 0 0 0 0
151 15000 0 0 0 0 0 0 0 0
156 12000 0 0 3000 0 0 0 0 0
173 6000 0 0 0 0 0 0 0 0
181 36000 0 0 0 0 0 0 0 0
186 9000 0 0 9000 13 0 0 0 0
199 48000 1 1 24000 0 0 0 0 0
200 24000 0 0 0 0 0 0 0 0
221 60000 0 0 0 0 0 0 0 0
222 72000 0 0 72000 18082 3363 0 0 0
fl=./nptl/./nptl/pthread_create.c
fn=create_thread
234 56 2 2 4 0 0 28 0 0
238 12 0 0 4 0 0 0 0 0
239 8 0 0 0 0 0 0 0 0
242 8 1 1 4 0 0 0 0 0
245 12 0 0 4 0 0 4 0 0
246 8 0 0 0 0 0 0 0 0
285 48 1 1 4 0 0 36 0 0
288 4 0 0 0 0 0 0 0 0
295 16 1 1 0 0 0 4 0 0
296 8 0 0 0 0 0 0 0 0
301 4 0 0 0 0 0 4 0 0
304 8 0 0 0 0 0 0 0 0
307 8 0 0 0 0 0 0 0 0
319 8 1 1 4 0 0 0 0 0
330 4 0 0 0 0 0 0 0 0
331 40 0 0 32 0 0 0 0 0
fn=pthread_create@@GLIBC_2.34
79 2 0 0 0 0 0 1 0 0
80 1 1 1 0 0 0 1 0 0
81 4 1 1 0 0 0 1 0 0
88 6 0 0 0 0 0 0 0 0
604 16 1 1 4 0 0 0 0 0
621 60 2 2 4 0 0 44 3 2
627 12 0 0 8 2 1 0 0 0
630 2 1 1 0 0 0 1 0 0
636 4 0 0 4 0 0 0 0 0
637 16 0 0 4 0 0 0 0 0
639 16 0 0 0 0 0 4 0 0
640 8 0 0 0 0 0 0 0 0
642 8 0 0 0 0 0 4 0 0
666 4 0 0 0 0 0 4 0 0
669 4 0 0 0 0 0 4 0 0
675 8 0 0 4 0 0 4 4 4
676 8 0 0 4 0 0 4 0 0
677 4 0 0 0 0 0 4 4 4
680 4 0 0 4 0 0 0 0 0
681 32 1 1 4 0 0 4 4 4
682 12 0 0 4 1 1 0 0 0
686 4 0 0 4 1 1 0 0 0
692 16 0 0 0 0 0 4 0 0
695 16 0 0 8 1 1 8 0 0
700 8 1 1 4 1 1 4 0 0
701 8 0 0 4 0 0 4 0 0
705 8 0 0 4 0 0 4 0 0
710 8 0 0 4 0 0 4 0 0
722 8 1 1 0 0 0 0 0 0
723 8 1 1 0 0 0 0 0 0
743 8 0 0 4 1 1 0 0 0
744 3 0 0 1 0 0 1 0 0
747 12 0 0 4 0 0 4 0 0
749 4 0 0 0 0 0 0 0 0
759 4 0 0 8 0 0 0 0 0
764 8 0 0 0 0 0 8 0 0
772 12 0 0 4 0 0 0 0 0
783 64 2 2 32 0 0 32 8 8
828 28 1 1 0 0 0 4 0 0
835 9 0 0 0 0 0 1 0 0
875 8 0 0 4 0 0 0 0 0
885 8 0 0 0 0 0 4 0 0
889 8 0 0 4 0 0 0 0 0
890 8 0 0 0 0 0 4 0 0
893 80 2 2 36 0 0 4 1 1
fn=start_thread
336 32 1 1 4 2 0 16 4 4
343 8 0 0 4 2 0 0 0 0
365 16 1 1 8 2 1 4 2 0
368 4 0 0 0 0 0 4 0 0
372 4 0 0 4 2 0 0 0 0
373 8 0 0 0 0 0 0 0 0
383 20 0 0 4 0 0 0 0 0
400 16 1 1 0 0 0 4 0 0
414 8 0 0 0 0 0 4 0 0
418 20 0 0 12 0 0 0 0 0
421 8 0 0 0 0 0 0 0 0
424 8 0 0 0 0 0 4 0 0
426 8 0 0 4 0 0 0 0 0
428 4 0 0 0 0 0 0 0 0
432 8 0 0 4 2 0 0 0 0
442 16 2 2 12 2 0 4 0 0
443 4 1 1 0 0 0 4 4 4
450 4 1 1 0 0 0 4 0 0
453 4 0 0 0 0 0 4 0 0
456 4 0 0 0 0 0 4 0 0
459 12 0 0 8 0 0 0 0 0
490 8 0 0 12 3 3 0 0 0
492 16 0 0 8 1 1 0 0 0
505 4 0 0 0 0 0 0 0 0
506 20 0 0 0 0 0 0 0 0
513 20 1 1 4 0 0 0 0 0
514 8 0 0 4 0 0 4 0 0
515 16 0 0 8 0 0 0 0 0
550 12 0 0 8 0 0 0 0 0
551 8 0 0 8 3 3 0 0 0
554 12 0 0 8 0 0 0 0 0
571 12 1 1 8 0 0 0 0 0
594 20 0 0 0 0 0 0 0 0
fl=./nptl/./nptl/pthread_getattr_default_np.c
fn=pthread_getattr_default_np@@GLIBC_2.34
24 16 2 2 0 0 0 4 0 0
25 16 0 0 4 1 1 0 0 0
26 12 0 0 0 0 0 4 0 0
27 16 0 0 8 0 0 0 0 0
29 12 0 0 8 0 0 0 0 0
fl=./nptl/./nptl/pthread_join.c
fn=pthread_join@@GLIBC_2.34
23 4 2 2 0 0 0 0 0 0
24 16 2 2 0 0 0 0 0 0
fl=./nptl/./nptl/pthread_join_common.c
fn=__pthread_clockjoin_ex
39 44 2 2 4 0 0 28 0 0
43 24 0 0 4 0 0 0 0 0
48 8 0 0 4 0 0 0 0 0
52 16 1 1 4 0 0 0 0 0
55 4 0 0 0 0 0 0 0 0
57 8 0 0 0 0 0 0 0 0
58 8 0 0 4 1 1 0 0 0
77 16 0 0 4 0 0 0 0 0
87 8 0 0 0 0 0 0 0 0
92 16 2 2 0 0 0 8 0 0
97 26 0 0 6 0 0 0 0 0
105 12 0 0 0 0 0 2 0 0
107 8 0 0 0 0 0 0 0 0
114 16 1 1 4 0 0 4 0 0
117 4 0 0 4 0 0 0 0 0
121 4 1 1 0 0 0 4 0 0
124 8 0 0 0 0 0 0 0 0
128 12 0 0 0 0 0 4 0 0
133 4 0 0 0 0 0 0 0 0
136 48 0 0 36 0 0 0 0 0
fl=./nptl/./nptl/pthread_mutex_conf.c
fn=__pthread_tunables_init
50 6 2 2 1 0 0 2 0 0
51 5 0 0 0 0 0 1 0 0
53 4 0 0 0 0 0 1 0 0
55 6 0 0 4 0 0 0 0 0
fl=./nptl/./nptl/pthread_mutex_lock.c
fn=pthread_mutex_lock@@GLIBC_2.2.5
44 5 1 1 5 0 0 0 0 0
45 28 0 0 6 0 0 0 0 0
46 1 0 0 0 0 0 1 0 0
48 16 0 0 4 0 0 0 0 0
77 15 2 2 0 0 0 5 0 0
80 15 0 0 5 1 1 0 0 0
82 5 0 0 0 0 0 0 0 0
84 10 1 1 0 0 0 0 0 0
88 10 0 0 0 0 0 0 0 0
97 10 1 1 0 0 0 0 0 0
108 20 1 1 5 0 0 0 0 0
112 5 0 0 5 2 2 0 0 0
115 10 0 0 5 0 0 0 0 0
130 15 0 0 5 0 0 0 0 0
131 10 1 1 0 0 0 5 0 0
167 5 1 1 5 0 0 0 0 0
170 5 0 0 0 0 0 5 0 0
172 5 0 0 5 0 0 0 0 0
175 5 0 0 0 0 0 0 0 0
177 5 0 0 0 0 0 0 0 0
178 15 0 0 10 0 0 0 0 0
fl=./nptl/./nptl/pthread_mutex_unlock.c
fn=pthread_mutex_unlock@@GLIBC_2.2.5
39 5 0 0 5 0 0 0 0 0
40 25 0 0 5 0 0 0 0 0
41 2 0 0 0 0 0 1 0 0
43 16 0 0 8 0 0 0 0 0
51 15 0 0 5 0 0 0 0 0
52 10 2 2 0 0 0 0 0 0
57 10 0 0 0 0 0 0 0 0
62 5 0 0 0 0 0 5 0 0
65 5 0 0 5 0 0 0 0 0
70 5 0 0 0 0 0 0 0 0
74 10 2 2 0 0 0 0 0 0
80 20 2 2 5 0 0 0 0 0
84 15 0 0 10 0 0 0 0 0
87 15 1 1 5 0 0 0 0 0
367 10 2 2 0 0 0 0 0 0
369 10 0 0 5 0 0 0 0 0
fl=./posix/../malloc/dynarray-skeleton.c
fn=__unregister_atfork
243 5 0 0 5 0 0 0 0 0
fl=./posix/../sysdeps/unix/syscall-template.S
fn=uname
120 5 1 1 0 0 0 0 0 0
122 1 0 0 1 0 0 0 0 0
fl=./posix/../sysdeps/unix/sysv/linux/_exit.c
fn=_Exit
27 2 1 1 1 0 0 0 0 0
30 3 0 0 0 0 0 0 0 0
31 2 0 0 0 0 0 0 0 0
fl=./posix/./posix/register-atfork.c
fn=__unregister_atfork
65 10 0 0 0 0 0 0 0 0
76 15 1 1 0 0 0 5 0 0
77 20 0 0 5 1 1 0 0 0
103 20 1 1 10 0 0 0 0 0
104 10 0 0 10 0 0 0 0 0
fl=./resolv/./resolv/res-close.c
fn=__res_thread_freeres
131 16 1 1 0 0 0 12 0 0
132 4 0 0 0 0 0 4 0 0
134 20 1 1 12 8 8 0 0 0
142 16 0 0 16 0 0 0 0 0
fl=./resolv/./resolv/resolv_context.c
fn=__resolv_context_freeres
242 24 1 1 0 0 0 20 0 0
244 8 0 0 8 0 0 0 0 0
245 4 0 0 0 0 0 4 0 0
246 8 0 0 0 0 0 0 0 0
252 24 1 1 24 0 0 0 0 0
fl=./resource/../sysdeps/unix/sysv/linux/getrlimit64.c
fn=getrlimit
38 2 1 1 0 0 0 0 0 0
39 7 0 0 0 0 0 0 0 0
40 1 0 0 1 0 0 0 0 0
fl=./setjmp/../sysdeps/x86_64/bsd-_setjmp.S
fn=_setjmp
28 5 1 1 0 0 0 0 0 0
30 5 0 0 0 0 0 0 0 0
32 5 0 0 0 0 0 0 0 0
fl=./setjmp/../sysdeps/x86_64/setjmp.S
fn=__sigsetjmp
30 17 2 2 0 0 0 0 0 0
32 17 0 0 0 0 0 17 0 0
41 17 0 0 0 0 0 0 0 0
42 34 1 1 17 0 0 0 0 0
43 17 0 0 0 0 0 17 0 0
47 17 0 0 0 0 0 17 4 4
48 17 0 0 0 0 0 17 0 0
49 17 0 0 0 0 0 17 0 0
50 17 0 0 0 0 0 17 0 0
51 17 0 0 0 0 0 0 0 0
53 34 1 1 17 0 0 0 0 0
55 17 0 0 0 0 0 17 1 1
56 17 0 0 17 0 0 0 0 0
57 17 0 0 0 0 0 0 0 0
59 34 0 0 17 0 0 0 0 0
61 17 1 1 0 0 0 17 0 0
66 5 0 0 5 3 0 0 0 0
67 5 0 0 0 0 0 0 0 0
69 12 0 0 0 0 0 0 0 0
72 12 0 0 0 0 0 0 0 0
73 12 0 0 0 0 0 12 0 0
80 12 0 0 0 0 0 0 0 0
81 12 0 0 12 0 0 0 0 0
84 5 1 1 0 0 0 0 0 0
fl=./setjmp/./setjmp/sigjmp.c
fn=__sigjmp_save
28 15 0 0 0 0 0 5 0 0
29 5 0 0 0 0 0 5 0 0
30 10 0 0 0 0 0 0 0 0
34 15 0 0 10 0 0 0 0 0
fl=./signal/../sysdeps/unix/sysv/linux/libc_sigaction.c
fn=__libc_sigaction
43 6 2 2 1 0 0 1 0 0
48 2 0 0 0 0 0 0 0 0
50 2 1 1 1 0 0 1 1 1
51 16 0 0 8 1 0 8 2 2
53 6 1 1 1 0 0 2 0 0
58 11 1 1 0 0 0 0 0 0
63 4 0 0 0 0 0 0 0 0
71 6 2 2 3 0 0 0 0 0
fl=./stdio-common/../include/../locale/localeinfo.h
fn=__printf_fp_l
315 3 0 0 2 2 2 1 0 0
fl=./stdio-common/../include/rounding-mode.h
fn=__printf_fp_l
52 2 0 0 0 0 0 0 0 0
fl=./stdio-common/../libio/libioP.h
fn=__vfprintf_internal
940 4 0 0 1 1 1 1 0 0
942 6 0 0 0 0 0 0 0 0
943 4 0 0 1 0 0 0 0 0
fl=./stdio-common/../sysdeps/generic/get-rounding-mode.h
fn=__printf_fp_l
94 1 1 1 0 0 0 1 0 0
95 7 1 1 1 0 0 0 0 0
fl=./stdio-common/../sysdeps/pthread/allocalim.h
fn=__printf_fp_l
27 2 0 0 0 0 0 1 0 0
29 5 0 0 1 0 0 0 0 0
fl=./stdio-common/./stdio-common/printf-parse.h
fn=__vfprintf_internal
78 6 1 1 1 0 0 0 0 0
88 1 0 0 0 0 0 0 0 0
111 8 0 0 1 0 0 3 1 1
fl=./stdio-common/./stdio-common/printf_fp.c
fn=__printf_fp
1278 3 1 1 0 0 0 0 0 0
1279 4 0 0 2 0 0 0 0 0
fn=__printf_fp_l
216 16 2 2 1 0 0 9 1 1
233 1 0 0 0 0 0 1 0 0
234 1 0 0 0 0 0 1 0 0
257 1 0 0 0 0 0 1 0 0
260 2 0 0 0 0 0 0 0 0
266 6 0 0 1 0 0 1 0 0
274 1 1 1 0 0 0 1 0 0
277 3 0 0 0 0 0 0 0 0
280 2 0 0 1 0 0 1 0 0
298 3 1 1 1 0 0 0 0 0
306 1 0 0 0 0 0 1 0 0
387 2 0 0 0 0 0 0 0 0
388 2 0 0 1 0 0 1 0 0
392 2 1 1 0 0 0 0 0 0
396 17 4 4 3 2 2 1 0 0
432 5 0 0 1 0 0 0 0 0
433 1 0 0 0 0 0 0 0 0
434 2 0 0 0 0 0 0 0 0
437 18 3 3 1 0 0 1 0 0
438 16 1 1 1 0 0 1 0 0
439 16 2 2 1 0 0 1 0 0
445 1 0 0 0 0 0 1 0 0
446 2 0 0 0 0 0 0 0 0
449 1 0 0 0 0 0 0 0 0
459 1 0 0 0 0 0 0 0 0
460 7 0 0 0 0 0 1 0 0
463 3 0 0 0 0 0 0 0 0
467 4 0 0 0 0 0 0 0 0
471 4 0 0 0 0 0 1 0 0
472 1 0 0 0 0 0 0 0 0
474 6 1 1 0 0 0 0 0 0
475 9 1 1 2 0 0 1 0 0
476 2 0 0 0 0 0 0 0 0
477 5 1 1 1 0 0 2 0 0
479 2 1 1 0 0 0 0 0 0
484 13 0 0 0 0 0 0 0 0
488 77 1 1 25 4 4 0 0 0
490 8 1 1 1 0 0 0 0 0
493 3 0 0 2 0 0 0 0 0
503 3 0 0 3 0 0 0 0 0
534 2 0 0 1 1 1 1 0 0
535 5 0 0 1 0 0 1 0 0
541 12 0 0 4 0 0 2 0 0
543 2 0 0 2 0 0 0 0 0
546 4 0 0 4 0 0 0 0 0
547 4 0 0 0 0 0 0 0 0
548 6 2 2 0 0 0 2 0 0
551 26 2 2 10 0 0 3 0 0
554 13 2 2 7 0 0 4 0 0
555 8 0 0 6 0 0 0 0 0
556 10 0 0 0 0 0 0 0 0
557 8 0 0 0 0 0 0 0 0
560 13 1 1 0 0 0 0 0 0
562 26 1 1 0 0 0 0 0 0
563 2 0 0 1 0 0 1 0 0
569 3 0 0 1 0 0 0 0 0
573 12 1 1 4 0 0 0 0 0
577 3 0 0 1 0 0 0 0 0
579 2 0 0 0 0 0 0 0 0
605 1 0 0 0 0 0 0 0 0
608 8 2 2 0 0 0 0 0 0
624 3 0 0 0 0 0 1 0 0
626 3 0 0 1 0 0 0 0 0
627 6 0 0 2 0 0 1 0 0
629 6 1 1 3 0 0 0 0 0
643 2 1 1 0 0 0 1 0 0
813 1 1 1 0 0 0 0 0 0
831 3 1 1 2 0 0 1 0 0
841 6 0 0 4 1 1 1 0 0
843 2 1 1 0 0 0 0 0 0
847 2 0 0 1 0 0 1 0 0
848 1 0 0 0 0 0 0 0 0
853 2 0 0 1 0 0 0 0 0
855 1 1 1 0 0 0 1 0 0
856 4 0 0 1 0 0 1 0 0
857 1 0 0 0 0 0 1 0 0
858 1 0 0 0 0 0 0 0 0
859 4 1 1 1 0 0 1 0 0
861 3 1 1 1 0 0 1 0 0
863 2 0 0 0 0 0 1 0 0
883 2 0 0 0 0 0 0 0 0
901 3 0 0 1 0 0 0 0 0
915 7 2 2 2 0 0 1 0 0
916 1 0 0 1 0 0 0 0 0
922 1 0 0 0 0 0 0 0 0
932 18 2 2 1 0 0 3 0 0
933 5 0 0 0 0 0 0 0 0
936 3 0 0 1 0 0 0 0 0
939 17 1 1 2 0 0 0 0 0
942 28 1 1 1 0 0 13 0 0
944 1 0 0 0 0 0 0 0 0
946 6 0 0 3 0 0 0 0 0
948 3 0 0 1 0 0 1 0 0
960 3 0 0 0 0 0 1 0 0
961 4 0 0 0 0 0 2 0 0
962 9 1 1 4 0 0 0 0 0
963 12 1 1 2 0 0 0 0 0
965 2 0 0 0 0 0 0 0 0
966 6 1 1 0 0 0 4 0 0
967 2 0 0 0 0 0 0 0 0
969 8 0 0 0 0 0 0 0 0
978 3 0 0 2 0 0 0 0 0
979 5 1 1 0 0 0 3 0 0
981 8 0 0 2 0 0 0 0 0
1097 3 0 0 0 0 0 0 0 0
1104 2 1 1 0 0 0 0 0 0
1107 3 1 1 1 0 0 0 0 0
1120 3 1 1 1 0 0 0 0 0
1166 7 1 1 3 0 0 0 0 0
1168 7 1 1 1 0 0 1 0 0
1170 8 1 1 2 0 0 0 0 0
1175 3 1 1 0 0 0 0 0 0
1177 2 1 1 0 0 0 0 0 0
1180 5 1 1 2 0 0 0 0 0
1188 3 1 1 1 0 0 0 0 0
1195 3 0 0 2 0 0 0 0 0
1200 4 1 1 1 0 0 2 0 0
1202 4 0 0 2 0 0 0 0 0
1203 2 0 0 0 0 0 0 0 0
1207 4 1 1 1 0 0 1 0 0
1209 3 0 0 1 0 0 0 0 0
1220 16 1 1 1 0 0 1 0 0
1227 39 1 1 3 0 0 3 0 0
1228 27 1 1 9 0 0 0 0 0
1229 4 0 0 1 0 0 1 0 0
1230 16 0 0 0 0 0 0 0 0
1233 16 0 0 0 0 0 8 0 0
1237 6 1 1 5 0 0 0 0 0
1254 153 3 3 27 0 0 9 0 0
1257 3 1 1 1 0 0 0 0 0
1268 3 0 0 2 0 0 0 0 0
1272 12 1 1 9 0 0 0 0 0
fn=hack_digit
170 36 1 1 0 0 0 18 0 0
173 27 0 0 9 0 0 0 0 0
175 27 0 0 9 0 0 0 0 0
177 18 0 0 18 0 0 0 0 0
183 18 1 1 0 0 0 0 0 0
187 72 1 1 18 0 0 9 0 0
189 36 0 0 27 0 0 9 0 0
190 9 0 0 9 0 0 0 0 0
192 18 0 0 9 0 0 9 0 0
193 54 1 1 18 0 0 0 0 0
200 18 0 0 0 0 0 0 0 0
204 27 0 0 0 0 0 9 0 0
205 18 0 0 0 0 0 0 0 0
206 35 0 0 14 0 0 14 0 0
210 45 0 0 27 0 0 0 0 0
fl=./stdio-common/./stdio-common/vfprintf-internal.c
fn=__vfprintf_internal
127 29 1 1 0 0 0 0 0 0
239 14 3 3 5 1 1 2 0 0
351 3 0 0 0 0 0 0 0 0
352 3 0 0 0 0 0 0 0 0
354 2 1 1 0 0 0 1 0 0
1180 12 2 2 0 0 0 9 3 3
1210 5 0 0 3 1 1 2 1 1
1214 1 0 0 0 0 0 1 0 0
1218 4 1 1 1 1 1 1 0 0
1222 5 0 0 2 1 1 0 0 0
1233 2 0 0 0 0 0 0 0 0
1240 1 0 0 0 0 0 1 0 0
1244 6 1 1 3 0 0 3 1 1
1248 1 0 0 0 0 0 1 0 0
1259 10 2 2 1 0 0 5 1 1
1260 13 1 1 7 2 2 1 0 0
1263 4 0 0 2 0 0 0 0 0
1267 3 1 1 2 0 0 0 0 0
1271 8 1 1 3 2 2 1 0 0
1291 1 0 0 0 0 0 1 0 0
1292 1 0 0 0 0 0 1 0 0
1293 1 0 0 0 0 0 1 0 0
1294 1 0 0 0 0 0 1 0 0
1295 1 0 0 0 0 0 1 0 0
1298 1 0 0 0 0 0 0 0 0
1299 1 0 0 0 0 0 0 0 0
1300 1 0 0 0 0 0 0 0 0
1301 1 0 0 0 0 0 0 0 0
1302 1 0 0 0 0 0 1 0 0
1303 1 0 0 0 0 0 0 0 0
1306 1 1 1 0 0 0 1 0 0
1307 2 1 1 0 0 0 1 0 0
1313 15 1 1 3 2 2 0 0 0
1352 3 0 0 2 0 0 1 0 0
1421 1 1 1 0 0 0 0 0 0
1422 3 0 0 1 0 0 0 0 0
1448 3 0 0 0 0 0 0 0 0
1463 12 1 1 2 2 2 0 0 0
1499 2 1 1 0 0 0 0 0 0
1501 2 0 0 0 0 0 0 0 0
1516 3 1 1 0 0 0 1 0 0
1532 6 0 0 2 0 0 1 0 0
1535 34 2 2 8 0 0 6 0 0
1555 17 2 2 4 0 0 3 0 0
1556 2 1 1 0 0 0 1 0 0
1559 2 0 0 0 0 0 0 0 0
1564 2 1 1 0 0 0 0 0 0
1583 1 0 0 1 0 0 0 0 0
1589 1 1 1 0 0 0 0 0 0
1593 4 0 0 0 0 0 0 0 0
1595 3 0 0 1 0 0 0 0 0
1608 11 2 2 5 0 0 2 0 0
1609 4 0 0 1 0 0 1 0 0
1611 1 0 0 0 0 0 0 0 0
1612 12 0 0 9 0 0 0 0 0
fl=./stdlib/../stdlib/strtol.c
fn=strtol
105 3 1 1 0 0 0 0 0 0
106 12 0 0 6 0 0 0 0 0
fl=./stdlib/../stdlib/strtol_l.c
fn=____strtol_l_internal
225 33 1 1 0 0 0 21 0 0
239 3 0 0 3 1 0 0 0 0
244 3 0 0 0 0 0 0 0 0
245 6 1 1 0 0 0 0 0 0
251 6 0 0 0 0 0 0 0 0
279 3 0 0 0 0 0 0 0 0
282 12 0 0 0 0 0 0 0 0
291 18 1 1 9 2 1 0 0 0
293 6 0 0 0 0 0 0 0 0
297 3 0 0 0 0 0 3 0 0
298 6 1 1 0 0 0 0 0 0
303 6 0 0 0 0 0 0 0 0
307 6 0 0 0 0 0 0 0 0
309 3 0 0 3 1 0 0 0 0
317 6 0 0 0 0 0 0 0 0
324 6 1 1 0 0 0 0 0 0
327 12 0 0 0 0 0 3 0 0
377 3 0 0 0 0 0 0 0 0
431 18 0 0 9 0 0 0 0 0
433 48 0 0 0 0 0 0 0 0
435 27 0 0 0 0 0 0 0 0
449 6 0 0 0 0 0 3 0 0
459 12 0 0 3 0 0 0 0 0
463 27 1 1 0 0 0 0 0 0
466 27 0 0 0 0 0 0 0 0
471 15 1 1 0 0 0 0 0 0
472 27 0 0 0 0 0 0 0 0
477 6 0 0 0 0 0 0 0 0
482 9 1 1 3 0 0 0 0 0
488 6 0 0 0 0 0 0 0 0
489 6 0 0 0 0 0 0 0 0
491 9 2 2 3 0 0 0 0 0
506 15 0 0 3 0 0 0 0 0
524 24 0 0 21 0 0 0 0 0
fl=./stdlib/../sysdeps/ieee754/dbl-64/dbl2mpn.c
fn=__mpn_extract_double
33 3 1 1 0 0 0 0 0 0
35 1 0 0 0 0 0 0 0 0
37 3 0 0 0 0 0 1 0 0
38 5 0 0 0 0 0 1 0 0
47 3 0 0 0 0 0 1 0 0
56 3 1 1 0 0 0 0 0 0
103 2 0 0 0 0 0 1 0 0
107 2 0 0 1 0 0 0 0 0
fl=./stdlib/../sysdeps/unix/sysv/linux/getrandom.c
fn=getrandom
28 1 1 1 0 0 0 0 0 0
29 7 1 1 1 0 0 0 0 0
30 1 0 0 1 0 0 0 0 0
fl=./stdlib/../sysdeps/x86_64/lshift.S
fn=__mpn_lshift
28 1 1 1 0 0 0 0 0 0
29 1 0 0 0 0 0 0 0 0
30 1 0 0 0 0 0 0 0 0
32 1 0 0 0 0 0 0 0 0
33 1 0 0 0 0 0 0 0 0
34 1 0 0 0 0 0 0 0 0
46 1 1 1 0 0 0 0 0 0
47 1 0 0 0 0 0 0 0 0
48 1 0 0 1 0 0 0 0 0
49 1 0 0 0 0 0 0 0 0
50 1 0 0 0 0 0 0 0 0
51 1 0 0 0 0 0 0 0 0
52 1 0 0 0 0 0 0 0 0
58 1 0 0 0 0 0 0 0 0
59 1 0 0 0 0 0 1 0 0
60 1 0 0 1 0 0 0 0 0
fl=./stdlib/../sysdeps/x86_64/mul_1.S
fn=__mpn_mul_1
31 11 1 1 0 0 0 0 0 0
32 11 0 0 0 0 0 11 0 0
35 11 0 0 0 0 0 0 0 0
36 11 0 0 11 0 0 0 0 0
37 11 0 0 0 0 0 0 0 0
38 11 0 0 0 0 0 0 0 0
39 11 0 0 0 0 0 0 0 0
41 11 0 0 0 0 0 0 0 0
42 11 0 0 0 0 0 0 0 0
44 11 0 0 0 0 0 0 0 0
45 11 0 0 0 0 0 0 0 0
46 11 1 1 0 0 0 0 0 0
47 11 0 0 0 0 0 0 0 0
48 9 0 0 0 0 0 0 0 0
50 9 0 0 0 0 0 0 0 0
51 9 0 0 0 0 0 0 0 0
52 9 0 0 0 0 0 9 0 0
53 9 0 0 0 0 0 0 0 0
79 2 1 1 0 0 0 0 0 0
80 2 0 0 0 0 0 0 0 0
81 2 0 0 0 0 0 0 0 0
82 2 0 0 0 0 0 0 0 0
83 2 0 0 0 0 0 0 0 0
84 2 0 0 0 0 0 0 0 0
85 2 0 0 2 0 0 0 0 0
86 2 0 0 0 0 0 0 0 0
87 2 0 0 0 0 0 0 0 0
113 2 1 1 0 0 0 0 0 0
114 2 0 0 0 0 0 0 0 0
115 2 0 0 0 0 0 0 0 0
117 2 0 0 0 0 0 2 0 0
118 2 0 0 0 0 0 0 0 0
119 2 0 0 0 0 0 0 0 0
120 2 0 0 0 0 0 2 0 0
121 2 0 0 0 0 0 0 0 0
122 11 0 0 0 0 0 0 0 0
124 11 0 0 11 0 0 0 0 0
127 11 0 0 11 0 0 0 0 0
fl=./stdlib/../sysdeps/x86_64/rshift.S
fn=__mpn_rshift
28 2 1 1 0 0 0 0 0 0
29 2 0 0 0 0 0 0 0 0
30 2 0 0 0 0 0 0 0 0
31 2 0 0 0 0 0 0 0 0
44 2 1 1 0 0 0 0 0 0
45 2 0 0 0 0 0 0 0 0
61 2 1 1 0 0 0 0 0 0
62 2 0 0 2 0 0 0 0 0
63 2 0 0 2 0 0 0 0 0
64 2 0 0 0 0 0 0 0 0
65 2 0 0 0 0 0 0 0 0
66 2 0 0 0 0 0 0 0 0
67 2 0 0 0 0 0 0 0 0
72 2 0 0 0 0 0 0 0 0
73 2 0 0 0 0 0 2 0 0
74 2 0 0 0 0 0 0 0 0
75 2 0 0 0 0 0 2 0 0
76 2 0 0 2 0 0 0 0 0
fl=./stdlib/./stdlib/cmp.c
fn=__mpn_cmp
31 3 1 1 0 0 0 0 0 0
35 6 0 0 0 0 0 0 0 0
37 3 0 0 3 0 0 0 0 0
38 3 0 0 3 0 0 0 0 0
39 6 1 1 0 0 0 0 0 0
47 15 0 0 3 0 0 0 0 0
fl=./stdlib/./stdlib/cxa_atexit.c
fn=__cxa_atexit
41 20 0 0 0 0 0 0 0 0
43 60 0 0 10 1 0 0 0 0
44 20 1 1 0 0 0 10 0 0
46 20 0 0 0 0 0 0 0 0
53 30 0 0 10 0 0 0 0 0
55 10 0 0 0 0 0 10 0 0
56 20 0 0 10 0 0 10 5 2
58 10 0 0 0 0 0 10 0 0
59 40 1 1 20 0 0 0 0 0
60 10 0 0 0 0 0 0 0 0
69 90 1 1 0 0 0 40 0 0
71 60 0 0 40 0 0 0 0 0
fn=__new_exitfn
82 50 1 1 0 0 0 20 0 0
83 20 0 0 0 0 0 0 0 0
88 20 0 0 10 0 0 0 0 0
93 44 0 0 11 1 0 0 0 0
95 40 1 1 10 1 0 0 0 0
96 45 0 0 9 0 0 0 0 0
103 1 0 0 0 0 0 1 0 0
106 18 0 0 0 0 0 0 0 0
124 1 0 0 0 0 0 0 0 0
125 2 1 1 0 0 0 1 0 0
131 27 0 0 0 0 0 0 0 0
132 18 0 0 0 0 0 9 0 0
138 10 1 1 0 0 0 10 0 0
139 10 0 0 10 0 0 0 0 0
143 50 0 0 30 0 0 0 0 0
fl=./stdlib/./stdlib/cxa_finalize.c
fn=__cxa_finalize
30 45 1 1 0 0 0 30 0 0
33 30 1 1 5 0 0 0 0 0
36 30 1 1 10 0 0 0 0 0
40 176 0 0 5 0 0 0 0 0
41 108 1 1 54 3 3 0 0 0
43 9 0 0 9 0 0 0 0 0
45 9 0 0 9 0 0 0 0 0
76 9 0 0 0 0 0 9 0 0
79 27 1 1 18 0 0 0 0 0
82 36 0 0 18 0 0 0 0 0
83 27 0 0 0 0 0 9 0 0
84 36 0 0 9 0 0 0 0 0
88 18 0 0 9 0 0 0 0 0
94 35 1 1 10 1 1 0 0 0
98 30 0 0 5 1 1 0 0 0
105 10 0 0 0 0 0 0 0 0
106 10 0 0 0 0 0 5 1 1
107 20 0 0 10 0 0 0 0 0
108 40 1 1 35 0 0 0 0 0
fl=./stdlib/./stdlib/cxa_thread_atexit_impl.c
fn=__call_tls_dtors
149 20 1 1 0 0 0 10 0 0
150 20 0 0 10 4 4 0 0 0
168 20 1 1 15 0 0 0 0 0
fl=./stdlib/./stdlib/divrem.c
fn=__mpn_divrem
46 117 1 1 0 0 0 72 1 1
47 9 0 0 0 0 0 9 0 0
49 18 0 0 0 0 0 0 0 0
62 9 1 1 9 0 0 0 0 0
63 9 0 0 9 0 0 0 0 0
65 18 0 0 0 0 0 0 0 0
72 91 1 1 8 0 0 0 0 0
73 24 0 0 8 0 0 8 0 0
76 18 0 0 0 0 0 0 0 0
79 9 1 1 0 0 0 9 0 0
234 81 0 0 72 0 0 0 0 0
fl=./stdlib/./stdlib/exit.c
fn=__run_exit_handlers
40 11 1 1 0 0 0 7 0 0
45 2 0 0 0 0 0 0 0 0
46 2 0 0 0 0 0 1 0 0
48 5 1 1 1 1 1 0 0 0
56 1 0 0 1 1 1 0 0 0
58 3 0 0 0 0 0 0 0 0
62 1 0 0 0 0 0 1 0 0
66 24 0 0 2 1 1 0 0 0
68 20 0 0 0 0 0 10 0 0
71 88 1 1 10 1 1 0 0 0
98 1 0 0 0 0 0 0 0 0
105 2 1 1 0 0 0 1 0 0
106 1 0 0 1 0 0 0 0 0
107 1 0 0 1 1 1 0 0 0
109 2 1 1 1 0 0 0 0 0
112 4 0 0 2 0 0 0 0 0
113 3 0 0 0 0 0 1 0 0
114 4 0 0 1 0 0 0 0 0
124 2 1 1 1 0 0 1 0 0
125 2 0 0 0 0 0 0 0 0
131 4 0 0 2 0 0 0 0 0
133 2 0 0 1 0 0 0 0 0
134 9 1 1 1 1 1 1 0 0
136 2 0 0 0 0 0 1 0 0
fn=exit
142 4 1 1 1 0 0 1 0 0
143 4 1 1 0 0 0 1 0 0
fl=./stdlib/./stdlib/mul.c
fn=__mpn_mul
48 34 2 2 2 0 0 18 0 0
54 4 0 0 0 0 0 0 0 0
66 4 0 0 0 0 0 0 0 0
71 2 0 0 2 0 0 0 0 0
72 4 1 1 0 0 0 0 0 0
81 2 1 1 0 0 0 2 1 1
83 6 0 0 2 0 0 2 0 0
84 2 1 1 0 0 0 0 0 0
88 4 0 0 0 0 0 0 0 0
142 22 0 0 18 0 0 0 0 0
fl=./stdlib/./stdlib/rand.c
fn=rand
26 6004000 1 1 0 0 0 0 0 0
27 3002000 0 0 0 0 0 3002000 0 0
28 6004000 0 0 3002000 0 0 0 0 0
fl=./stdlib/./stdlib/random.c
fn=random
288 15010000 2 2 3002000 0 0 3002000 0 0
291 9006000 0 0 3002000 1 1 0 0 0
293 9006000 0 0 0 0 0 3002000 0 0
295 12008000 0 0 6004000 0 0 0 0 0
297 3002000 0 0 3002000 0 0 0 0 0
298 15010000 1 1 9006000 0 0 0 0 0
fl=./stdlib/./stdlib/random_r.c
fn=random_r
354 3002000 1 1 0 0 0 0 0 0
357 12008000 0 0 0 0 0 0 0 0
360 3098838 0 0 3002000 0 0 0 0 0
362 9006000 0 0 3002000 1 0 0 0 0
370 3002000 0 0 3002000 0 0 0 0 0
371 3002000 0 0 3002000 0 0 0 0 0
372 3002000 1 1 3002000 1 0 0 0 0
375 9006000 0 0 6004000 2 2 3002000 0 0
377 6004000 0 0 0 0 0 3002000 0 0
378 3002000 0 0 0 0 0 0 0 0
379 6004000 0 0 0 0 0 0 0 0
382 3002000 0 0 0 0 0 0 0 0
387 5907162 0 0 0 0 0 0 0 0
390 12008000 0 0 0 0 0 3002000 0 0
393 3002000 0 0 0 0 0 0 0 0
398 11620648 0 0 3002000 0 0 0 0 0
fl=./string/../include/rtld-malloc.h
fn=strdup
56 14 0 0 7 0 0 7 0 0
fl=./string/../sysdeps/x86/cacheinfo.c
fn=__x86_cacheinfo
86 3 1 1 1 0 0 0 0 0
fl=./string/../sysdeps/x86/cacheinfo.h
fn=__x86_cacheinfo
61 1 0 0 1 0 0 0 0 0
64 3 0 0 1 1 0 0 0 0
66 3 0 0 0 0 0 1 0 0
67 1 1 1 0 0 0 1 1 1
73 3 0 0 1 0 0 0 0 0
75 3 0 0 0 0 0 1 0 0
76 1 0 0 0 0 0 1 0 0
80 2 1 1 1 0 0 1 1 1
82 2 0 0 1 0 0 1 1 1
83 2 0 0 1 1 0 1 0 0
84 2 0 0 1 0 0 1 0 0
86 2 0 0 1 0 0 0 0 0
fl=./string/../sysdeps/x86_64/memcmp.S
fn=bcmp
22 1 1 1 0 0 0 0 0 0
27 1 0 0 0 0 0 0 0 0
28 1 0 0 0 0 0 0 0 0
29 1 0 0 0 0 0 0 0 0
30 1 0 0 0 0 0 0 0 0
31 1 0 0 0 0 0 0 0 0
32 1 0 0 0 0 0 0 0 0
33 1 0 0 0 0 0 0 0 0
34 1 0 0 0 0 0 0 0 0
37 1 0 0 0 0 0 0 0 0
38 1 0 0 0 0 0 0 0 0
39 1 1 1 1 0 0 0 0 0
40 1 0 0 1 0 0 0 0 0
41 1 0 0 0 0 0 0 0 0
42 1 0 0 0 0 0 0 0 0
43 1 0 0 0 0 0 0 0 0
44 1 0 0 0 0 0 0 0 0
45 1 0 0 0 0 0 0 0 0
47 1 0 0 0 0 0 0 0 0
48 1 0 0 0 0 0 0 0 0
65 1 1 1 0 0 0 0 0 0
66 1 0 0 0 0 0 0 0 0
83 1 0 0 0 0 0 0 0 0
84 1 0 0 0 0 0 0 0 0
85 1 0 0 1 0 0 0 0 0
86 1 0 0 1 0 0 0 0 0
87 1 0 0 0 0 0 0 0 0
91 1 0 0 0 0 0 0 0 0
93 1 0 0 0 0 0 0 0 0
94 1 0 0 0 0 0 0 0 0
98 1 0 0 0 0 0 0 0 0
138 1 1 1 0 0 0 0 0 0
139 1 0 0 0 0 0 0 0 0
140 1 0 0 0 0 0 0 0 0
141 1 0 0 0 0 0 0 0 0
142 1 0 0 0 0 0 0 0 0
143 1 0 0 0 0 0 0 0 0
144 1 1 1 0 0 0 0 0 0
145 1 0 0 0 0 0 0 0 0
146 1 0 0 0 0 0 0 0 0
147 1 0 0 0 0 0 0 0 0
148 1 0 0 0 0 0 0 0 0
149 1 0 0 0 0 0 0 0 0
150 1 0 0 1 0 0 0 0 0
fl=./string/../sysdeps/x86_64/multiarch/../strchr.S
fn=index
23 28 1 1 0 0 0 0 0 0
24 28 0 0 0 0 0 0 0 0
25 28 0 0 0 0 0 0 0 0
26 28 0 0 0 0 0 0 0 0
27 28 0 0 0 0 0 0 0 0
28 28 0 0 0 0 0 0 0 0
29 28 0 0 0 0 0 0 0 0
30 28 0 0 0 0 0 0 0 0
31 28 0 0 0 0 0 0 0 0
32 28 0 0 28 7 7 0 0 0
33 28 0 0 0 0 0 0 0 0
34 28 1 1 0 0 0 0 0 0
35 28 0 0 0 0 0 0 0 0
36 28 0 0 0 0 0 0 0 0
37 28 0 0 0 0 0 0 0 0
38 28 0 0 0 0 0 0 0 0
39 28 0 0 0 0 0 0 0 0
40 28 0 0 0 0 0 0 0 0
41 23 0 0 0 0 0 0 0 0
45 23 0 0 0 0 0 0 0 0
46 23 0 0 0 0 0 0 0 0
47 23 0 0 23 0 0 0 0 0
48 23 0 0 0 0 0 0 0 0
50 23 0 0 23 0 0 0 0 0
54 5 0 0 5 0 0 0 0 0
55 5 0 0 0 0 0 0 0 0
56 5 0 0 0 0 0 0 0 0
57 5 1 1 0 0 0 0 0 0
58 5 0 0 0 0 0 0 0 0
59 5 0 0 0 0 0 0 0 0
60 5 0 0 5 0 0 0 0 0
61 5 0 0 0 0 0 0 0 0
62 5 0 0 0 0 0 0 0 0
63 5 0 0 0 0 0 0 0 0
64 5 0 0 0 0 0 0 0 0
65 5 0 0 0 0 0 0 0 0
66 5 0 0 0 0 0 0 0 0
67 5 0 0 5 0 0 0 0 0
68 5 0 0 0 0 0 0 0 0
69 5 0 0 0 0 0 0 0 0
70 5 0 0 0 0 0 0 0 0
71 5 0 0 0 0 0 0 0 0
72 5 0 0 0 0 0 0 0 0
73 5 1 1 0 0 0 0 0 0
74 5 0 0 0 0 0 0 0 0
75 5 0 0 0 0 0 0 0 0
76 5 0 0 0 0 0 0 0 0
77 5 0 0 0 0 0 0 0 0
129 5 2 1 0 0 0 0 0 0
133 5 0 0 0 0 0 0 0 0
134 5 0 0 0 0 0 0 0 0
135 5 0 0 5 0 0 0 0 0
136 5 0 0 0 0 0 0 0 0
138 5 0 0 5 0 0 0 0 0
fl=./string/../sysdeps/x86_64/multiarch/ifunc-avx2.h
fn=memrchr
32 2 0 0 0 0 0 0 0 0
33 5 1 1 2 0 0 0 0 0
34 3 0 0 1 0 0 0 0 0
36 2 0 0 0 0 0 0 0 0
37 2 0 0 0 0 0 0 0 0
40 3 0 0 0 0 0 0 0 0
43 4 0 0 0 0 0 0 0 0
fn=rindex
32 2 1 1 0 0 0 0 0 0
33 5 0 0 2 0 0 0 0 0
34 3 0 0 1 0 0 0 0 0
36 2 0 0 0 0 0 0 0 0
37 2 0 0 0 0 0 0 0 0
40 3 0 0 0 0 0 0 0 0
43 4 0 0 0 0 0 0 0 0
fn=strchrnul
32 2 0 0 0 0 0 0 0 0
33 5 0 0 2 0 0 0 0 0
34 3 1 1 1 0 0 0 0 0
36 2 0 0 0 0 0 0 0 0
37 2 1 1 0 0 0 0 0 0
40 3 0 0 0 0 0 0 0 0
43 4 0 0 0 0 0 0 0 0
fn=strlen
32 2 1 1 0 0 0 0 0 0
33 5 0 0 2 0 0 0 0 0
34 3 0 0 1 0 0 0 0 0
36 2 0 0 0 0 0 0 0 0
37 2 0 0 0 0 0 0 0 0
40 3 0 0 0 0 0 0 0 0
43 4 0 0 0 0 0 0 0 0
fn=strnlen
32 4 1 1 0 0 0 0 0 0
33 10 0 0 4 1 0 0 0 0
34 6 0 0 2 0 0 0 0 0
36 4 0 0 0 0 0 0 0 0
37 4 0 0 0 0 0 0 0 0
40 6 0 0 0 0 0 0 0 0
43 8 0 0 0 0 0 0 0 0
fl=./string/../sysdeps/x86_64/multiarch/ifunc-evex.h
fn=memchr
34 2 0 0 0 0 0 0 0 0
35 5 1 1 2 0 0 0 0 0
36 3 0 0 1 0 0 0 0 0
38 2 0 0 0 0 0 0 0 0
39 2 1 1 0 0 0 0 0 0
41 2 0 0 0 0 0 0 0 0
47 3 0 0 0 0 0 0 0 0
50 4 0 0 0 0 0 0 0 0
fn=rawmemchr
34 2 0 0 0 0 0 0 0 0
35 5 0 0 2 0 0 0 0 0
36 3 0 0 1 0 0 0 0 0
38 2 0 0 0 0 0 0 0 0
39 2 0 0 0 0 0 0 0 0
41 2 1 1 0 0 0 0 0 0
47 3 0 0 0 0 0 0 0 0
50 4 0 0 0 0 0 0 0 0
fl=./string/../sysdeps/x86_64/multiarch/ifunc-memcmp.h
fn=bcmp
34 4 0 0 2 0 0 0 0 0
35 3 0 0 1 0 0 0 0 0
36 2 1 1 0 0 0 0 0 0
37 3 0 0 1 0 0 0 0 0
39 2 0 0 0 0 0 0 0 0
40 2 0 0 0 0 0 0 0 0
43 3 0 0 0 0 0 0 0 0
46 3 0 0 0 0 0 0 0 0
fl=./string/../sysdeps/x86_64/multiarch/ifunc-memmove.h
fn=memcpy@@GLIBC_2.14
52 2 0 0 0 0 0 0 0 0
53 3 0 0 2 0 0 0 0 0
56 3 0 0 1 0 0 0 0 0
57 2 1 1 0 0 0 0 0 0
70 2 0 0 0 0 0 0 0 0
72 2 1 1 0 0 0 0 0 0
80 2 0 0 0 0 0 0 0 0
88 2 0 0 0 0 0 0 0 0
90 5 1 1 1 0 0 0 0 0
fn=memmove
52 4 0 0 0 0 0 0 0 0
53 6 0 0 4 0 0 0 0 0
56 6 1 1 2 0 0 0 0 0
57 4 1 1 0 0 0 0 0 0
70 4 0 0 0 0 0 0 0 0
72 4 0 0 0 0 0 0 0 0
80 4 0 0 0 0 0 0 0 0
88 4 0 0 0 0 0 0 0 0
90 10 1 1 2 0 0 0 0 0
fn=mempcpy
52 2 0 0 0 0 0 0 0 0
53 3 0 0 2 0 0 0 0 0
56 3 0 0 1 0 0 0 0 0
57 2 1 1 0 0 0 0 0 0
70 2 0 0 0 0 0 0 0 0
72 2 1 1 0 0 0 0 0 0
80 2 0 0 0 0 0 0 0 0
88 2 0 0 0 0 0 0 0 0
90 5 1 1 1 0 0 0 0 0
fl=./string/../sysdeps/x86_64/multiarch/ifunc-memset.h
fn=memset
50 10 0 0 4 2 0 0 0 0
53 6 0 0 2 1 0 0 0 0
54 4 1 1 0 0 0 0 0 0
60 4 1 1 0 0 0 0 0 0
69 4 0 0 0 0 0 0 0 0
71 4 0 0 0 0 0 0 0 0
81 4 0 0 0 0 0 0 0 0
89 4 0 0 0 0 0 0 0 0
91 10 0 0 2 0 0 0 0 0
fl=./string/../sysdeps/x86_64/multiarch/ifunc-sse4_2.h
fn=strcspn
30 5 1 1 2 0 0 0 0 0
fn=strpbrk
30 5 1 1 2 1 0 0 0 0
fn=strspn
30 5 0 0 2 0 0 0 0 0
fl=./string/../sysdeps/x86_64/multiarch/ifunc-strcasecmp.h
fn=strcasecmp
32 5 1 1 2 0 0 0 0 0
fn=strcasecmp_l
32 5 0 0 2 0 0 0 0 0
fn=strncasecmp
32 5 0 0 2 0 0 0 0 0
fn=strncasecmp_l
32 5 0 0 2 0 0 0 0 0
fl=./string/../sysdeps/x86_64/multiarch/ifunc-strcpy.h
fn=stpcpy
36 4 0 0 2 0 0 0 0 0
37 3 0 0 1 0 0 0 0 0
39 2 1 1 0 0 0 0 0 0
40 2 0 0 0 0 0 0 0 0
43 3 0 0 0 0 0 0 0 0
46 3 0 0 0 0 0 0 0 0
fn=stpncpy
36 4 0 0 2 0 0 0 0 0
37 3 1 1 1 0 0 0 0 0
39 2 0 0 0 0 0 0 0 0
40 2 0 0 0 0 0 0 0 0
43 3 0 0 0 0 0 0 0 0
46 3 0 0 0 0 0 0 0 0
fn=strcat
36 4 0 0 2 0 0 0 0 0
37 3 0 0 1 0 0 0 0 0
39 2 1 1 0 0 0 0 0 0
40 2 0 0 0 0 0 0 0 0
43 3 0 0 0 0 0 0 0 0
46 3 0 0 0 0 0 0 0 0
fn=strcpy
36 4 0 0 2 0 0 0 0 0
37 3 0 0 1 0 0 0 0 0
39 2 1 1 0 0 0 0 0 0
40 2 0 0 0 0 0 0 0 0
43 3 0 0 0 0 0 0 0 0
46 3 0 0 0 0 0 0 0 0
fn=strncpy
36 4 0 0 2 0 0 0 0 0
37 3 0 0 1 0 0 0 0 0
39 2 1 1 0 0 0 0 0 0
40 2 0 0 0 0 0 0 0 0
43 3 0 0 0 0 0 0 0 0
46 3 0 0 0 0 0 0 0 0
fl=./string/../sysdeps/x86_64/multiarch/memchr.c
fn=memchr
29 2 1 1 1 0 0 0 0 0
fl=./string/../sysdeps/x86_64/multiarch/memcmp.c
fn=bcmp
29 3 2 2 1 0 0 0 0 0
fl=./string/../sysdeps/x86_64/multiarch/memcpy.c
fn=memcpy@@GLIBC_2.14
29 1 1 1 0 0 0 0 0 0
fl=./string/../sysdeps/x86_64/multiarch/memmove-vec-unaligned-erms.S
fn=__memcpy_avx_unaligned_erms
307 3 1 1 0 0 0 0 0 0
308 3 0 0 0 0 0 0 0 0
314 5 0 0 0 0 0 0 0 0
315 5 0 0 0 0 0 0 0 0
357 5 0 0 0 0 0 0 0 0
358 5 0 0 0 0 0 0 0 0
360 2 0 0 0 0 0 0 0 0
361 2 0 0 0 0 0 0 0 0
363 2 0 0 0 0 0 0 0 0
367 2 0 0 0 0 0 0 0 0
368 1 0 0 0 0 0 0 0 0
369 1 0 0 0 0 0 0 0 0
370 1 0 0 1 0 0 0 0 0
371 1 0 0 0 0 0 0 0 0
375 1 0 0 0 0 0 1 0 0
377 1 0 0 1 0 0 0 0 0
383 1 0 0 1 0 0 0 0 0
384 1 0 0 1 0 0 0 0 0
385 1 0 0 0 0 0 1 0 0
386 1 0 0 0 0 0 1 0 0
387 1 0 0 1 0 0 0 0 0
394 3 1 1 3 1 1 0 0 0
395 3 0 0 3 0 0 0 0 0
396 3 0 0 0 0 0 3 0 0
397 3 0 0 0 0 0 3 0 0
399 3 0 0 3 0 0 0 0 0
fn=__mempcpy_avx_unaligned_erms
294 2 1 1 0 0 0 0 0 0
295 2 0 0 0 0 0 0 0 0
296 2 0 0 0 0 0 0 0 0
297 2 0 0 0 0 0 0 0 0
fn=memcpy
212 33 1 1 0 0 0 0 0 0
213 33 0 0 0 0 0 0 0 0
219 202 0 0 0 0 0 0 0 0
220 202 0 0 0 0 0 0 0 0
222 57 0 0 57 2 1 0 0 0
223 57 0 0 0 0 0 0 0 0
224 57 0 0 0 0 0 0 0 0
226 41 0 0 41 0 0 0 0 0
227 41 0 0 0 0 0 41 11 11
228 41 0 0 0 0 0 41 0 0
230 41 0 0 41 0 0 0 0 0
360 145 2 2 0 0 0 0 0 0
361 145 0 0 0 0 0 0 0 0
363 40 0 0 0 0 0 0 0 0
367 40 0 0 0 0 0 0 0 0
368 25 0 0 0 0 0 0 0 0
369 25 0 0 0 0 0 0 0 0
370 3 0 0 3 2 2 0 0 0
371 3 0 0 0 0 0 0 0 0
372 2 0 0 2 0 0 0 0 0
373 2 0 0 0 0 0 2 1 1
375 3 0 0 0 0 0 3 1 1
377 25 0 0 25 0 0 0 0 0
383 15 0 0 15 0 0 0 0 0
384 15 0 0 15 0 0 0 0 0
385 15 0 0 0 0 0 15 0 0
386 15 0 0 0 0 0 15 0 0
387 15 0 0 15 0 0 0 0 0
416 105 2 1 105 1 0 0 0 0
417 105 0 0 105 0 0 0 0 0
418 105 0 0 0 0 0 105 5 5
419 105 0 0 0 0 0 105 2 2
420 105 0 0 105 0 0 0 0 0
427 16 1 1 16 0 0 0 0 0
428 16 0 0 16 0 0 0 0 0
429 16 0 0 0 0 0 16 3 3
430 16 0 0 0 0 0 16 2 2
431 16 0 0 0 0 0 16 4 4
432 16 0 0 0 0 0 16 0 0
433 16 0 0 16 0 0 0 0 0
444 16 2 2 0 0 0 0 0 0
445 16 0 0 0 0 0 0 0 0
447 16 0 0 16 0 0 0 0 0
448 16 0 0 0 0 0 0 0 0
449 16 0 0 0 0 0 0 0 0
fn=mempcpy
199 169 0 0 0 0 0 0 0 0
200 169 0 0 0 0 0 0 0 0
201 169 0 0 0 0 0 0 0 0
202 169 0 0 0 0 0 0 0 0
fl=./string/../sysdeps/x86_64/multiarch/memmove.c
fn=memmove
29 2 1 1 0 0 0 0 0 0
fl=./string/../sysdeps/x86_64/multiarch/mempcpy.c
fn=mempcpy
33 1 1 1 0 0 0 0 0 0
fl=./string/../sysdeps/x86_64/multiarch/memrchr.c
fn=memrchr
29 3 2 2 1 0 0 0 0 0
fl=./string/../sysdeps/x86_64/multiarch/memset-vec-unaligned-erms.S
fn=__memset_avx2_unaligned_erms
181 1504 1 1 0 0 0 0 0 0
182 4512 0 0 0 0 0 0 0 0
187 1504 0 0 0 0 0 0 0 0
188 1504 0 0 0 0 0 0 0 0
189 1504 0 0 0 0 0 0 0 0
190 1504 0 0 0 0 0 0 0 0
259 1504 1 1 1504 1490 842 0 0 0
260 1504 0 0 0 0 0 0 0 0
283 4 0 0 0 0 0 4 0 0
284 4 0 0 0 0 0 4 2 2
289 4 0 0 0 0 0 0 0 0
292 4 0 0 0 0 0 0 0 0
293 4 0 0 0 0 0 0 0 0
296 4 0 0 0 0 0 4 2 2
297 4 0 0 0 0 0 4 2 2
310 4 0 0 0 0 0 0 0 0
311 4 0 0 0 0 0 0 0 0
313 4 0 0 0 0 0 0 0 0
316 4 0 0 0 0 0 0 0 0
319 4 0 0 0 0 0 0 0 0
322 4 1 1 0 0 0 4 1 1
323 4 0 0 0 0 0 4 0 0
324 4 0 0 0 0 0 4 4 4
325 4 0 0 0 0 0 4 0 0
326 4 0 0 0 0 0 0 0 0
327 4 0 0 0 0 0 0 0 0
328 8 0 0 0 0 0 0 0 0
331 4 0 0 0 0 0 4 0 0
332 4 0 0 0 0 0 4 2 2
333 4 0 0 0 0 0 4 0 0
334 4 0 0 0 0 0 4 0 0
337 8 0 0 4 0 0 0 0 0
348 1500 1 1 0 0 0 0 0 0
349 1500 0 0 0 0 0 0 0 0
350 1500 0 0 0 0 0 0 0 0
351 24001500 0 0 0 0 0 24000000 226041 32789
352 1500 0 0 0 0 0 0 0 0
353 3000 0 0 1500 0 0 0 0 0
fn=memset
125 19 2 2 0 0 0 0 0 0
126 95 0 0 0 0 0 0 0 0
132 19 0 0 0 0 0 0 0 0
133 19 2 2 0 0 0 0 0 0
134 18 0 0 0 0 0 0 0 0
135 18 0 0 0 0 0 0 0 0
137 6 0 0 0 0 0 6 6 6
138 6 0 0 0 0 0 6 0 0
139 6 0 0 6 0 0 0 0 0
204 4 0 0 0 0 0 4 0 0
205 4 0 0 0 0 0 4 0 0
207 4 0 0 4 0 0 0 0 0
283 12 0 0 0 0 0 12 4 4
284 12 0 0 0 0 0 12 2 2
289 12 0 0 0 0 0 0 0 0
292 12 0 0 0 0 0 0 0 0
293 12 0 0 0 0 0 0 0 0
296 8 0 0 0 0 0 8 6 6
297 8 0 0 0 0 0 8 1 1
310 8 0 0 0 0 0 0 0 0
311 8 0 0 0 0 0 0 0 0
313 8 0 0 0 0 0 0 0 0
316 3 1 1 0 0 0 0 0 0
319 6 0 0 0 0 0 0 0 0
322 85 0 0 0 0 0 85 79 79
323 85 0 0 0 0 0 85 0 0
324 85 0 0 0 0 0 85 4 4
325 85 0 0 0 0 0 85 0 0
326 85 0 0 0 0 0 0 0 0
327 85 0 0 0 0 0 0 0 0
328 85 0 0 0 0 0 0 0 0
331 8 1 1 0 0 0 8 2 2
332 8 0 0 0 0 0 8 0 0
333 8 0 0 0 0 0 8 0 0
334 8 0 0 0 0 0 8 0 0
339 8 0 0 8 0 0 0 0 0
368 1 1 1 0 0 0 0 0 0
369 1 0 0 0 0 0 0 0 0
370 1 0 0 0 0 0 0 0 0
402 1 0 0 0 0 0 1 1 1
403 1 0 0 0 0 0 1 0 0
404 1 0 0 1 0 0 0 0 0
fl=./string/../sysdeps/x86_64/multiarch/memset.c
fn=memset
29 2 1 1 0 0 0 0 0 0
fl=./string/../sysdeps/x86_64/multiarch/rawmemchr.c
fn=rawmemchr
31 2 1 1 1 0 0 0 0 0
fl=./string/../sysdeps/x86_64/multiarch/stpcpy.c
fn=stpcpy
33 3 1 1 1 0 0 0 0 0
fl=./string/../sysdeps/x86_64/multiarch/stpncpy.c
fn=stpncpy
31 3 2 2 1 0 0 0 0 0
fl=./string/../sysdeps/x86_64/multiarch/strcasecmp.c
fn=strcasecmp
31 2 0 0 1 0 0 0 0 0
fl=./string/../sysdeps/x86_64/multiarch/strcasecmp_l.c
fn=strcasecmp_l
31 2 1 1 1 0 0 0 0 0
fl=./string/../sysdeps/x86_64/multiarch/strcat.c
fn=strcat
29 3 1 1 1 0 0 0 0 0
fl=./string/../sysdeps/x86_64/multiarch/strchr-avx2.S
fn=__strchrnul_avx2
51 2 1 1 0 0 0 0 0 0
53 2 0 0 0 0 0 0 0 0
54 2 0 0 0 0 0 0 0 0
55 2 0 0 0 0 0 0 0 0
56 2 0 0 0 0 0 0 0 0
57 2 0 0 0 0 0 0 0 0
60 2 0 0 0 0 0 0 0 0
61 2 0 0 0 0 0 0 0 0
65 2 0 0 2 1 1 0 0 0
66 2 0 0 0 0 0 0 0 0
67 2 0 0 0 0 0 0 0 0
68 2 0 0 0 0 0 0 0 0
69 2 0 0 0 0 0 0 0 0
70 2 0 0 0 0 0 0 0 0
71 2 0 0 0 0 0 0 0 0
72 2 1 1 0 0 0 0 0 0
78 2 0 0 0 0 0 0 0 0
79 4 0 0 2 0 0 0 0 0
fl=./string/../sysdeps/x86_64/multiarch/strchr.c
fn=index
40 2 1 1 0 0 0 0 0 0
41 4 0 0 2 0 0 0 0 0
42 3 0 0 1 0 0 0 0 0
44 2 0 0 0 0 0 0 0 0
45 2 0 0 0 0 0 0 0 0
48 3 0 0 0 0 0 0 0 0
51 3 0 0 0 0 0 0 0 0
61 3 1 1 1 0 0 0 0 0
fl=./string/../sysdeps/x86_64/multiarch/strchrnul.c
fn=strchrnul
31 3 1 1 1 0 0 0 0 0
fl=./string/../sysdeps/x86_64/multiarch/strcmp.c
fn=strcmp
41 4 0 0 2 0 0 0 0 0
42 3 1 1 1 0 0 0 0 0
44 2 0 0 0 0 0 0 0 0
49 3 0 0 0 0 0 0 0 0
52 3 1 1 0 0 0 0 0 0
65 2 1 1 1 0 0 0 0 0
fl=./string/../sysdeps/x86_64/multiarch/strcpy.c
fn=strcpy
29 3 1 1 1 0 0 0 0 0
fl=./string/../sysdeps/x86_64/multiarch/strcspn.c
fn=strcspn
29 2 1 1 1 0 0 0 0 0
fl=./string/../sysdeps/x86_64/multiarch/strlen-avx2.S
fn=__strlen_avx2
50 1 1 1 0 0 0 0 0 0
63 1 0 0 0 0 0 0 0 0
64 1 0 0 0 0 0 0 0 0
65 1 0 0 0 0 0 0 0 0
68 1 0 0 0 0 0 0 0 0
70 1 0 0 0 0 0 0 0 0
71 1 0 0 0 0 0 0 0 0
74 1 1 1 1 1 1 0 0 0
75 1 0 0 0 0 0 0 0 0
83 1 0 0 0 0 0 0 0 0
84 1 0 0 0 0 0 0 0 0
85 1 0 0 0 0 0 0 0 0
90 2 0 0 1 0 0 0 0 0
fl=./string/../sysdeps/x86_64/multiarch/strlen-vec.S
fn=strlen
41 33 1 1 0 0 0 0 0 0
85 33 0 0 0 0 0 0 0 0
86 33 0 0 0 0 0 0 0 0
87 33 0 0 0 0 0 0 0 0
88 33 0 0 0 0 0 0 0 0
89 33 0 0 0 0 0 0 0 0
90 33 0 0 0 0 0 0 0 0
91 33 0 0 0 0 0 0 0 0
93 33 0 0 0 0 0 0 0 0
95 33 0 0 0 0 0 0 0 0
126 33 0 0 33 6 6 0 0 0
127 33 0 0 0 0 0 0 0 0
128 33 0 0 0 0 0 0 0 0
129 33 0 0 0 0 0 0 0 0
130 33 0 0 0 0 0 0 0 0
131 15 0 0 0 0 0 0 0 0
133 15 0 0 15 0 0 0 0 0
137 18 1 1 0 0 0 0 0 0
138 18 0 0 18 0 0 0 0 0
139 18 0 0 18 1 1 0 0 0
140 18 0 0 18 0 0 0 0 0
141 18 0 0 0 0 0 0 0 0
142 18 0 0 0 0 0 0 0 0
143 18 0 0 0 0 0 0 0 0
144 18 0 0 0 0 0 0 0 0
145 18 0 0 0 0 0 0 0 0
146 18 0 0 0 0 0 0 0 0
147 18 0 0 0 0 0 0 0 0
148 18 0 0 0 0 0 0 0 0
153 144 1 1 18 0 0 0 0 0
fl=./string/../sysdeps/x86_64/multiarch/strlen.c
fn=strlen
29 3 1 1 1 0 0 0 0 0
fl=./string/../sysdeps/x86_64/multiarch/strncase.c
fn=strncasecmp
31 2 1 1 1 0 0 0 0 0
fl=./string/../sysdeps/x86_64/multiarch/strncase_l.c
fn=strncasecmp_l
31 2 2 2 1 0 0 0 0 0
fl=./string/../sysdeps/x86_64/multiarch/strncmp.c
fn=strncmp
41 4 1 1 2 0 0 0 0 0
42 3 0 0 1 0 0 0 0 0
44 2 0 0 0 0 0 0 0 0
49 3 0 0 0 0 0 0 0 0
52 3 0 0 0 0 0 0 0 0
66 2 2 2 1 0 0 0 0 0
fl=./string/../sysdeps/x86_64/multiarch/strncpy.c
fn=strncpy
29 3 1 1 1 0 0 0 0 0
fl=./string/../sysdeps/x86_64/multiarch/strnlen.c
fn=strnlen
31 6 2 2 2 0 0 0 0 0
fl=./string/../sysdeps/x86_64/multiarch/strpbrk.c
fn=strpbrk
29 2 1 1 1 0 0 0 0 0
fl=./string/../sysdeps/x86_64/multiarch/strrchr-avx2.S
fn=__strrchr_avx2
46 1 1 1 0 0 0 0 0 0
47 1 0 0 0 0 0 0 0 0
48 1 0 0 0 0 0 0 0 0
50 1 0 0 0 0 0 0 0 0
51 1 0 0 0 0 0 0 0 0
54 1 0 0 0 0 0 0 0 0
55 1 0 0 0 0 0 0 0 0
56 1 0 0 0 0 0 0 0 0
89 1 1 1 0 0 0 0 0 0
90 1 0 0 0 0 0 0 0 0
91 1 0 0 1 1 0 0 0 0
92 1 0 0 0 0 0 0 0 0
93 1 0 0 0 0 0 0 0 0
94 1 0 0 0 0 0 0 0 0
95 1 0 0 0 0 0 0 0 0
96 1 0 0 0 0 0 0 0 0
97 1 0 0 0 0 0 0 0 0
98 1 0 0 0 0 0 0 0 0
101 1 0 0 0 0 0 0 0 0
102 1 0 0 0 0 0 0 0 0
111 1 1 1 0 0 0 0 0 0
112 1 0 0 0 0 0 0 0 0
210 1 1 1 0 0 0 0 0 0
211 1 0 0 0 0 0 0 0 0
219 1 0 0 0 0 0 0 0 0
220 1 0 0 0 0 0 0 0 0
221 1 0 0 0 0 0 0 0 0
222 1 0 0 0 0 0 0 0 0
223 1 0 0 0 0 0 0 0 0
225 1 0 0 0 0 0 0 0 0
226 1 0 0 0 0 0 0 0 0
227 1 0 0 0 0 0 0 0 0
228 2 1 1 1 0 0 0 0 0
fl=./string/../sysdeps/x86_64/multiarch/strrchr.c
fn=rindex
28 3 1 1 1 0 0 0 0 0
fl=./string/../sysdeps/x86_64/multiarch/strspn.c
fn=strspn
29 2 1 1 1 0 0 0 0 0
fl=./string/../sysdeps/x86_64/strcmp.S
fn=strcmp
108 2488 2 2 0 0 0 0 0 0
141 2488 0 0 0 0 0 0 0 0
142 2488 0 0 0 0 0 0 0 0
144 2488 0 0 0 0 0 0 0 0
145 2488 0 0 0 0 0 0 0 0
166 2488 0 0 0 0 0 0 0 0
167 2488 0 0 0 0 0 0 0 0
168 2340 0 0 0 0 0 0 0 0
169 2340 0 0 0 0 0 0 0 0
170 2237 0 0 2237 67 25 0 0 0
171 2237 1 1 2237 11 7 0 0 0
172 2237 0 0 2237 0 0 0 0 0
173 2237 0 0 2237 0 0 0 0 0
194 2237 0 0 0 0 0 0 0 0
195 2237 0 0 0 0 0 0 0 0
196 2237 0 0 0 0 0 0 0 0
197 2237 0 0 0 0 0 0 0 0
198 2237 0 0 0 0 0 0 0 0
199 2237 0 0 0 0 0 0 0 0
200 2237 0 0 0 0 0 0 0 0
205 38 0 0 0 0 0 0 0 0
206 114 0 0 0 0 0 0 0 0
215 289 2 2 0 0 0 0 0 0
216 289 0 0 0 0 0 0 0 0
217 289 0 0 0 0 0 0 0 0
218 289 0 0 0 0 0 0 0 0
219 289 0 0 0 0 0 0 0 0
220 289 0 0 0 0 0 0 0 0
221 289 0 0 0 0 0 0 0 0
222 289 0 0 0 0 0 0 0 0
223 180 0 0 0 0 0 0 0 0
224 100 0 0 0 0 0 0 0 0
225 100 0 0 0 0 0 0 0 0
226 100 0 0 0 0 0 0 0 0
228 180 0 0 0 0 0 0 0 0
229 180 0 0 0 0 0 0 0 0
230 180 0 0 0 0 0 0 0 0
231 180 0 0 180 12 4 0 0 0
232 180 0 0 0 0 0 0 0 0
233 180 0 0 0 0 0 0 0 0
243 109 3 2 109 12 4 0 0 0
244 109 0 0 0 0 0 0 0 0
245 109 0 0 0 0 0 0 0 0
247 109 0 0 109 3 1 0 0 0
253 109 0 0 0 0 0 0 0 0
254 109 0 0 0 0 0 0 0 0
255 109 0 0 0 0 0 0 0 0
256 109 0 0 0 0 0 0 0 0
257 109 0 0 0 0 0 0 0 0
262 109 0 0 0 0 0 0 0 0
264 101 0 0 0 0 0 0 0 0
265 101 0 0 0 0 0 0 0 0
266 202 0 0 0 0 0 0 0 0
274 120 2 2 120 11 2 0 0 0
275 120 0 0 120 2 2 0 0 0
278 120 0 0 0 0 0 0 0 0
279 120 0 0 0 0 0 0 0 0
280 120 0 0 0 0 0 0 0 0
281 120 0 0 0 0 0 0 0 0
282 120 0 0 0 0 0 0 0 0
283 120 0 0 0 0 0 0 0 0
289 32 0 0 0 0 0 0 0 0
290 32 0 0 32 0 0 0 0 0
291 32 0 0 32 1 1 0 0 0
294 32 0 0 0 0 0 0 0 0
295 32 0 0 0 0 0 0 0 0
296 32 0 0 0 0 0 0 0 0
297 32 1 1 0 0 0 0 0 0
298 32 0 0 0 0 0 0 0 0
299 32 0 0 0 0 0 0 0 0
304 19 0 0 0 0 0 0 0 0
305 19 0 0 0 0 0 0 0 0
818 7 1 1 0 0 0 0 0 0
819 7 0 0 7 0 0 0 0 0
820 7 0 0 7 0 0 0 0 0
821 7 0 0 0 0 0 0 0 0
822 7 0 0 0 0 0 0 0 0
824 7 0 0 0 0 0 0 0 0
825 7 0 0 0 0 0 0 0 0
826 7 1 1 0 0 0 0 0 0
827 7 0 0 0 0 0 0 0 0
828 7 0 0 0 0 0 0 0 0
829 7 0 0 0 0 0 0 0 0
830 7 0 0 0 0 0 0 0 0
943 3 1 1 0 0 0 0 0 0
944 3 0 0 3 0 0 0 0 0
945 3 0 0 3 2 2 0 0 0
946 3 0 0 0 0 0 0 0 0
947 3 0 0 0 0 0 0 0 0
949 3 0 0 0 0 0 0 0 0
950 3 0 0 0 0 0 0 0 0
951 3 1 1 0 0 0 0 0 0
952 3 0 0 0 0 0 0 0 0
953 3 0 0 0 0 0 0 0 0
954 3 0 0 0 0 0 0 0 0
955 3 0 0 0 0 0 0 0 0
956 3 0 0 3 0 0 0 0 0
960 3 0 0 0 0 0 0 0 0
961 3 0 0 0 0 0 0 0 0
962 3 0 0 0 0 0 0 0 0
968 3 0 0 0 0 0 0 0 0
969 3 0 0 0 0 0 0 0 0
970 6 0 0 0 0 0 0 0 0
974 3 1 1 0 0 0 0 0 0
975 3 0 0 0 0 0 0 0 0
978 3 0 0 3 1 1 0 0 0
979 3 0 0 3 0 0 0 0 0
980 3 0 0 0 0 0 0 0 0
983 3 0 0 0 0 0 0 0 0
984 3 0 0 0 0 0 0 0 0
985 3 0 0 0 0 0 0 0 0
991 3 0 0 0 0 0 0 0 0
992 3 0 0 0 0 0 0 0 0
993 3 0 0 0 0 0 0 0 0
994 3 0 0 0 0 0 0 0 0
995 3 0 0 0 0 0 0 0 0
996 3 1 1 0 0 0 0 0 0
1068 13 2 1 0 0 0 0 0 0
1069 13 0 0 13 5 5 0 0 0
1070 13 0 0 13 1 0 0 0 0
1071 13 0 0 0 0 0 0 0 0
1072 13 0 0 0 0 0 0 0 0
1074 13 0 0 0 0 0 0 0 0
1075 13 0 0 0 0 0 0 0 0
1076 13 1 1 0 0 0 0 0 0
1077 13 0 0 0 0 0 0 0 0
1078 13 0 0 0 0 0 0 0 0
1079 13 0 0 0 0 0 0 0 0
1080 13 0 0 0 0 0 0 0 0
1081 6 0 0 6 0 0 0 0 0
1085 6 0 0 0 0 0 0 0 0
1086 6 0 0 0 0 0 0 0 0
1087 6 0 0 0 0 0 0 0 0
1093 6 0 0 0 0 0 0 0 0
1094 6 0 0 0 0 0 0 0 0
1095 12 0 0 0 0 0 0 0 0
1099 6 1 1 0 0 0 0 0 0
1100 6 0 0 0 0 0 0 0 0
1103 6 0 0 6 1 0 0 0 0
1104 6 0 0 6 1 1 0 0 0
1105 6 0 0 0 0 0 0 0 0
1108 6 0 0 0 0 0 0 0 0
1109 6 0 0 0 0 0 0 0 0
1110 6 0 0 0 0 0 0 0 0
1116 6 0 0 0 0 0 0 0 0
1117 6 0 0 0 0 0 0 0 0
1118 6 0 0 0 0 0 0 0 0
1119 6 0 0 0 0 0 0 0 0
1120 6 0 0 0 0 0 0 0 0
1121 6 1 1 0 0 0 0 0 0
1128 1 0 0 0 0 0 0 0 0
1129 1 0 0 0 0 0 0 0 0
1131 1 0 0 0 0 0 0 0 0
1132 1 0 0 0 0 0 0 0 0
1134 1 0 0 1 0 0 0 0 0
1135 1 0 0 1 0 0 0 0 0
1136 1 0 0 0 0 0 0 0 0
1139 1 0 0 0 0 0 0 0 0
1140 1 0 0 0 0 0 0 0 0
1141 1 0 0 0 0 0 0 0 0
1147 1 0 0 0 0 0 0 0 0
1148 1 0 0 0 0 0 0 0 0
1149 1 0 0 0 0 0 0 0 0
1150 1 0 0 0 0 0 0 0 0
1151 1 1 1 0 0 0 0 0 0
1152 1 0 0 0 0 0 0 0 0
1193 4 2 1 0 0 0 0 0 0
1194 4 0 0 4 0 0 0 0 0
1195 4 0 0 4 1 1 0 0 0
1196 4 0 0 0 0 0 0 0 0
1197 4 0 0 0 0 0 0 0 0
1199 4 0 0 0 0 0 0 0 0
1200 4 0 0 0 0 0 0 0 0
1201 4 2 2 0 0 0 0 0 0
1202 4 0 0 0 0 0 0 0 0
1203 4 0 0 0 0 0 0 0 0
1204 4 0 0 0 0 0 0 0 0
1205 4 0 0 0 0 0 0 0 0
1206 1 0 0 1 0 0 0 0 0
1210 1 0 0 0 0 0 0 0 0
1211 1 0 0 0 0 0 0 0 0
1212 1 0 0 0 0 0 0 0 0
1218 1 0 0 0 0 0 0 0 0
1219 1 0 0 0 0 0 0 0 0
1220 2 0 0 0 0 0 0 0 0
1224 1 1 1 0 0 0 0 0 0
1225 1 0 0 0 0 0 0 0 0
1228 1 0 0 1 1 1 0 0 0
1229 1 0 0 1 0 0 0 0 0
1230 1 0 0 0 0 0 0 0 0
1233 1 0 0 0 0 0 0 0 0
1234 1 0 0 0 0 0 0 0 0
1235 1 0 0 0 0 0 0 0 0
1241 1 0 0 0 0 0 0 0 0
1242 1 0 0 0 0 0 0 0 0
1243 1 0 0 0 0 0 0 0 0
1244 1 0 0 0 0 0 0 0 0
1245 1 0 0 0 0 0 0 0 0
1246 1 1 1 0 0 0 0 0 0
1318 42 1 1 0 0 0 0 0 0
1319 42 0 0 42 1 1 0 0 0
1320 42 0 0 42 2 1 0 0 0
1321 42 0 0 0 0 0 0 0 0
1322 42 0 0 0 0 0 0 0 0
1324 42 0 0 0 0 0 0 0 0
1325 42 0 0 0 0 0 0 0 0
1326 42 1 1 0 0 0 0 0 0
1327 42 0 0 0 0 0 0 0 0
1328 42 0 0 0 0 0 0 0 0
1329 42 0 0 0 0 0 0 0 0
1330 42 0 0 0 0 0 0 0 0
1331 9 0 0 9 0 0 0 0 0
1335 9 0 0 0 0 0 0 0 0
1336 9 0 0 0 0 0 0 0 0
1337 9 0 0 0 0 0 0 0 0
1343 9 0 0 0 0 0 0 0 0
1344 9 0 0 0 0 0 0 0 0
1345 18 0 0 0 0 0 0 0 0
1349 9 1 1 0 0 0 0 0 0
1350 9 0 0 0 0 0 0 0 0
1353 8 0 0 8 1 1 0 0 0
1354 8 0 0 8 0 0 0 0 0
1355 8 0 0 0 0 0 0 0 0
1358 8 0 0 0 0 0 0 0 0
1359 8 0 0 0 0 0 0 0 0
1360 8 0 0 0 0 0 0 0 0
1366 8 0 0 0 0 0 0 0 0
1367 8 0 0 0 0 0 0 0 0
1368 8 0 0 0 0 0 0 0 0
1369 8 0 0 0 0 0 0 0 0
1370 8 0 0 0 0 0 0 0 0
1371 8 1 1 0 0 0 0 0 0
1415 1 1 1 0 0 0 0 0 0
1416 1 0 0 0 0 0 0 0 0
1417 1 0 0 0 0 0 0 0 0
1418 1 0 0 0 0 0 0 0 0
1431 1 0 0 1 0 0 0 0 0
1432 1 0 0 0 0 0 0 0 0
1433 1 0 0 0 0 0 0 0 0
1434 1 0 0 0 0 0 0 0 0
1443 4 1 1 0 0 0 0 0 0
1444 4 0 0 4 0 0 0 0 0
1445 4 0 0 4 0 0 0 0 0
1446 4 0 0 0 0 0 0 0 0
1447 4 0 0 0 0 0 0 0 0
1449 4 0 0 0 0 0 0 0 0
1450 4 0 0 0 0 0 0 0 0
1451 4 1 1 0 0 0 0 0 0
1452 4 0 0 0 0 0 0 0 0
1453 4 0 0 0 0 0 0 0 0
1454 4 0 0 0 0 0 0 0 0
1455 4 0 0 0 0 0 0 0 0
1456 2 0 0 2 0 0 0 0 0
1460 2 0 0 0 0 0 0 0 0
1461 2 0 0 0 0 0 0 0 0
1462 2 0 0 0 0 0 0 0 0
1468 2 0 0 0 0 0 0 0 0
1469 2 0 0 0 0 0 0 0 0
1470 4 0 0 0 0 0 0 0 0
1474 2 1 1 0 0 0 0 0 0
1475 2 0 0 0 0 0 0 0 0
1478 2 0 0 2 1 1 0 0 0
1479 2 0 0 2 0 0 0 0 0
1480 2 0 0 0 0 0 0 0 0
1483 2 0 0 0 0 0 0 0 0
1484 2 0 0 0 0 0 0 0 0
1485 2 0 0 0 0 0 0 0 0
1491 2 0 0 0 0 0 0 0 0
1492 2 0 0 0 0 0 0 0 0
1493 2 0 0 0 0 0 0 0 0
1494 2 0 0 0 0 0 0 0 0
1495 2 0 0 0 0 0 0 0 0
1496 2 1 1 0 0 0 0 0 0
1568 12 1 1 0 0 0 0 0 0
1569 12 0 0 12 1 0 0 0 0
1570 12 0 0 12 2 1 0 0 0
1571 12 0 0 0 0 0 0 0 0
1572 12 0 0 0 0 0 0 0 0
1574 12 0 0 0 0 0 0 0 0
1575 12 0 0 0 0 0 0 0 0
1576 12 2 1 0 0 0 0 0 0
1577 12 0 0 0 0 0 0 0 0
1578 12 0 0 0 0 0 0 0 0
1579 12 0 0 0 0 0 0 0 0
1580 12 0 0 0 0 0 0 0 0
1581 4 0 0 4 0 0 0 0 0
1585 4 0 0 0 0 0 0 0 0
1586 4 0 0 0 0 0 0 0 0
1587 4 0 0 0 0 0 0 0 0
1593 4 0 0 0 0 0 0 0 0
1594 4 0 0 0 0 0 0 0 0
1595 8 0 0 0 0 0 0 0 0
1599 4 1 1 0 0 0 0 0 0
1600 4 0 0 0 0 0 0 0 0
1603 4 0 0 4 2 1 0 0 0
1604 4 0 0 4 0 0 0 0 0
1605 4 0 0 0 0 0 0 0 0
1608 4 0 0 0 0 0 0 0 0
1609 4 0 0 0 0 0 0 0 0
1610 4 0 0 0 0 0 0 0 0
1616 4 0 0 0 0 0 0 0 0
1617 4 0 0 0 0 0 0 0 0
1618 4 0 0 0 0 0 0 0 0
1619 4 0 0 0 0 0 0 0 0
1620 4 0 0 0 0 0 0 0 0
1621 4 1 1 0 0 0 0 0 0
1693 11 1 1 0 0 0 0 0 0
1694 11 0 0 11 2 2 0 0 0
1695 11 0 0 11 3 2 0 0 0
1696 11 0 0 0 0 0 0 0 0
1697 11 0 0 0 0 0 0 0 0
1699 11 0 0 0 0 0 0 0 0
1700 11 0 0 0 0 0 0 0 0
1701 11 1 1 0 0 0 0 0 0
1702 11 0 0 0 0 0 0 0 0
1703 11 0 0 0 0 0 0 0 0
1704 11 0 0 0 0 0 0 0 0
1705 11 0 0 0 0 0 0 0 0
1706 4 0 0 4 0 0 0 0 0
1710 4 0 0 0 0 0 0 0 0
1711 4 0 0 0 0 0 0 0 0
1712 4 0 0 0 0 0 0 0 0
1718 4 0 0 0 0 0 0 0 0
1719 4 0 0 0 0 0 0 0 0
1720 8 0 0 0 0 0 0 0 0
1724 4 1 1 0 0 0 0 0 0
1725 4 0 0 0 0 0 0 0 0
1728 4 0 0 4 2 2 0 0 0
1729 4 0 0 4 1 1 0 0 0
1730 4 0 0 0 0 0 0 0 0
1733 4 0 0 0 0 0 0 0 0
1734 4 0 0 0 0 0 0 0 0
1735 4 0 0 0 0 0 0 0 0
1741 4 0 0 0 0 0 0 0 0
1742 4 0 0 0 0 0 0 0 0
1743 4 0 0 0 0 0 0 0 0
1744 4 0 0 0 0 0 0 0 0
1745 4 0 0 0 0 0 0 0 0
1746 4 2 1 0 0 0 0 0 0
1818 24 1 1 0 0 0 0 0 0
1819 24 0 0 24 1 0 0 0 0
1820 24 0 0 24 2 1 0 0 0
1821 24 0 0 0 0 0 0 0 0
1822 24 0 0 0 0 0 0 0 0
1824 24 0 0 0 0 0 0 0 0
1825 24 0 0 0 0 0 0 0 0
1826 24 1 1 0 0 0 0 0 0
1827 24 0 0 0 0 0 0 0 0
1828 24 0 0 0 0 0 0 0 0
1829 24 0 0 0 0 0 0 0 0
1830 24 0 0 0 0 0 0 0 0
1831 6 0 0 6 0 0 0 0 0
1835 6 0 0 0 0 0 0 0 0
1836 6 0 0 0 0 0 0 0 0
1837 6 0 0 0 0 0 0 0 0
1843 6 0 0 0 0 0 0 0 0
1844 6 0 0 0 0 0 0 0 0
1845 12 0 0 0 0 0 0 0 0
1849 6 1 1 0 0 0 0 0 0
1850 6 0 0 0 0 0 0 0 0
1853 6 0 0 6 2 1 0 0 0
1854 6 0 0 6 0 0 0 0 0
1855 6 0 0 0 0 0 0 0 0
1858 6 0 0 0 0 0 0 0 0
1859 6 0 0 0 0 0 0 0 0
1860 6 0 0 0 0 0 0 0 0
1866 6 0 0 0 0 0 0 0 0
1867 6 0 0 0 0 0 0 0 0
1868 6 0 0 0 0 0 0 0 0
1869 6 0 0 0 0 0 0 0 0
1870 6 0 0 0 0 0 0 0 0
1871 6 1 1 0 0 0 0 0 0
1878 2 0 0 0 0 0 0 0 0
1879 2 0 0 0 0 0 0 0 0
1881 2 0 0 0 0 0 0 0 0
1882 2 0 0 0 0 0 0 0 0
1884 2 0 0 2 0 0 0 0 0
1885 2 0 0 2 0 0 0 0 0
1886 2 0 0 0 0 0 0 0 0
1889 2 0 0 0 0 0 0 0 0
1890 2 0 0 0 0 0 0 0 0
1891 2 0 0 0 0 0 0 0 0
1897 2 0 0 0 0 0 0 0 0
1898 2 0 0 0 0 0 0 0 0
1899 2 0 0 0 0 0 0 0 0
1900 2 0 0 0 0 0 0 0 0
1901 2 1 1 0 0 0 0 0 0
1902 2 0 0 0 0 0 0 0 0
1943 4 1 1 0 0 0 0 0 0
1944 4 0 0 4 0 0 0 0 0
1945 4 0 0 4 1 1 0 0 0
1946 4 0 0 0 0 0 0 0 0
1947 4 0 0 0 0 0 0 0 0
1949 4 0 0 0 0 0 0 0 0
1950 4 0 0 0 0 0 0 0 0
1951 4 2 1 0 0 0 0 0 0
1952 4 0 0 0 0 0 0 0 0
1953 4 0 0 0 0 0 0 0 0
1954 4 0 0 0 0 0 0 0 0
1955 4 0 0 0 0 0 0 0 0
1956 2 0 0 2 0 0 0 0 0
1960 2 0 0 0 0 0 0 0 0
1961 2 0 0 0 0 0 0 0 0
1962 2 0 0 0 0 0 0 0 0
1968 2 0 0 0 0 0 0 0 0
1969 2 0 0 0 0 0 0 0 0
1970 4 0 0 0 0 0 0 0 0
1974 2 1 1 0 0 0 0 0 0
1975 2 0 0 0 0 0 0 0 0
1978 2 0 0 2 1 1 0 0 0
1979 2 0 0 2 0 0 0 0 0
1980 2 0 0 0 0 0 0 0 0
1983 2 0 0 0 0 0 0 0 0
1984 2 0 0 0 0 0 0 0 0
1985 2 0 0 0 0 0 0 0 0
1991 2 0 0 0 0 0 0 0 0
1992 2 0 0 0 0 0 0 0 0
1993 2 0 0 0 0 0 0 0 0
1994 2 0 0 0 0 0 0 0 0
1995 2 0 0 0 0 0 0 0 0
1996 2 1 1 0 0 0 0 0 0
2068 56 1 1 0 0 0 0 0 0
2069 56 0 0 56 1 1 0 0 0
2070 56 0 0 56 9 6 0 0 0
2071 56 0 0 0 0 0 0 0 0
2072 56 0 0 0 0 0 0 0 0
2074 56 0 0 0 0 0 0 0 0
2075 56 0 0 0 0 0 0 0 0
2076 56 1 1 0 0 0 0 0 0
2077 56 0 0 0 0 0 0 0 0
2078 56 0 0 0 0 0 0 0 0
2079 56 0 0 0 0 0 0 0 0
2080 56 0 0 0 0 0 0 0 0
2082 17 0 0 17 0 0 0 0 0
2086 17 0 0 0 0 0 0 0 0
2087 17 0 0 0 0 0 0 0 0
2088 17 0 0 0 0 0 0 0 0
2094 17 0 0 0 0 0 0 0 0
2095 17 0 0 0 0 0 0 0 0
2097 34 0 0 0 0 0 0 0 0
2101 17 1 1 0 0 0 0 0 0
2102 17 0 0 0 0 0 0 0 0
2105 17 0 0 17 8 6 0 0 0
2106 17 0 0 17 2 2 0 0 0
2107 17 0 0 0 0 0 0 0 0
2110 17 0 0 0 0 0 0 0 0
2111 17 0 0 0 0 0 0 0 0
2112 17 0 0 0 0 0 0 0 0
2118 17 0 0 0 0 0 0 0 0
2119 17 0 0 0 0 0 0 0 0
2120 17 0 0 0 0 0 0 0 0
2121 17 0 0 0 0 0 0 0 0
2122 17 0 0 0 0 0 0 0 0
2123 17 1 1 0 0 0 0 0 0
2190 1 0 0 0 0 0 0 0 0
2191 1 0 0 0 0 0 0 0 0
2192 1 0 0 0 0 0 0 0 0
2193 2 0 0 0 0 0 0 0 0
2197 155 1 1 0 0 0 0 0 0
2199 289 1 1 0 0 0 0 0 0
2200 289 0 0 0 0 0 0 0 0
2201 289 0 0 0 0 0 0 0 0
2202 289 0 0 0 0 0 0 0 0
2203 200 0 0 0 0 0 0 0 0
2208 2488 2 2 0 0 0 0 0 0
2214 2488 0 0 2488 0 0 0 0 0
2215 2488 0 0 2488 0 0 0 0 0
2223 2488 0 0 0 0 0 0 0 0
2224 2488 0 0 2488 0 0 0 0 0
fl=./string/../sysdeps/x86_64/strcspn.S
fn=strcspn
25 1 1 1 0 0 0 0 0 0
27 1 0 0 0 0 0 0 0 0
34 1 0 0 0 0 0 0 0 0
35 1 1 1 0 0 0 0 0 0
37 1 0 0 0 0 0 0 0 0
38 1 0 0 0 0 0 0 0 0
39 1 0 0 0 0 0 0 0 0
40 1 0 0 0 0 0 0 0 0
41 33 0 0 0 0 0 32 4 4
44 3 0 0 0 0 0 0 0 0
51 1 0 0 1 1 1 0 0 0
52 1 0 0 0 0 0 0 0 0
53 1 0 0 0 0 0 0 0 0
54 1 0 0 0 0 0 1 0 0
56 1 0 0 1 0 0 0 0 0
57 1 0 0 0 0 0 0 0 0
58 1 0 0 0 0 0 0 0 0
59 1 0 0 0 0 0 1 0 0
61 1 0 0 1 0 0 0 0 0
62 1 0 0 0 0 0 0 0 0
63 1 0 0 0 0 0 0 0 0
72 3 1 1 0 0 0 0 0 0
84 13 0 0 0 0 0 0 0 0
86 13 0 0 13 0 0 0 0 0
87 13 0 0 13 0 0 0 0 0
88 13 0 0 0 0 0 0 0 0
90 13 0 0 13 0 0 0 0 0
91 13 0 0 13 0 0 0 0 0
92 13 0 0 0 0 0 0 0 0
94 13 0 0 13 1 1 0 0 0
95 13 0 0 13 0 0 0 0 0
96 13 0 0 0 0 0 0 0 0
98 13 0 0 13 0 0 0 0 0
99 13 0 0 13 0 0 0 0 0
100 13 0 0 0 0 0 0 0 0
102 1 0 0 0 0 0 0 0 0
103 1 0 0 0 0 0 0 0 0
104 1 0 0 0 0 0 0 0 0
106 1 0 0 0 0 0 0 0 0
113 1 0 0 0 0 0 0 0 0
117 1 0 0 1 0 0 0 0 0
fl=./string/./string/strdup.c
fn=strdup
40 35 1 1 0 0 0 14 0 0
41 14 0 0 0 0 0 7 0 0
44 14 0 0 0 0 0 0 0 0
47 28 0 0 0 0 0 0 0 0
48 21 0 0 14 0 0 0 0 0
fl=./sunrpc/./sunrpc/rpc_thread.c
fn=__rpc_thread_destroy
21 16 1 1 0 0 0 8 0 0
22 8 0 0 8 5 5 0 0 0
24 8 0 0 0 0 0 0 0 0
39 16 2 1 12 0 0 0 0 0
fl=./time/../sysdeps/unix/sysv/linux/clock_gettime.c
fn=clock_gettime@@GLIBC_2.17
30 12002 1 1 0 0 0 0 0 0
38 24004 0 0 24004 12021 9 0 0 0
40 24004 0 0 0 0 0 0 0 0
44 12002 0 0 0 0 0 0 0 0
68 24004 1 1 0 0 0 0 0 0
69 24004 0 0 0 0 0 0 0 0
86 12002 0 0 12002 0 0 0 0 0
fl=./wcsmbs/../sysdeps/x86_64/multiarch/ifunc-avx2.h
fn=wcschr
32 4 0 0 0 0 0 0 0 0
33 10 1 1 4 0 0 0 0 0
34 6 0 0 2 0 0 0 0 0
36 4 0 0 0 0 0 0 0 0
37 4 0 0 0 0 0 0 0 0
40 6 0 0 0 0 0 0 0 0
43 8 0 0 0 0 0 0 0 0
fn=wcscmp
32 2 0 0 0 0 0 0 0 0
33 5 1 1 2 0 0 0 0 0
34 3 0 0 1 0 0 0 0 0
36 2 0 0 0 0 0 0 0 0
37 2 0 0 0 0 0 0 0 0
40 3 0 0 0 0 0 0 0 0
43 4 0 0 0 0 0 0 0 0
fl=./wcsmbs/../sysdeps/x86_64/multiarch/ifunc-evex.h
fn=wmemchr
34 4 0 0 0 0 0 0 0 0
35 10 1 1 4 0 0 0 0 0
36 6 0 0 2 0 0 0 0 0
38 4 0 0 0 0 0 0 0 0
39 4 1 1 0 0 0 0 0 0
41 4 0 0 0 0 0 0 0 0
47 6 0 0 0 0 0 0 0 0
50 8 0 0 0 0 0 0 0 0
fl=./wcsmbs/../sysdeps/x86_64/multiarch/ifunc-memcmp.h
fn=wmemcmp
34 4 0 0 2 0 0 0 0 0
35 3 0 0 1 0 0 0 0 0
36 2 1 1 0 0 0 0 0 0
37 3 0 0 1 0 0 0 0 0
39 2 0 0 0 0 0 0 0 0
40 2 0 0 0 0 0 0 0 0
43 3 0 0 0 0 0 0 0 0
46 3 0 0 0 0 0 0 0 0
fl=./wcsmbs/../sysdeps/x86_64/multiarch/ifunc-wcslen.h
fn=wcslen
33 2 0 0 0 0 0 0 0 0
34 4 0 0 2 0 0 0 0 0
35 3 1 1 1 0 0 0 0 0
37 2 0 0 0 0 0 0 0 0
38 2 0 0 0 0 0 0 0 0
41 3 0 0 0 0 0 0 0 0
44 3 0 0 0 0 0 0 0 0
fn=wcsnlen
33 2 0 0 0 0 0 0 0 0
34 4 0 0 2 0 0 0 0 0
35 3 1 1 1 0 0 0 0 0
37 2 0 0 0 0 0 0 0 0
38 2 0 0 0 0 0 0 0 0
41 3 0 0 0 0 0 0 0 0
44 3 0 0 0 0 0 0 0 0
fl=./wcsmbs/../sysdeps/x86_64/multiarch/ifunc-wmemset.h
fn=wmemset
33 10 0 0 4 0 0 0 0 0
34 6 0 0 2 0 0 0 0 0
36 4 0 0 0 0 0 0 0 0
44 6 0 0 0 0 0 0 0 0
47 8 1 1 0 0 0 0 0 0
fl=./wcsmbs/../sysdeps/x86_64/multiarch/wcschr.c
fn=wcschr
31 6 2 2 2 0 0 0 0 0
fl=./wcsmbs/../sysdeps/x86_64/multiarch/wcscmp.c
fn=wcscmp
30 3 1 1 1 0 0 0 0 0
fl=./wcsmbs/../sysdeps/x86_64/multiarch/wcscpy.c
fn=wcscpy
37 5 1 1 2 0 0 0 0 0
43 2 0 0 1 0 0 0 0 0
fl=./wcsmbs/../sysdeps/x86_64/multiarch/wcslen.c
fn=wcslen
29 3 1 1 1 0 0 0 0 0
fl=./wcsmbs/../sysdeps/x86_64/multiarch/wcsnlen.c
fn=wcsnlen
29 3 2 2 1 0 0 0 0 0
fl=./wcsmbs/../sysdeps/x86_64/multiarch/wmemchr.c
fn=wmemchr
31 4 1 1 2 0 0 0 0 0
fl=./wcsmbs/../sysdeps/x86_64/multiarch/wmemcmp.c
fn=wmemcmp
29 3 2 2 1 0 0 0 0 0
fl=./wcsmbs/../sysdeps/x86_64/multiarch/wmemset.c
fn=wmemset
31 4 1 1 2 0 0 0 0 0
fl=/mnt/c/Users/giaco/Documents/Computer Architecture/progetto/Least-squares-algorithm-optimization-with-cpu-and-gpu-main/src/file definitivi/least-squares-opt1-divided.cpp
fn=back_substitution(double**, double*, double*, int)
126 4 1 1 0 0 0 0 0 0
127 6012 0 0 3 1 1 0 0 0
128 1500 1 1 0 0 0 1500 188 188
129 3375752 0 0 0 0 0 0 0 0
130 4502996 0 0 2249999 141987 101316 1124250 0 0
132 7500 1 1 1500 188 85 0 0 0
133 6000 0 0 1500 187 84 1500 0 0
138 1 0 0 1 1 0 0 0 0
fn=compute_householder_vector(double**, double*, int, int)
21 19500 1 1 0 0 0 9000 1 1
22 10500 1 1 0 0 0 0 0 0
23 5631750 0 0 0 0 0 0 0 0
24 7503000 0 0 3751500 1972401 659083 0 0 0
26 4500 0 0 0 0 0 0 0 0
28 16500 1 1 3000 0 0 4500 1751 675
30 8264 0 0 3764 1774 1 0 0 0
31 4500 1 1 0 0 0 1500 0 0
33 5630250 0 0 0 0 0 0 0 0
34 5622750 0 0 3748500 1919470 0 1874250 38029 0
37 9000 0 0 0 0 0 0 0 0
38 1894500 2 2 0 0 0 0 0 0
39 5628000 0 0 938250 36840 0 0 0 0
41 4500 0 0 0 0 0 0 0 0
43 21000 1 1 1500 382 0 0 0 0
44 1883250 0 0 0 0 0 0 0 0
45 3753000 1 1 938250 0 0 938250 0 0
48 12000 1 1 10500 848 0 0 0 0
fn=least_squares_parallel(double**, double*, double*, int, int, int)
140 19 2 2 1 0 0 11 0 0
142 7 0 0 0 0 0 3 0 0
143 6 1 1 1 0 0 3 0 0
144 3 0 0 0 0 0 2 0 0
145 6002 0 0 2000 0 0 0 0 0
146 10009 1 1 4000 0 0 4001 336 250
147 7526009 2 2 1508000 375928 375834 1500002 373454 373454
148 6000 1 1 4000 332 210 2000 317 250
151 16 2 2 2 0 0 1 0 0
152 16 1 1 1 0 0 1 0 0
155 7 0 0 1 0 0 2 0 0
157 43 2 2 13 0 0 3 0 0
158 8 0 0 4 0 0 4 0 0
160 4 0 0 0 0 0 4 0 0
161 24 1 1 8 0 0 4 0 0
165 4 0 0 0 0 0 4 0 0
166 20 0 0 0 0 0 4 0 0
169 12 0 0 0 0 0 0 0 0
170 12 1 1 4 0 0 4 0 0
173 5 0 0 3 1 1 1 0 0
175 2 0 0 1 1 1 1 0 0
176 10008 1 1 2003 250 98 2000 0 0
177 6 1 1 3 1 0 3 0 0
178 11 0 0 9 2 2 0 0 0
fn=main
180 9 1 1 0 0 0 6 0 0
181 3 1 1 0 0 0 0 0 0
187 3 1 1 0 0 0 1 0 0
190 7 0 0 0 0 0 3 0 0
191 6011 1 1 0 0 0 2 0 0
192 6000 0 0 0 0 0 4000 250 250
193 48012000 1 1 2000 0 0 6000000 373472 373472
195 5 1 1 3 1 1 1 0 0
196 32003 1 1 0 0 0 4000 249 249
197 6 0 0 1 0 0 1 0 0
200 1 0 0 0 0 0 1 0 0
202 7 1 1 4 0 0 1 0 0
204 1 0 0 0 0 0 1 0 0
211 10001 0 0 2000 250 250 2000 0 0
212 6 0 0 1 0 0 3 0 0
213 1 0 0 0 0 0 0 0 0
214 8 1 1 7 2 2 0 0 0
fn=qr_worker(void*)
51 32 1 1 0 0 0 24 4 4
55 8 0 0 0 0 0 4 0 0
57 60024 1 1 12004 1194 227 6000 0 0
60 12000 0 0 0 0 0 0 0 0
61 7500 1 1 3000 0 0 1500 0 0
65 12000 0 0 6000 256 1 6000 0 0
70 12000 0 0 0 0 0 6000 0 0
73 24000 1 1 6000 3886 492 0 0 0
74 12000 0 0 0 0 0 0 0 0
75 23984 0 0 5996 696 48 0 0 0
76 23988 0 0 6000 0 0 0 0 0
77 17988 0 0 0 0 0 0 0 0
80 3396716 1 1 0 0 0 0 0 0
81 2248500 0 0 0 0 0 0 0 0
82 5065906422 2 2 5987 0 0 0 0 0
83 6751870750 0 0 5063622000 1769712254 145478149 0 0 0
85 5061373500 0 0 0 0 0 0 0 0
86 13496996000 0 0 5061373500 1760496358 2286 1687124500 0 0
92 16500 1 1 0 0 0 0 0 0
93 12000 1 1 0 0 0 0 0 0
94 1903500 1 1 3000 1586 1 0 0 0
95 6580500 0 0 1879500 271938 124141 0 0 0
97 2822250 0 0 1500 272 0 0 0 0
98 5631000 1 1 1876500 2176 0 938250 0 0
103 12000 0 0 6000 1930 2 6000 3861 39
108 6000 0 0 0 0 0 6000 0 0
111 18000 0 0 6000 2571 312 0 0 0
113 3000 0 0 1500 0 0 1500 0 0
118 12 1 1 4 0 0 0 0 0
120 3 0 0 1 0 0 1 0 0
124 36 0 0 28 4 4 0 0 0
fl=/usr/include/c++/11/chrono
fn=qr_worker(void*)
227 4500 0 0 1500 1377 681 0 0 0
666 1500 0 0 0 0 0 0 0 0
fl=/usr/include/stdlib.h
fn=main
364 18 1 1 3 0 0 7 0 0
fl=/usr/include/x86_64-linux-gnu/bits/stdio2.h
fn=qr_worker(void*)
112 5 1 1 1 0 0 1 0 0
fl=???
fn=(below main)
0 12 1 1 2 1 0 3 0 0
fn=???
0 6095915 115 114 3047805 12899 739 178 15 7
fn=__cpu_indicator_init
0 367 34 34 47 4 2 13 0 0
fn=std::chrono::_V2::steady_clock::now()
0 180030 2 2 72012 10944 2615 24004 0 0
fn=std::error_category::error_category()
0 10 1 1 4 1 0 2 0 0
fn=std::error_category::~error_category()
0 4 0 0 2 0 0 0 0 0
fn=std::future_category()
0 3 1 1 1 0 0 0 0 0
summary: 30709000539 2008 1991 10197283887 3535036067 146762386 1742089677 1031944 787987
